[
    {
        "pk": 1,
        "model": "south.migrationhistory",
        "fields": {
            "applied": "2011-06-27 07:55:17",
            "app_name": "cms",
            "migration": "0001_initial"
        }
    },
    {
        "pk": 2,
        "model": "south.migrationhistory",
        "fields": {
            "applied": "2011-06-27 07:55:17",
            "app_name": "picture",
            "migration": "0001_initial"
        }
    },
    {
        "pk": 3,
        "model": "south.migrationhistory",
        "fields": {
            "applied": "2011-06-27 07:55:17",
            "app_name": "picture",
            "migration": "0002_link_rename"
        }
    },
    {
        "pk": 4,
        "model": "south.migrationhistory",
        "fields": {
            "applied": "2011-06-27 07:55:17",
            "app_name": "picture",
            "migration": "0003_freeze"
        }
    },
    {
        "pk": 5,
        "model": "south.migrationhistory",
        "fields": {
            "applied": "2011-06-27 07:55:17",
            "app_name": "cms",
            "migration": "0002_auto_start"
        }
    },
    {
        "pk": 6,
        "model": "south.migrationhistory",
        "fields": {
            "applied": "2011-06-27 07:55:17",
            "app_name": "cms",
            "migration": "0003_remove_placeholder"
        }
    },
    {
        "pk": 7,
        "model": "south.migrationhistory",
        "fields": {
            "applied": "2011-06-27 07:55:17",
            "app_name": "cms",
            "migration": "0004_textobjects"
        }
    },
    {
        "pk": 8,
        "model": "south.migrationhistory",
        "fields": {
            "applied": "2011-06-27 07:55:17",
            "app_name": "cms",
            "migration": "0005_mptt_added_to_plugins"
        }
    },
    {
        "pk": 9,
        "model": "south.migrationhistory",
        "fields": {
            "applied": "2011-06-27 07:55:17",
            "app_name": "cms",
            "migration": "0006_apphook"
        }
    },
    {
        "pk": 10,
        "model": "south.migrationhistory",
        "fields": {
            "applied": "2011-06-27 07:55:17",
            "app_name": "cms",
            "migration": "0007_apphook_longer"
        }
    },
    {
        "pk": 11,
        "model": "south.migrationhistory",
        "fields": {
            "applied": "2011-06-27 07:55:17",
            "app_name": "cms",
            "migration": "0008_redirects"
        }
    },
    {
        "pk": 12,
        "model": "south.migrationhistory",
        "fields": {
            "applied": "2011-06-27 07:55:17",
            "app_name": "cms",
            "migration": "0009_added_meta_fields"
        }
    },
    {
        "pk": 13,
        "model": "south.migrationhistory",
        "fields": {
            "applied": "2011-06-27 07:55:17",
            "app_name": "cms",
            "migration": "0010_5char_language"
        }
    },
    {
        "pk": 14,
        "model": "south.migrationhistory",
        "fields": {
            "applied": "2011-06-27 07:55:17",
            "app_name": "cms",
            "migration": "0011_title_overwrites"
        }
    },
    {
        "pk": 15,
        "model": "south.migrationhistory",
        "fields": {
            "applied": "2011-06-27 07:55:17",
            "app_name": "cms",
            "migration": "0012_publisher"
        }
    },
    {
        "pk": 16,
        "model": "south.migrationhistory",
        "fields": {
            "applied": "2011-06-27 07:55:17",
            "app_name": "picture",
            "migration": "0004_publisher"
        }
    },
    {
        "pk": 17,
        "model": "south.migrationhistory",
        "fields": {
            "applied": "2011-06-27 07:55:17",
            "app_name": "picture",
            "migration": "0005_table_rename"
        }
    },
    {
        "pk": 18,
        "model": "south.migrationhistory",
        "fields": {
            "applied": "2011-06-27 07:55:17",
            "app_name": "text",
            "migration": "0001_initial"
        }
    },
    {
        "pk": 19,
        "model": "south.migrationhistory",
        "fields": {
            "applied": "2011-06-27 07:55:17",
            "app_name": "text",
            "migration": "0002_freeze"
        }
    },
    {
        "pk": 20,
        "model": "south.migrationhistory",
        "fields": {
            "applied": "2011-06-27 07:55:17",
            "app_name": "text",
            "migration": "0003_publisher"
        }
    },
    {
        "pk": 21,
        "model": "south.migrationhistory",
        "fields": {
            "applied": "2011-06-27 07:55:17",
            "app_name": "snippet",
            "migration": "0001_initial"
        }
    },
    {
        "pk": 22,
        "model": "south.migrationhistory",
        "fields": {
            "applied": "2011-06-27 07:55:17",
            "app_name": "snippet",
            "migration": "0002_publisher"
        }
    },
    {
        "pk": 23,
        "model": "south.migrationhistory",
        "fields": {
            "applied": "2011-06-27 07:55:17",
            "app_name": "cms",
            "migration": "0013_site_copy"
        }
    },
    {
        "pk": 24,
        "model": "south.migrationhistory",
        "fields": {
            "applied": "2011-06-27 07:55:17",
            "app_name": "cms",
            "migration": "0014_sites_removed"
        }
    },
    {
        "pk": 25,
        "model": "south.migrationhistory",
        "fields": {
            "applied": "2011-06-27 07:55:17",
            "app_name": "cms",
            "migration": "0015_modified_by_added"
        }
    },
    {
        "pk": 26,
        "model": "south.migrationhistory",
        "fields": {
            "applied": "2011-06-27 07:55:17",
            "app_name": "cms",
            "migration": "0016_author_copy"
        }
    },
    {
        "pk": 27,
        "model": "south.migrationhistory",
        "fields": {
            "applied": "2011-06-27 07:55:17",
            "app_name": "cms",
            "migration": "0017_author_removed"
        }
    },
    {
        "pk": 28,
        "model": "south.migrationhistory",
        "fields": {
            "applied": "2011-06-27 07:55:17",
            "app_name": "cms",
            "migration": "0018_site_permissions"
        }
    },
    {
        "pk": 29,
        "model": "south.migrationhistory",
        "fields": {
            "applied": "2011-06-27 07:55:17",
            "app_name": "cms",
            "migration": "0019_public_table_renames"
        }
    },
    {
        "pk": 30,
        "model": "south.migrationhistory",
        "fields": {
            "applied": "2011-06-27 07:55:17",
            "app_name": "picture",
            "migration": "0006_float_added"
        }
    },
    {
        "pk": 31,
        "model": "south.migrationhistory",
        "fields": {
            "applied": "2011-06-27 07:55:17",
            "app_name": "picture",
            "migration": "0007_publisher2"
        }
    },
    {
        "pk": 32,
        "model": "south.migrationhistory",
        "fields": {
            "applied": "2011-06-27 07:55:17",
            "app_name": "picture",
            "migration": "0008_longdesc_added"
        }
    },
    {
        "pk": 33,
        "model": "south.migrationhistory",
        "fields": {
            "applied": "2011-06-27 07:55:17",
            "app_name": "snippet",
            "migration": "0003_table_rename"
        }
    },
    {
        "pk": 34,
        "model": "south.migrationhistory",
        "fields": {
            "applied": "2011-06-27 07:55:17",
            "app_name": "snippet",
            "migration": "0004_publisher2"
        }
    },
    {
        "pk": 35,
        "model": "south.migrationhistory",
        "fields": {
            "applied": "2011-06-27 07:55:17",
            "app_name": "snippet",
            "migration": "0005_template_added"
        }
    },
    {
        "pk": 36,
        "model": "south.migrationhistory",
        "fields": {
            "applied": "2011-06-27 07:55:17",
            "app_name": "text",
            "migration": "0004_table_rename"
        }
    },
    {
        "pk": 37,
        "model": "south.migrationhistory",
        "fields": {
            "applied": "2011-06-27 07:55:17",
            "app_name": "text",
            "migration": "0005_publisher2"
        }
    },
    {
        "pk": 38,
        "model": "south.migrationhistory",
        "fields": {
            "applied": "2011-06-27 07:55:19",
            "app_name": "cms",
            "migration": "0020_advanced_permissions"
        }
    },
    {
        "pk": 39,
        "model": "south.migrationhistory",
        "fields": {
            "applied": "2011-06-27 07:55:19",
            "app_name": "cms",
            "migration": "0021_publisher2"
        }
    },
    {
        "pk": 40,
        "model": "south.migrationhistory",
        "fields": {
            "applied": "2011-06-27 07:55:19",
            "app_name": "cms",
            "migration": "0022_login_required_added"
        }
    },
    {
        "pk": 41,
        "model": "south.migrationhistory",
        "fields": {
            "applied": "2011-06-27 07:55:19",
            "app_name": "cms",
            "migration": "0023_plugin_table_naming_function_changed"
        }
    },
    {
        "pk": 43,
        "model": "south.migrationhistory",
        "fields": {
            "applied": "2011-06-27 07:56:38",
            "app_name": "cms",
            "migration": "0024_added_placeholder_model"
        }
    },
    {
        "pk": 44,
        "model": "south.migrationhistory",
        "fields": {
            "applied": "2011-06-27 07:56:39",
            "app_name": "cms",
            "migration": "0025_placeholder_migration"
        }
    },
    {
        "pk": 45,
        "model": "south.migrationhistory",
        "fields": {
            "applied": "2011-06-27 07:56:39",
            "app_name": "cms",
            "migration": "0026_finish_placeholder_migration"
        }
    },
    {
        "pk": 46,
        "model": "south.migrationhistory",
        "fields": {
            "applied": "2011-06-27 07:56:39",
            "app_name": "cms",
            "migration": "0027_added_width_to_placeholder"
        }
    },
    {
        "pk": 47,
        "model": "south.migrationhistory",
        "fields": {
            "applied": "2011-06-27 07:56:39",
            "app_name": "cms",
            "migration": "0028_limit_visibility_in_menu_step1of3"
        }
    },
    {
        "pk": 48,
        "model": "south.migrationhistory",
        "fields": {
            "applied": "2011-06-27 07:56:39",
            "app_name": "cms",
            "migration": "0029_limit_visibility_in_menu_step2of3_data"
        }
    },
    {
        "pk": 49,
        "model": "south.migrationhistory",
        "fields": {
            "applied": "2011-06-27 07:56:39",
            "app_name": "cms",
            "migration": "0030_limit_visibility_in_menu_step3of3"
        }
    },
    {
        "pk": 50,
        "model": "south.migrationhistory",
        "fields": {
            "applied": "2011-06-27 07:56:39",
            "app_name": "cms",
            "migration": "0031_improved_language_code_support"
        }
    },
    {
        "pk": 51,
        "model": "south.migrationhistory",
        "fields": {
            "applied": "2011-06-27 07:56:39",
            "app_name": "cms",
            "migration": "0032_auto__del_field_cmsplugin_publisher_public__del_field_cmsplugin_publis"
        }
    },
    {
        "pk": 52,
        "model": "south.migrationhistory",
        "fields": {
            "applied": "2011-06-27 07:56:39",
            "app_name": "cms",
            "migration": "0033_auto__del_field_title_publisher_is_draft__del_field_title_publisher_st"
        }
    },
    {
        "pk": 53,
        "model": "south.migrationhistory",
        "fields": {
            "applied": "2011-06-27 07:56:40",
            "app_name": "menus",
            "migration": "0001_initial"
        }
    },
    {
        "pk": 54,
        "model": "south.migrationhistory",
        "fields": {
            "applied": "2011-07-30 09:06:36",
            "app_name": "file",
            "migration": "0001_initial"
        }
    },
    {
        "pk": 55,
        "model": "south.migrationhistory",
        "fields": {
            "applied": "2011-07-30 09:06:36",
            "app_name": "file",
            "migration": "0002_freeze"
        }
    },
    {
        "pk": 56,
        "model": "south.migrationhistory",
        "fields": {
            "applied": "2011-07-30 09:06:36",
            "app_name": "file",
            "migration": "0003_publisher"
        }
    },
    {
        "pk": 57,
        "model": "south.migrationhistory",
        "fields": {
            "applied": "2011-07-30 09:06:36",
            "app_name": "link",
            "migration": "0001_initial"
        }
    },
    {
        "pk": 58,
        "model": "south.migrationhistory",
        "fields": {
            "applied": "2011-07-30 09:06:36",
            "app_name": "link",
            "migration": "0002_link_rename"
        }
    },
    {
        "pk": 59,
        "model": "south.migrationhistory",
        "fields": {
            "applied": "2011-07-30 09:06:36",
            "app_name": "link",
            "migration": "0003_page_link"
        }
    },
    {
        "pk": 60,
        "model": "south.migrationhistory",
        "fields": {
            "applied": "2011-07-30 09:06:36",
            "app_name": "link",
            "migration": "0004_larger_link_names"
        }
    },
    {
        "pk": 61,
        "model": "south.migrationhistory",
        "fields": {
            "applied": "2011-07-30 09:06:36",
            "app_name": "link",
            "migration": "0005_publisher"
        }
    },
    {
        "pk": 62,
        "model": "south.migrationhistory",
        "fields": {
            "applied": "2011-07-30 09:06:36",
            "app_name": "file",
            "migration": "0004_table_rename"
        }
    },
    {
        "pk": 63,
        "model": "south.migrationhistory",
        "fields": {
            "applied": "2011-07-30 09:06:36",
            "app_name": "file",
            "migration": "0005_publisher2"
        }
    },
    {
        "pk": 64,
        "model": "south.migrationhistory",
        "fields": {
            "applied": "2011-07-30 09:06:42",
            "app_name": "link",
            "migration": "0006_table_rename"
        }
    },
    {
        "pk": 65,
        "model": "south.migrationhistory",
        "fields": {
            "applied": "2011-07-30 09:06:42",
            "app_name": "link",
            "migration": "0007_publisher2"
        }
    },
    {
        "pk": 66,
        "model": "south.migrationhistory",
        "fields": {
            "applied": "2011-07-30 09:06:42",
            "app_name": "link",
            "migration": "0008_mailto"
        }
    },
    {
        "pk": 67,
        "model": "south.migrationhistory",
        "fields": {
            "applied": "2011-08-05 10:49:08",
            "app_name": "partnersites",
            "migration": "0001_initial"
        }
    },
    {
        "pk": 68,
        "model": "south.migrationhistory",
        "fields": {
            "applied": "2011-08-05 10:49:08",
            "app_name": "partnersites",
            "migration": "0002_auto__add_field_sitesettings_logo"
        }
    },
    {
        "pk": 69,
        "model": "south.migrationhistory",
        "fields": {
            "applied": "2011-08-10 10:29:16",
            "app_name": "survey",
            "migration": "0001_initial"
        }
    },
    {
        "pk": 70,
        "model": "south.migrationhistory",
        "fields": {
            "applied": "2011-08-10 10:29:20",
            "app_name": "pollster",
            "migration": "0001_initial"
        }
    },
    {
        "pk": 71,
        "model": "south.migrationhistory",
        "fields": {
            "applied": "2011-08-27 09:18:52",
            "app_name": "partnersites",
            "migration": "0003_auto__add_field_sitesettings_footer"
        }
    },
    {
        "pk": 72,
        "model": "south.migrationhistory",
        "fields": {
            "applied": "2011-08-27 09:18:52",
            "app_name": "text",
            "migration": "0006_2_1_4_upgrade"
        }
    },
    {
        "pk": 73,
        "model": "south.migrationhistory",
        "fields": {
            "applied": "2011-08-27 09:18:52",
            "app_name": "pollster",
            "migration": "0002_del_field_option_name"
        }
    },
    {
        "pk": 74,
        "model": "south.migrationhistory",
        "fields": {
            "applied": "2011-08-27 09:18:52",
            "app_name": "pollster",
            "migration": "0003_add_unique_js_class"
        }
    },
    {
        "pk": 75,
        "model": "south.migrationhistory",
        "fields": {
            "applied": "2011-08-27 09:18:52",
            "app_name": "pollster",
            "migration": "0004_yearmonthfield"
        }
    },
    {
        "pk": 76,
        "model": "south.migrationhistory",
        "fields": {
            "applied": "2011-08-27 09:24:54",
            "app_name": "survey",
            "migration": "0002_auto__add_localprofile__add_localflusurvey"
        }
    },
    {
        "pk": 77,
        "model": "south.migrationhistory",
        "fields": {
            "applied": "2011-08-27 10:05:22",
            "app_name": "journal",
            "migration": "0001_initial"
        }
    },
    {
        "pk": 78,
        "model": "south.migrationhistory",
        "fields": {
            "applied": "2011-08-27 11:53:46",
            "app_name": "journal",
            "migration": "0002_auto__del_field_latestentryplugin_base_path__del_field_latestentryplug"
        }
    },
    {
        "pk": 79,
        "model": "south.migrationhistory",
        "fields": {
            "applied": "2011-08-31 09:05:31",
            "app_name": "reminder",
            "migration": "0001_initial"
        }
    },
    {
        "pk": 80,
        "model": "south.migrationhistory",
        "fields": {
            "applied": "2011-08-31 09:05:35",
            "app_name": "reminder",
            "migration": "0002_auto__add_remindersettings"
        }
    },
    {
        "pk": 81,
        "model": "south.migrationhistory",
        "fields": {
            "applied": "2011-08-31 09:05:35",
            "app_name": "reminder",
            "migration": "0003_auto__add_newslettertemplate__add_newslettertranslation__add_unique_ne"
        }
    },
    {
        "pk": 82,
        "model": "south.migrationhistory",
        "fields": {
            "applied": "2011-08-31 09:05:35",
            "app_name": "reminder",
            "migration": "0004_auto__del_field_reminder_next_reminder__del_field_reminder_wday__chg_f"
        }
    },
    {
        "pk": 83,
        "model": "south.migrationhistory",
        "fields": {
            "applied": "2011-08-31 09:05:35",
            "app_name": "reminder",
            "migration": "0005_auto__del_reminder__add_userreminderinfo"
        }
    },
    {
        "pk": 84,
        "model": "south.migrationhistory",
        "fields": {
            "applied": "2011-08-31 09:05:35",
            "app_name": "reminder",
            "migration": "0006_auto__add_field_userreminderinfo_language"
        }
    },
    {
        "pk": 85,
        "model": "south.migrationhistory",
        "fields": {
            "applied": "2011-08-31 09:05:37",
            "app_name": "journal",
            "migration": "0003_auto__add_field_entry_image__add_field_entry_alignment"
        }
    },
    {
        "pk": 86,
        "model": "south.migrationhistory",
        "fields": {
            "applied": "2011-09-19 13:18:25",
            "app_name": "survey",
            "migration": "0003_auto__add_field_surveyuser_deleted"
        }
    },
    {
        "pk": 87,
        "model": "south.migrationhistory",
        "fields": {
            "applied": "2011-09-19 13:18:25",
            "app_name": "reminder",
            "migration": "0007_auto__add_remindererror"
        }
    },
    {
        "pk": 88,
        "model": "south.migrationhistory",
        "fields": {
            "applied": "2011-09-19 13:18:25",
            "app_name": "partnersites",
            "migration": "0004_auto__add_field_sitesettings_contact_form_recipient"
        }
    },
    {
        "pk": 89,
        "model": "south.migrationhistory",
        "fields": {
            "applied": "2011-09-19 13:18:25",
            "app_name": "pollster",
            "migration": "0005_postalcodefield"
        }
    },
    {
        "pk": 90,
        "model": "south.migrationhistory",
        "fields": {
            "applied": "2011-09-19 13:18:25",
            "app_name": "pollster",
            "migration": "0006_rule_is_sufficient__option_description"
        }
    },
    {
        "pk": 91,
        "model": "south.migrationhistory",
        "fields": {
            "applied": "2011-09-19 13:18:25",
            "app_name": "pollster",
            "migration": "0007_charts"
        }
    },
    {
        "pk": 92,
        "model": "south.migrationhistory",
        "fields": {
            "applied": "2011-09-19 13:18:25",
            "app_name": "pollster",
            "migration": "0008_charttypes"
        }
    },
    {
        "pk": 93,
        "model": "south.migrationhistory",
        "fields": {
            "applied": "2011-09-19 13:18:26",
            "app_name": "pollster",
            "migration": "0009_auto__add_surveychartplugin"
        }
    },
    {
        "pk": 94,
        "model": "south.migrationhistory",
        "fields": {
            "applied": "2011-09-26 08:11:37",
            "app_name": "survey",
            "migration": "0004_fix_south_bug_578"
        }
    },
    {
        "pk": 95,
        "model": "south.migrationhistory",
        "fields": {
            "applied": "2011-09-26 12:09:13",
            "app_name": "survey",
            "migration": "0005_verify_single_user_assumption"
        }
    },
    {
        "pk": 96,
        "model": "south.migrationhistory",
        "fields": {
            "applied": "2011-09-26 12:11:58",
            "app_name": "survey",
            "migration": "0006_auto__add_field_surveyuser_oneuser"
        }
    },
    {
        "pk": 97,
        "model": "south.migrationhistory",
        "fields": {
            "applied": "2011-09-26 12:16:20",
            "app_name": "survey",
            "migration": "0007_user_m2m_to_fk_datamigration"
        }
    },
    {
        "pk": 98,
        "model": "south.migrationhistory",
        "fields": {
            "applied": "2011-09-26 12:35:15",
            "app_name": "survey",
            "migration": "0008_auto"
        }
    },
    {
        "pk": 99,
        "model": "south.migrationhistory",
        "fields": {
            "applied": "2011-09-26 12:35:15",
            "app_name": "survey",
            "migration": "0009_auto__del_field_surveyuser_oneuser__add_field_surveyuser_user"
        }
    },
    {
        "pk": 100,
        "model": "south.migrationhistory",
        "fields": {
            "applied": "2011-09-26 18:05:58",
            "app_name": "survey",
            "migration": "0010_auto__del_extraresponse"
        }
    },
    {
        "pk": 101,
        "model": "south.migrationhistory",
        "fields": {
            "applied": "2011-10-07 10:50:12",
            "app_name": "journal",
            "migration": "0004_auto__add_categorytranslation__add_unique_categorytranslation_language"
        }
    },
    {
        "pk": 102,
        "model": "south.migrationhistory",
        "fields": {
            "applied": "2011-10-07 10:50:12",
            "app_name": "journal",
            "migration": "0005_translate_categories"
        }
    },
    {
        "pk": 103,
        "model": "south.migrationhistory",
        "fields": {
            "applied": "2011-10-07 10:50:12",
            "app_name": "journal",
            "migration": "0006_translate_entries"
        }
    },
    {
        "pk": 104,
        "model": "south.migrationhistory",
        "fields": {
            "applied": "2011-10-07 10:50:12",
            "app_name": "journal",
            "migration": "0007_auto__del_field_entry_excerpt__del_field_entry_title__del_field_entry_"
        }
    },
    {
        "pk": 105,
        "model": "south.migrationhistory",
        "fields": {
            "applied": "2011-10-07 10:50:12",
            "app_name": "journal",
            "migration": "0008_auto__del_field_categorytranslation_t_title__add_field_categorytransla"
        }
    },
    {
        "pk": 106,
        "model": "south.migrationhistory",
        "fields": {
            "applied": "2011-10-07 10:50:13",
            "app_name": "pollster",
            "migration": "0010_charttypes_centered"
        }
    },
    {
        "pk": 28,
        "model": "contenttypes.contenttype",
        "fields": {
            "model": "category",
            "name": "Category",
            "app_label": "journal"
        }
    },
    {
        "pk": 29,
        "model": "contenttypes.contenttype",
        "fields": {
            "model": "entry",
            "name": "Entry",
            "app_label": "journal"
        }
    },
    {
        "pk": 34,
        "model": "contenttypes.contenttype",
        "fields": {
            "model": "globalpagepermission",
            "name": "Page global permission",
            "app_label": "cms"
        }
    },
    {
        "pk": 33,
        "model": "contenttypes.contenttype",
        "fields": {
            "model": "pagemoderatorstate",
            "name": "Page moderator state",
            "app_label": "cms"
        }
    },
    {
        "pk": 35,
        "model": "contenttypes.contenttype",
        "fields": {
            "model": "pagepermission",
            "name": "Page permission",
            "app_label": "cms"
        }
    },
    {
        "pk": 32,
        "model": "contenttypes.contenttype",
        "fields": {
            "model": "pagemoderator",
            "name": "PageModerator",
            "app_label": "cms"
        }
    },
    {
        "pk": 50,
        "model": "contenttypes.contenttype",
        "fields": {
            "model": "sitesettings",
            "name": "Site settings",
            "app_label": "partnersites"
        }
    },
    {
        "pk": 25,
        "model": "contenttypes.contenttype",
        "fields": {
            "model": "snippet",
            "name": "Snippet",
            "app_label": "snippet"
        }
    },
    {
        "pk": 26,
        "model": "contenttypes.contenttype",
        "fields": {
            "model": "snippetptr",
            "name": "Snippet",
            "app_label": "snippet"
        }
    },
    {
        "pk": 36,
        "model": "contenttypes.contenttype",
        "fields": {
            "model": "pageuser",
            "name": "User (page)",
            "app_label": "cms"
        }
    },
    {
        "pk": 37,
        "model": "contenttypes.contenttype",
        "fields": {
            "model": "pageusergroup",
            "name": "User group (page)",
            "app_label": "cms"
        }
    },
    {
        "pk": 47,
        "model": "contenttypes.contenttype",
        "fields": {
            "model": "cachekey",
            "name": "cache key",
            "app_label": "menus"
        }
    },
    {
        "pk": 18,
        "model": "contenttypes.contenttype",
        "fields": {
            "model": "category",
            "name": "category",
            "app_label": "banner"
        }
    },
    {
        "pk": 77,
        "model": "contenttypes.contenttype",
        "fields": {
            "model": "categorytranslation",
            "name": "category translation",
            "app_label": "journal"
        }
    },
    {
        "pk": 75,
        "model": "contenttypes.contenttype",
        "fields": {
            "model": "chart",
            "name": "chart",
            "app_label": "pollster"
        }
    },
    {
        "pk": 74,
        "model": "contenttypes.contenttype",
        "fields": {
            "model": "charttype",
            "name": "chart type",
            "app_label": "pollster"
        }
    },
    {
        "pk": 38,
        "model": "contenttypes.contenttype",
        "fields": {
            "model": "cmsplugin",
            "name": "cms plugin",
            "app_label": "cms"
        }
    },
    {
        "pk": 5,
        "model": "contenttypes.contenttype",
        "fields": {
            "model": "contenttype",
            "name": "content type",
            "app_label": "contenttypes"
        }
    },
    {
        "pk": 78,
        "model": "contenttypes.contenttype",
        "fields": {
            "model": "entrytranslation",
            "name": "entry translation",
            "app_label": "journal"
        }
    },
    {
        "pk": 44,
        "model": "contenttypes.contenttype",
        "fields": {
            "model": "extraresponse",
            "name": "extra response",
            "app_label": "survey"
        }
    },
    {
        "pk": 49,
        "model": "contenttypes.contenttype",
        "fields": {
            "model": "feedback",
            "name": "feedback",
            "app_label": "contact_form"
        }
    },
    {
        "pk": 24,
        "model": "contenttypes.contenttype",
        "fields": {
            "model": "file",
            "name": "file",
            "app_label": "file"
        }
    },
    {
        "pk": 27,
        "model": "contenttypes.contenttype",
        "fields": {
            "model": "googlemap",
            "name": "google map",
            "app_label": "googlemap"
        }
    },
    {
        "pk": 2,
        "model": "contenttypes.contenttype",
        "fields": {
            "model": "group",
            "name": "group",
            "app_label": "auth"
        }
    },
    {
        "pk": 19,
        "model": "contenttypes.contenttype",
        "fields": {
            "model": "image",
            "name": "image",
            "app_label": "banner"
        }
    },
    {
        "pk": 40,
        "model": "contenttypes.contenttype",
        "fields": {
            "model": "includetemplateplugin",
            "name": "include template plugin",
            "app_label": "cmsmisc"
        }
    },
    {
        "pk": 10,
        "model": "contenttypes.contenttype",
        "fields": {
            "model": "key",
            "name": "key",
            "app_label": "loginurl"
        }
    },
    {
        "pk": 41,
        "model": "contenttypes.contenttype",
        "fields": {
            "model": "lastresponse",
            "name": "last response",
            "app_label": "survey"
        }
    },
    {
        "pk": 30,
        "model": "contenttypes.contenttype",
        "fields": {
            "model": "latestentryplugin",
            "name": "latest entry plugin",
            "app_label": "journal"
        }
    },
    {
        "pk": 48,
        "model": "contenttypes.contenttype",
        "fields": {
            "model": "latestentryplugin",
            "name": "latest entry plugin",
            "app_label": "cmsplugin"
        }
    },
    {
        "pk": 23,
        "model": "contenttypes.contenttype",
        "fields": {
            "model": "link",
            "name": "link",
            "app_label": "link"
        }
    },
    {
        "pk": 66,
        "model": "contenttypes.contenttype",
        "fields": {
            "model": "localflusurvey",
            "name": "local flu survey",
            "app_label": "survey"
        }
    },
    {
        "pk": 65,
        "model": "contenttypes.contenttype",
        "fields": {
            "model": "localprofile",
            "name": "local profile",
            "app_label": "survey"
        }
    },
    {
        "pk": 42,
        "model": "contenttypes.contenttype",
        "fields": {
            "model": "localresponse",
            "name": "local response",
            "app_label": "survey"
        }
    },
    {
        "pk": 8,
        "model": "contenttypes.contenttype",
        "fields": {
            "model": "logentry",
            "name": "log entry",
            "app_label": "admin"
        }
    },
    {
        "pk": 4,
        "model": "contenttypes.contenttype",
        "fields": {
            "model": "message",
            "name": "message",
            "app_label": "auth"
        }
    },
    {
        "pk": 45,
        "model": "contenttypes.contenttype",
        "fields": {
            "model": "migrationhistory",
            "name": "migration history",
            "app_label": "south"
        }
    },
    {
        "pk": 72,
        "model": "contenttypes.contenttype",
        "fields": {
            "model": "newsletter",
            "name": "news letter",
            "app_label": "reminder"
        }
    },
    {
        "pk": 70,
        "model": "contenttypes.contenttype",
        "fields": {
            "model": "newslettertemplate",
            "name": "news letter template",
            "app_label": "reminder"
        }
    },
    {
        "pk": 69,
        "model": "contenttypes.contenttype",
        "fields": {
            "model": "newslettertemplatetranslation",
            "name": "news letter template translation",
            "app_label": "reminder"
        }
    },
    {
        "pk": 71,
        "model": "contenttypes.contenttype",
        "fields": {
            "model": "newslettertranslation",
            "name": "news letter translation",
            "app_label": "reminder"
        }
    },
    {
        "pk": 58,
        "model": "contenttypes.contenttype",
        "fields": {
            "model": "option",
            "name": "option",
            "app_label": "pollster"
        }
    },
    {
        "pk": 31,
        "model": "contenttypes.contenttype",
        "fields": {
            "model": "page",
            "name": "page",
            "app_label": "cms"
        }
    },
    {
        "pk": 12,
        "model": "contenttypes.contenttype",
        "fields": {
            "model": "participation",
            "name": "participation",
            "app_label": "survey"
        }
    },
    {
        "pk": 1,
        "model": "contenttypes.contenttype",
        "fields": {
            "model": "permission",
            "name": "permission",
            "app_label": "auth"
        }
    },
    {
        "pk": 22,
        "model": "contenttypes.contenttype",
        "fields": {
            "model": "picture",
            "name": "picture",
            "app_label": "picture"
        }
    },
    {
        "pk": 46,
        "model": "contenttypes.contenttype",
        "fields": {
            "model": "placeholder",
            "name": "placeholder",
            "app_label": "cms"
        }
    },
    {
        "pk": 16,
        "model": "contenttypes.contenttype",
        "fields": {
            "model": "profile",
            "name": "profile",
            "app_label": "survey"
        }
    },
    {
        "pk": 14,
        "model": "contenttypes.contenttype",
        "fields": {
            "model": "profilesendqueue",
            "name": "profile send queue",
            "app_label": "survey"
        }
    },
    {
        "pk": 55,
        "model": "contenttypes.contenttype",
        "fields": {
            "model": "question",
            "name": "question",
            "app_label": "pollster"
        }
    },
    {
        "pk": 57,
        "model": "contenttypes.contenttype",
        "fields": {
            "model": "questioncolumn",
            "name": "question column",
            "app_label": "pollster"
        }
    },
    {
        "pk": 53,
        "model": "contenttypes.contenttype",
        "fields": {
            "model": "questiondatatype",
            "name": "question data type",
            "app_label": "pollster"
        }
    },
    {
        "pk": 56,
        "model": "contenttypes.contenttype",
        "fields": {
            "model": "questionrow",
            "name": "question row",
            "app_label": "pollster"
        }
    },
    {
        "pk": 9,
        "model": "contenttypes.contenttype",
        "fields": {
            "model": "registrationprofile",
            "name": "registration profile",
            "app_label": "registration"
        }
    },
    {
        "pk": 73,
        "model": "contenttypes.contenttype",
        "fields": {
            "model": "remindererror",
            "name": "reminder error",
            "app_label": "reminder"
        }
    },
    {
        "pk": 68,
        "model": "contenttypes.contenttype",
        "fields": {
            "model": "remindersettings",
            "name": "reminder settings",
            "app_label": "reminder"
        }
    },
    {
        "pk": 13,
        "model": "contenttypes.contenttype",
        "fields": {
            "model": "responsesendqueue",
            "name": "response send queue",
            "app_label": "survey"
        }
    },
    {
        "pk": 59,
        "model": "contenttypes.contenttype",
        "fields": {
            "model": "rule",
            "name": "rule",
            "app_label": "pollster"
        }
    },
    {
        "pk": 52,
        "model": "contenttypes.contenttype",
        "fields": {
            "model": "ruletype",
            "name": "rule type",
            "app_label": "pollster"
        }
    },
    {
        "pk": 6,
        "model": "contenttypes.contenttype",
        "fields": {
            "model": "session",
            "name": "session",
            "app_label": "sessions"
        }
    },
    {
        "pk": 7,
        "model": "contenttypes.contenttype",
        "fields": {
            "model": "site",
            "name": "site",
            "app_label": "sites"
        }
    },
    {
        "pk": 11,
        "model": "contenttypes.contenttype",
        "fields": {
            "model": "survey",
            "name": "survey",
            "app_label": "survey"
        }
    },
    {
        "pk": 51,
        "model": "contenttypes.contenttype",
        "fields": {
            "model": "survey",
            "name": "survey",
            "app_label": "pollster"
        }
    },
    {
        "pk": 76,
        "model": "contenttypes.contenttype",
        "fields": {
            "model": "surveychartplugin",
            "name": "survey chart plugin",
            "app_label": "pollster"
        }
    },
    {
        "pk": 15,
        "model": "contenttypes.contenttype",
        "fields": {
            "model": "surveyuser",
            "name": "survey user",
            "app_label": "survey"
        }
    },
    {
        "pk": 21,
        "model": "contenttypes.contenttype",
        "fields": {
            "model": "text",
            "name": "text",
            "app_label": "text"
        }
    },
    {
        "pk": 39,
        "model": "contenttypes.contenttype",
        "fields": {
            "model": "title",
            "name": "title",
            "app_label": "cms"
        }
    },
    {
        "pk": 64,
        "model": "contenttypes.contenttype",
        "fields": {
            "model": "translationoption",
            "name": "translation option",
            "app_label": "pollster"
        }
    },
    {
        "pk": 61,
        "model": "contenttypes.contenttype",
        "fields": {
            "model": "translationquestion",
            "name": "translation question",
            "app_label": "pollster"
        }
    },
    {
        "pk": 63,
        "model": "contenttypes.contenttype",
        "fields": {
            "model": "translationquestioncolumn",
            "name": "translation question column",
            "app_label": "pollster"
        }
    },
    {
        "pk": 62,
        "model": "contenttypes.contenttype",
        "fields": {
            "model": "translationquestionrow",
            "name": "translation question row",
            "app_label": "pollster"
        }
    },
    {
        "pk": 60,
        "model": "contenttypes.contenttype",
        "fields": {
            "model": "translationsurvey",
            "name": "translation survey",
            "app_label": "pollster"
        }
    },
    {
        "pk": 3,
        "model": "contenttypes.contenttype",
        "fields": {
            "model": "user",
            "name": "user",
            "app_label": "auth"
        }
    },
    {
        "pk": 67,
        "model": "contenttypes.contenttype",
        "fields": {
            "model": "userreminderinfo",
            "name": "user reminder info",
            "app_label": "reminder"
        }
    },
    {
        "pk": 54,
        "model": "contenttypes.contenttype",
        "fields": {
            "model": "virtualoptiontype",
            "name": "virtual option type",
            "app_label": "pollster"
        }
    },
    {
        "pk": "3d827ef465150cce272992c59e81e1bd",
        "model": "sessions.session",
        "fields": {
            "expire_date": "2010-03-29 22:57:24",
            "session_data": "gAJ9cQEoVQ5jbXNfYWRtaW5fc2l0ZXECSwFVEl9hdXRoX3VzZXJfYmFja2VuZHEDVSlkamFuZ28u\nY29udHJpYi5hdXRoLmJhY2tlbmRzLk1vZGVsQmFja2VuZHEEVQ1fYXV0aF91c2VyX2lkcQVLAXUu\nMjQxZGEzY2RjZWY5ZTRmYzNiMzVlNGFjMzVhY2MwYzA=\n"
        }
    },
    {
        "pk": "02d556e23d68cf23b73eca0d1469213d",
        "model": "sessions.session",
        "fields": {
            "expire_date": "2010-04-04 10:42:12",
            "session_data": "gAJ9cQEoVQ5jbXNfYWRtaW5fc2l0ZXECSwFVEl9hdXRoX3VzZXJfYmFja2VuZHEDVSlkamFuZ28u\nY29udHJpYi5hdXRoLmJhY2tlbmRzLk1vZGVsQmFja2VuZHEEVQ1fYXV0aF91c2VyX2lkcQVLAXUu\nMjQxZGEzY2RjZWY5ZTRmYzNiMzVlNGFjMzVhY2MwYzA=\n"
        }
    },
    {
        "pk": "3f396a24461a404b934e12496ff391d1",
        "model": "sessions.session",
        "fields": {
            "expire_date": "2010-08-30 14:42:52",
            "session_data": "gAJ9cQEuYjdkNmFjNmM4YzczODc3OTRiZDFmYTcwMTIwYTI0NjQ=\n"
        }
    },
    {
        "pk": "ab80c3d156fd1f69cdf07d039e858265",
        "model": "sessions.session",
        "fields": {
            "expire_date": "2010-09-01 04:26:54",
            "session_data": "gAJ9cQEoVQ5jbXNfYWRtaW5fc2l0ZXECSwFVDV9hdXRoX3VzZXJfaWRxA0sBVRJfYXV0aF91c2Vy\nX2JhY2tlbmRxBFUpZGphbmdvLmNvbnRyaWIuYXV0aC5iYWNrZW5kcy5Nb2RlbEJhY2tlbmRxBXUu\nNTc4MGI1OTllOTE0ZjljYTBlYTVjZmMyMTFjNjc2YWY=\n"
        }
    },
    {
        "pk": "feff59767ef353875666b582da2b27c2",
        "model": "sessions.session",
        "fields": {
            "expire_date": "2010-09-20 15:06:27",
            "session_data": "gAJ9cQEoVQ5jbXNfYWRtaW5fc2l0ZXECSwFVDV9hdXRoX3VzZXJfaWRxA0sBVRJfYXV0aF91c2Vy\nX2JhY2tlbmRxBFUpZGphbmdvLmNvbnRyaWIuYXV0aC5iYWNrZW5kcy5Nb2RlbEJhY2tlbmRxBXUu\nNTc4MGI1OTllOTE0ZjljYTBlYTVjZmMyMTFjNjc2YWY=\n"
        }
    },
    {
        "pk": "0290d5765d7f5d438962937141db9aff",
        "model": "sessions.session",
        "fields": {
            "expire_date": "2010-09-20 23:27:05",
            "session_data": "gAJ9cQEoVQ5jbXNfYWRtaW5fc2l0ZXECSwFVDV9hdXRoX3VzZXJfaWRxA0sBVRJfYXV0aF91c2Vy\nX2JhY2tlbmRxBFUpZGphbmdvLmNvbnRyaWIuYXV0aC5iYWNrZW5kcy5Nb2RlbEJhY2tlbmRxBXUu\nNTc4MGI1OTllOTE0ZjljYTBlYTVjZmMyMTFjNjc2YWY=\n"
        }
    },
    {
        "pk": "d838565edbb3aa5dfc0dd2e52e95b46d",
        "model": "sessions.session",
        "fields": {
            "expire_date": "2010-10-12 08:42:05",
            "session_data": "gAJ9cQEoVQ5jbXNfYWRtaW5fc2l0ZXECSwFVEl9hdXRoX3VzZXJfYmFja2VuZHEDVSlkamFuZ28u\nY29udHJpYi5hdXRoLmJhY2tlbmRzLk1vZGVsQmFja2VuZHEEVQ1fYXV0aF91c2VyX2lkcQVLAXUu\nMjQxZGEzY2RjZWY5ZTRmYzNiMzVlNGFjMzVhY2MwYzA=\n"
        }
    },
    {
        "pk": "07550187ceabafab45141e8b4a4bc417",
        "model": "sessions.session",
        "fields": {
            "expire_date": "2010-10-28 14:17:53",
            "session_data": "gAJ9cQEoVQ5jbXNfYWRtaW5fc2l0ZXECSwFVEl9hdXRoX3VzZXJfYmFja2VuZHEDVSlkamFuZ28u\nY29udHJpYi5hdXRoLmJhY2tlbmRzLk1vZGVsQmFja2VuZHEEVQ1fYXV0aF91c2VyX2lkcQVLAXUu\nMjQxZGEzY2RjZWY5ZTRmYzNiMzVlNGFjMzVhY2MwYzA=\n"
        }
    },
    {
        "pk": "68c1819652e05f4d86fbc4fbd43df297",
        "model": "sessions.session",
        "fields": {
            "expire_date": "2010-10-28 14:11:01",
            "session_data": "gAJ9cQEoVQ5jbXNfYWRtaW5fc2l0ZXECSwFVDV9hdXRoX3VzZXJfaWRxA0sBVRJfYXV0aF91c2Vy\nX2JhY2tlbmRxBFUpZGphbmdvLmNvbnRyaWIuYXV0aC5iYWNrZW5kcy5Nb2RlbEJhY2tlbmRxBXUu\nNTc4MGI1OTllOTE0ZjljYTBlYTVjZmMyMTFjNjc2YWY=\n"
        }
    },
    {
        "pk": "2ddb6c65b39de4d5d389af0886df8179",
        "model": "sessions.session",
        "fields": {
            "expire_date": "2010-11-19 10:20:05",
            "session_data": "gAJ9cQEoVRJfYXV0aF91c2VyX2JhY2tlbmRxAlUpZGphbmdvLmNvbnRyaWIuYXV0aC5iYWNrZW5k\ncy5Nb2RlbEJhY2tlbmRxA1UNX2F1dGhfdXNlcl9pZHEESwJ1LmFjN2Q2ZjBkNjE3YmRlY2M0MDM2\nY2IyYTUyZmIwNThm\n"
        }
    },
    {
        "pk": "f75f8eab4c0342bed743d079eed2a262",
        "model": "sessions.session",
        "fields": {
            "expire_date": "2010-11-22 13:57:45",
            "session_data": "gAJ9cQEoVRJfYXV0aF91c2VyX2JhY2tlbmRxAlUpZGphbmdvLmNvbnRyaWIuYXV0aC5iYWNrZW5k\ncy5Nb2RlbEJhY2tlbmRxA1UNX2F1dGhfdXNlcl9pZHEESwJ1LmFjN2Q2ZjBkNjE3YmRlY2M0MDM2\nY2IyYTUyZmIwNThm\n"
        }
    },
    {
        "pk": "8673c8b805a7fb6648b37b05caf2be88",
        "model": "sessions.session",
        "fields": {
            "expire_date": "2010-11-22 15:35:01",
            "session_data": "gAJ9cQEoVRJfYXV0aF91c2VyX2JhY2tlbmRxAlUpZGphbmdvLmNvbnRyaWIuYXV0aC5iYWNrZW5k\ncy5Nb2RlbEJhY2tlbmRxA1UNX2F1dGhfdXNlcl9pZHEESwF1LjFjYmRhZmQ2MDBkZGNhNWJkOThh\nZDljNDFiNmVjZDIw\n"
        }
    },
    {
        "pk": "87d89e418366f438f8d2a6357577a1ac",
        "model": "sessions.session",
        "fields": {
            "expire_date": "2011-01-05 15:31:28",
            "session_data": "gAJ9cQEoVRJfYXV0aF91c2VyX2JhY2tlbmRxAlUpZGphbmdvLmNvbnRyaWIuYXV0aC5iYWNrZW5k\ncy5Nb2RlbEJhY2tlbmRxA1UNX2F1dGhfdXNlcl9pZHEESwF1LjFjYmRhZmQ2MDBkZGNhNWJkOThh\nZDljNDFiNmVjZDIw\n"
        }
    },
    {
        "pk": "873a9332777e3533f9ab7db4621dbb91",
        "model": "sessions.session",
        "fields": {
            "expire_date": "2011-01-06 11:20:57",
            "session_data": "gAJ9cQFVCnRlc3Rjb29raWVxAlUGd29ya2VkcQNzLmI4N2M0ZTcyNDE0OWU2NmI0MmQ5ODJkYTIx\nNDhhMTk1\n"
        }
    },
    {
        "pk": "c505c0b0c9f2c150515e58b1017a197e",
        "model": "sessions.session",
        "fields": {
            "expire_date": "2011-01-06 11:20:50",
            "session_data": "gAJ9cQEoVQ5jbXNfYWRtaW5fc2l0ZXECSwFVDV9hdXRoX3VzZXJfaWRxA0sBVRJfYXV0aF91c2Vy\nX2JhY2tlbmRxBFUpZGphbmdvLmNvbnRyaWIuYXV0aC5iYWNrZW5kcy5Nb2RlbEJhY2tlbmRxBXUu\nNTc4MGI1OTllOTE0ZjljYTBlYTVjZmMyMTFjNjc2YWY=\n"
        }
    },
    {
        "pk": "8000b9d45978def6372ca8a560e46d0c",
        "model": "sessions.session",
        "fields": {
            "expire_date": "2011-02-11 13:28:47",
            "session_data": "gAJ9cQEoVRJfYXV0aF91c2VyX2JhY2tlbmRxAlUpZGphbmdvLmNvbnRyaWIuYXV0aC5iYWNrZW5k\ncy5Nb2RlbEJhY2tlbmRxA1UNX2F1dGhfdXNlcl9pZHEESwF1LjFjYmRhZmQ2MDBkZGNhNWJkOThh\nZDljNDFiNmVjZDIw\n"
        }
    },
    {
        "pk": "349550cccf20adae961eee166d973ffb",
        "model": "sessions.session",
        "fields": {
            "expire_date": "2011-04-03 16:10:21",
            "session_data": "gAJ9cQEuYjdkNmFjNmM4YzczODc3OTRiZDFmYTcwMTIwYTI0NjQ=\n"
        }
    },
    {
        "pk": "a5cec0387d2423925e9f5870fe30dff6",
        "model": "sessions.session",
        "fields": {
            "expire_date": "2011-04-05 14:55:10",
            "session_data": "gAJ9cQEoVQ5jbXNfYWRtaW5fc2l0ZXECSwFVDV9hdXRoX3VzZXJfaWRxA0sBVRJfYXV0aF91c2Vy\nX2JhY2tlbmRxBFUpZGphbmdvLmNvbnRyaWIuYXV0aC5iYWNrZW5kcy5Nb2RlbEJhY2tlbmRxBXUu\nNTc4MGI1OTllOTE0ZjljYTBlYTVjZmMyMTFjNjc2YWY=\n"
        }
    },
    {
        "pk": "d1f076ffa52d660eb908038fb5ca33f3",
        "model": "sessions.session",
        "fields": {
            "expire_date": "2011-04-06 11:17:40",
            "session_data": "gAJ9cQFVCnRlc3Rjb29raWVxAlUGd29ya2VkcQNzLmI4N2M0ZTcyNDE0OWU2NmI0MmQ5ODJkYTIx\nNDhhMTk1\n"
        }
    },
    {
        "pk": "c09a6707d1894e955637fb4d6ccd5e79",
        "model": "sessions.session",
        "fields": {
            "expire_date": "2011-04-06 11:18:31",
            "session_data": "gAJ9cQEoVRJfYXV0aF91c2VyX2JhY2tlbmRxAlUpZGphbmdvLmNvbnRyaWIuYXV0aC5iYWNrZW5k\ncy5Nb2RlbEJhY2tlbmRxA1UNX2F1dGhfdXNlcl9pZHEESwF1LjFjYmRhZmQ2MDBkZGNhNWJkOThh\nZDljNDFiNmVjZDIw\n"
        }
    },
    {
        "pk": "fd8ddbb6df744157294e452372911ffb",
        "model": "sessions.session",
        "fields": {
            "expire_date": "2011-04-06 13:07:34",
            "session_data": "gAJ9cQEuYjdkNmFjNmM4YzczODc3OTRiZDFmYTcwMTIwYTI0NjQ=\n"
        }
    },
    {
        "pk": "e95888a465f0d2e3cc7d5b776506bbb2",
        "model": "sessions.session",
        "fields": {
            "expire_date": "2011-04-06 18:27:16",
            "session_data": "gAJ9cQFVCnRlc3Rjb29raWVxAlUGd29ya2VkcQNzLmI4N2M0ZTcyNDE0OWU2NmI0MmQ5ODJkYTIx\nNDhhMTk1\n"
        }
    },
    {
        "pk": "3e135b31e357e33a2d79d56531c608f4",
        "model": "sessions.session",
        "fields": {
            "expire_date": "2011-04-12 16:51:08",
            "session_data": "gAJ9cQEoVQ5jbXNfYWRtaW5fc2l0ZXECSwFVDV9hdXRoX3VzZXJfaWRxA0sBVRJfYXV0aF91c2Vy\nX2JhY2tlbmRxBFUpZGphbmdvLmNvbnRyaWIuYXV0aC5iYWNrZW5kcy5Nb2RlbEJhY2tlbmRxBXUu\nNTc4MGI1OTllOTE0ZjljYTBlYTVjZmMyMTFjNjc2YWY=\n"
        }
    },
    {
        "pk": "828b289742c29618f80973aff6f1f11c",
        "model": "sessions.session",
        "fields": {
            "expire_date": "2011-04-20 14:48:05",
            "session_data": "gAJ9cQFVCnRlc3Rjb29raWVxAlUGd29ya2VkcQNzLmI4N2M0ZTcyNDE0OWU2NmI0MmQ5ODJkYTIx\nNDhhMTk1\n"
        }
    },
    {
        "pk": "a39bd9a22f723a8edd60051e35d52038",
        "model": "sessions.session",
        "fields": {
            "expire_date": "2011-04-20 14:48:29",
            "session_data": "gAJ9cQFVCnRlc3Rjb29raWVxAlUGd29ya2VkcQNzLmI4N2M0ZTcyNDE0OWU2NmI0MmQ5ODJkYTIx\nNDhhMTk1\n"
        }
    },
    {
        "pk": "c667c4ed3be1bba6067cf1b23e538810",
        "model": "sessions.session",
        "fields": {
            "expire_date": "2011-04-20 14:50:05",
            "session_data": "gAJ9cQFVCnRlc3Rjb29raWVxAlUGd29ya2VkcQNzLmI4N2M0ZTcyNDE0OWU2NmI0MmQ5ODJkYTIx\nNDhhMTk1\n"
        }
    },
    {
        "pk": "80e71700fcca1cd5df15b665cfe0a2c7",
        "model": "sessions.session",
        "fields": {
            "expire_date": "2011-04-20 14:52:38",
            "session_data": "gAJ9cQFVCnRlc3Rjb29raWVxAlUGd29ya2VkcQNzLmI4N2M0ZTcyNDE0OWU2NmI0MmQ5ODJkYTIx\nNDhhMTk1\n"
        }
    },
    {
        "pk": "88e4c1a3df9f7c4221ebb35381e04652",
        "model": "sessions.session",
        "fields": {
            "expire_date": "2011-04-21 23:40:55",
            "session_data": "gAJ9cQEoVQ5jbXNfYWRtaW5fc2l0ZXECSwFVDV9hdXRoX3VzZXJfaWRxA0sBVRJfYXV0aF91c2Vy\nX2JhY2tlbmRxBFUpZGphbmdvLmNvbnRyaWIuYXV0aC5iYWNrZW5kcy5Nb2RlbEJhY2tlbmRxBXUu\nNTc4MGI1OTllOTE0ZjljYTBlYTVjZmMyMTFjNjc2YWY=\n"
        }
    },
    {
        "pk": "a94c6f33f793d785a0d04f0a44b59b11",
        "model": "sessions.session",
        "fields": {
            "expire_date": "2011-07-11 09:56:55",
            "session_data": "ZmM3NDNiMWJiZmJiMDcyNjY5NDIxYzhhMmU4ZTQzNDZkZDIxYjY2NTqAAn1xAShVEl9hdXRoX3Vz\nZXJfYmFja2VuZHECVSlkamFuZ28uY29udHJpYi5hdXRoLmJhY2tlbmRzLk1vZGVsQmFja2VuZHED\nVQ1fYXV0aF91c2VyX2lkcQRLAXUu\n"
        }
    },
    {
        "pk": "81704ae7f31c3a836802fc37e1f2ad87",
        "model": "sessions.session",
        "fields": {
            "expire_date": "2011-07-11 14:54:33",
            "session_data": "YzFlNjFhMzY4MzgwM2ZmNzk2NWZlZjJiOGY5MmNlZTRkNTk3MWY5MDqAAn1xAShVEl9hdXRoX3Vz\nZXJfYmFja2VuZHECVSlkamFuZ28uY29udHJpYi5hdXRoLmJhY2tlbmRzLk1vZGVsQmFja2VuZHED\nVQ1fYXV0aF91c2VyX2lkcQRLAVUIY21zX2VkaXRxBYh1Lg==\n"
        }
    },
    {
        "pk": "7485ba5f90cbd763ae124124e831135b",
        "model": "sessions.session",
        "fields": {
            "expire_date": "2011-07-23 09:57:33",
            "session_data": "ZmM3NDNiMWJiZmJiMDcyNjY5NDIxYzhhMmU4ZTQzNDZkZDIxYjY2NTqAAn1xAShVEl9hdXRoX3Vz\nZXJfYmFja2VuZHECVSlkamFuZ28uY29udHJpYi5hdXRoLmJhY2tlbmRzLk1vZGVsQmFja2VuZHED\nVQ1fYXV0aF91c2VyX2lkcQRLAXUu\n"
        }
    },
    {
        "pk": "bcb81d53b028650627b0f6a1ace887b3",
        "model": "sessions.session",
        "fields": {
            "expire_date": "2011-07-26 17:36:55",
            "session_data": "OTBlZjQ0NzNhMzEzN2EyN2EwZjc4OTFkMTg4OWNlMDdiYzg4YTk4MjqAAn1xAShVDmNtc19hZG1p\nbl9zaXRlcQJLAVUSX2F1dGhfdXNlcl9iYWNrZW5kcQNVKWRqYW5nby5jb250cmliLmF1dGguYmFj\na2VuZHMuTW9kZWxCYWNrZW5kcQRVDV9hdXRoX3VzZXJfaWRxBUsBVQhjbXNfZWRpdHEGiHUu\n"
        }
    },
    {
        "pk": "2b2085244f084f0fce5e4c90a243a2bf",
        "model": "sessions.session",
        "fields": {
            "expire_date": "2011-07-26 15:40:02",
            "session_data": "Y2I1ZjQ0ODMyYTUxYmM0ZTAyYmYxNDEzNDIyNGY0ZTEzOTk5YjNlMTqAAn1xAS4=\n"
        }
    },
    {
        "pk": "3b5842040754bafa87e975c7d27bdd6f",
        "model": "sessions.session",
        "fields": {
            "expire_date": "2011-08-14 15:02:57",
            "session_data": "Y2I1ZjQ0ODMyYTUxYmM0ZTAyYmYxNDEzNDIyNGY0ZTEzOTk5YjNlMTqAAn1xAS4=\n"
        }
    },
    {
        "pk": "a66ea9763749c5e30ca82bbbd5debd9e",
        "model": "sessions.session",
        "fields": {
            "expire_date": "2011-08-19 12:50:50",
            "session_data": "NDk4ODE3N2ZmMzA0N2YzNzdjZmRkYTQyYmVlZTEyN2RlMWEwM2IxZTqAAn1xAShVDmNtc19hZG1p\nbl9zaXRlcQJLAVUNX2F1dGhfdXNlcl9pZHEDSwFVEl9hdXRoX3VzZXJfYmFja2VuZHEEVSlkamFu\nZ28uY29udHJpYi5hdXRoLmJhY2tlbmRzLk1vZGVsQmFja2VuZHEFVQhjbXNfZWRpdHEGiHUu\n"
        }
    },
    {
        "pk": "3268611749d7048351ca4802de4f82c3",
        "model": "sessions.session",
        "fields": {
            "expire_date": "2011-08-21 09:46:50",
            "session_data": "MjZkODY5ZDg1MjYzOWU0MDBkNGU4MmU4ZjA4OTk2ZjBkOGE2MTE0MzqAAn1xAShVDmNtc19hZG1p\nbl9zaXRlcQJLAVUIY21zX2VkaXRxA4hVEl9hdXRoX3VzZXJfYmFja2VuZHEEVSlkamFuZ28uY29u\ndHJpYi5hdXRoLmJhY2tlbmRzLk1vZGVsQmFja2VuZHEFVQ1fYXV0aF91c2VyX2lkcQZLAXUu\n"
        }
    },
    {
        "pk": "b240d0902c9b270e874778f1acce41e1",
        "model": "sessions.session",
        "fields": {
            "expire_date": "2011-09-10 14:06:59",
            "session_data": "YzUxYjQzNzliYTg4OWE4Yjg5MTMzODI5MTJkN2QyMDViZjE3NzVmYzqAAn1xAShVDmNtc19hZG1p\nbl9zaXRlcQJLAVUNX2F1dGhfdXNlcl9pZHEDSwFVCGNtc19lZGl0cQSJVRJfYXV0aF91c2VyX2Jh\nY2tlbmRxBVUpZGphbmdvLmNvbnRyaWIuYXV0aC5iYWNrZW5kcy5Nb2RlbEJhY2tlbmRxBlUPZGph\nbmdvX2xhbmd1YWdlcQdYAgAAAGVucQh1Lg==\n"
        }
    },
    {
        "pk": "a9c7939b500bd0e3aa1eede53a526d5a",
        "model": "sessions.session",
        "fields": {
            "expire_date": "2011-09-26 16:35:39",
            "session_data": "MTY0OGFlNjZjNjg5NWU0ZTkxNzVhNTI3Y2JiYmQ0MzY4ZGE0ZmUzNzqAAn1xAShVDmNtc19hZG1p\nbl9zaXRlcQJLAVUSX2F1dGhfdXNlcl9iYWNrZW5kcQNVKWRqYW5nby5jb250cmliLmF1dGguYmFj\na2VuZHMuTW9kZWxCYWNrZW5kcQRVD2RqYW5nb19sYW5ndWFnZXEFWAIAAABlbnEGVQ1fYXV0aF91\nc2VyX2lkcQdLAXUu\n"
        }
    },
    {
        "pk": "9fd6f26ab09424a6624743c0161c5592",
        "model": "sessions.session",
        "fields": {
            "expire_date": "2011-09-26 14:54:02",
            "session_data": "Yjk5YWI3ZjUwOTE0MWIyMTA0MDU5OTJkNzYxNzczMDQ4ODBmZTk4ZDqAAn1xAShVEl9hdXRoX3Vz\nZXJfYmFja2VuZHECVSlkamFuZ28uY29udHJpYi5hdXRoLmJhY2tlbmRzLk1vZGVsQmFja2VuZHED\nVQ9kamFuZ29fbGFuZ3VhZ2VxBFgCAAAAZW5xBVUNX2F1dGhfdXNlcl9pZHEGSwF1Lg==\n"
        }
    },
    {
        "pk": 1,
        "model": "sites.site",
        "fields": {
            "domain": "influenzanet.eu",
            "name": "Influenzanet"
        }
    },
    {
        "pk": 367,
        "model": "admin.logentry",
        "fields": {
            "action_flag": 2,
            "action_time": "2011-09-26 12:39:11",
            "object_repr": "Surveys",
            "object_id": "16",
            "change_message": "Changed navigation_extenders and moderator_state.",
            "user": 1,
            "content_type": 31
        }
    },
    {
        "pk": 366,
        "model": "admin.logentry",
        "fields": {
            "action_flag": 1,
            "action_time": "2011-09-26 12:38:55",
            "object_repr": "Surveys",
            "object_id": "16",
            "change_message": "",
            "user": 1,
            "content_type": 31
        }
    },
    {
        "pk": 365,
        "model": "admin.logentry",
        "fields": {
            "action_flag": 2,
            "action_time": "2011-08-27 14:06:56",
            "object_repr": "Recruitment of animator / recruiter / communication expert for Influenzanet in France",
            "object_id": "1",
            "change_message": "Changed content.",
            "user": 1,
            "content_type": 29
        }
    },
    {
        "pk": 364,
        "model": "admin.logentry",
        "fields": {
            "action_flag": 3,
            "action_time": "2011-08-27 14:01:03",
            "object_repr": "News snippet (Left bar)",
            "object_id": "10",
            "change_message": "",
            "user": 1,
            "content_type": 25
        }
    },
    {
        "pk": 363,
        "model": "admin.logentry",
        "fields": {
            "action_flag": 2,
            "action_time": "2011-08-27 13:21:09",
            "object_repr": "News",
            "object_id": "15",
            "change_message": "Changed published, application_urls and moderator_state.",
            "user": 1,
            "content_type": 31
        }
    },
    {
        "pk": 362,
        "model": "admin.logentry",
        "fields": {
            "action_flag": 1,
            "action_time": "2011-08-27 13:20:52",
            "object_repr": "News",
            "object_id": "15",
            "change_message": "",
            "user": 1,
            "content_type": 31
        }
    },
    {
        "pk": 361,
        "model": "admin.logentry",
        "fields": {
            "action_flag": 2,
            "action_time": "2011-08-27 13:18:52",
            "object_repr": "Recruitment of animator / recruiter / communication expert for Influenzanet in France",
            "object_id": "1",
            "change_message": "Changed title, slug, excerpt and content.",
            "user": 1,
            "content_type": 29
        }
    },
    {
        "pk": 360,
        "model": "admin.logentry",
        "fields": {
            "action_flag": 1,
            "action_time": "2011-08-27 12:07:39",
            "object_repr": "My first entry",
            "object_id": "1",
            "change_message": "",
            "user": 1,
            "content_type": 29
        }
    },
    {
        "pk": 359,
        "model": "admin.logentry",
        "fields": {
            "action_flag": 1,
            "action_time": "2011-08-27 12:06:54",
            "object_repr": "Influenza",
            "object_id": "1",
            "change_message": "",
            "user": 1,
            "content_type": 28
        }
    },
    {
        "pk": 358,
        "model": "admin.logentry",
        "fields": {
            "action_flag": 2,
            "action_time": "2011-08-05 15:38:43",
            "object_repr": "influenzanet.eu",
            "object_id": "1",
            "change_message": "No fields changed.",
            "user": 1,
            "content_type": 7
        }
    },
    {
        "pk": 357,
        "model": "admin.logentry",
        "fields": {
            "action_flag": 2,
            "action_time": "2011-08-05 15:38:19",
            "object_repr": "influenzanet.eu",
            "object_id": "1",
            "change_message": "Changed logo and light_color for Site settings \"Site settings\".",
            "user": 1,
            "content_type": 7
        }
    },
    {
        "pk": 356,
        "model": "admin.logentry",
        "fields": {
            "action_flag": 2,
            "action_time": "2011-08-05 15:37:01",
            "object_repr": "influenzanet.eu",
            "object_id": "1",
            "change_message": "Changed domain and name. Changed logo and light_color for Site settings \"Site settings\".",
            "user": 1,
            "content_type": 7
        }
    },
    {
        "pk": 355,
        "model": "admin.logentry",
        "fields": {
            "action_flag": 2,
            "action_time": "2011-08-05 12:50:24",
            "object_repr": "News snippet (Left bar)",
            "object_id": "10",
            "change_message": "Changed html.",
            "user": 1,
            "content_type": 25
        }
    },
    {
        "pk": 354,
        "model": "admin.logentry",
        "fields": {
            "action_flag": 1,
            "action_time": "2011-07-12 15:03:59",
            "object_repr": "Sent",
            "object_id": "14",
            "change_message": "",
            "user": 1,
            "content_type": 31
        }
    },
    {
        "pk": 353,
        "model": "admin.logentry",
        "fields": {
            "action_flag": 2,
            "action_time": "2011-07-11 17:17:39",
            "object_repr": "Data application (Link)",
            "object_id": "13",
            "change_message": "Changed html.",
            "user": 1,
            "content_type": 25
        }
    },
    {
        "pk": 352,
        "model": "admin.logentry",
        "fields": {
            "action_flag": 2,
            "action_time": "2011-07-11 17:16:39",
            "object_repr": "Data application (Link)",
            "object_id": "13",
            "change_message": "Changed html.",
            "user": 1,
            "content_type": 25
        }
    },
    {
        "pk": 351,
        "model": "admin.logentry",
        "fields": {
            "action_flag": 2,
            "action_time": "2011-07-11 17:15:57",
            "object_repr": "Data application (Link)",
            "object_id": "13",
            "change_message": "Changed name.",
            "user": 1,
            "content_type": 25
        }
    },
    {
        "pk": 350,
        "model": "admin.logentry",
        "fields": {
            "action_flag": 1,
            "action_time": "2011-07-11 17:15:48",
            "object_repr": "Data application (link)",
            "object_id": "13",
            "change_message": "",
            "user": 1,
            "content_type": 25
        }
    },
    {
        "pk": 349,
        "model": "admin.logentry",
        "fields": {
            "action_flag": 1,
            "action_time": "2011-07-11 16:36:25",
            "object_repr": "Questionnaire (Link)",
            "object_id": "12",
            "change_message": "",
            "user": 1,
            "content_type": 25
        }
    },
    {
        "pk": 348,
        "model": "admin.logentry",
        "fields": {
            "action_flag": 2,
            "action_time": "2011-07-11 15:59:55",
            "object_repr": "Method",
            "object_id": "5",
            "change_message": "Changed moderator_state.",
            "user": 1,
            "content_type": 31
        }
    },
    {
        "pk": 347,
        "model": "admin.logentry",
        "fields": {
            "action_flag": 2,
            "action_time": "2011-07-11 15:54:55",
            "object_repr": "Method",
            "object_id": "5",
            "change_message": "Changed moderator_state.",
            "user": 1,
            "content_type": 31
        }
    },
    {
        "pk": 346,
        "model": "admin.logentry",
        "fields": {
            "action_flag": 2,
            "action_time": "2011-07-11 15:53:26",
            "object_repr": "Epiwork text (Right bar)",
            "object_id": "11",
            "change_message": "Changed html.",
            "user": 1,
            "content_type": 25
        }
    },
    {
        "pk": 345,
        "model": "admin.logentry",
        "fields": {
            "action_flag": 1,
            "action_time": "2011-07-11 15:53:01",
            "object_repr": "Epiwork text (Right bar)",
            "object_id": "11",
            "change_message": "",
            "user": 1,
            "content_type": 25
        }
    },
    {
        "pk": 344,
        "model": "admin.logentry",
        "fields": {
            "action_flag": 2,
            "action_time": "2011-07-11 15:41:40",
            "object_repr": "News snippet (Left bar)",
            "object_id": "10",
            "change_message": "Changed html.",
            "user": 1,
            "content_type": 25
        }
    },
    {
        "pk": 343,
        "model": "admin.logentry",
        "fields": {
            "action_flag": 2,
            "action_time": "2011-07-11 15:40:31",
            "object_repr": "Epiwork banner (Right bar)",
            "object_id": "8",
            "change_message": "Changed html.",
            "user": 1,
            "content_type": 25
        }
    },
    {
        "pk": 342,
        "model": "admin.logentry",
        "fields": {
            "action_flag": 2,
            "action_time": "2011-07-11 15:38:59",
            "object_repr": "Newsitem 2",
            "object_id": "13",
            "change_message": "Changed moderator_state.",
            "user": 1,
            "content_type": 31
        }
    },
    {
        "pk": 341,
        "model": "admin.logentry",
        "fields": {
            "action_flag": 2,
            "action_time": "2011-07-11 15:38:41",
            "object_repr": "Newsitem 1",
            "object_id": "12",
            "change_message": "Changed moderator_state.",
            "user": 1,
            "content_type": 31
        }
    },
    {
        "pk": 340,
        "model": "admin.logentry",
        "fields": {
            "action_flag": 2,
            "action_time": "2011-07-11 15:37:45",
            "object_repr": "News snippet (Left bar)",
            "object_id": "10",
            "change_message": "Changed html.",
            "user": 1,
            "content_type": 25
        }
    },
    {
        "pk": 339,
        "model": "admin.logentry",
        "fields": {
            "action_flag": 2,
            "action_time": "2011-07-11 15:34:50",
            "object_repr": "Newsitem 2",
            "object_id": "13",
            "change_message": "Changed moderator_state.",
            "user": 1,
            "content_type": 31
        }
    },
    {
        "pk": 338,
        "model": "admin.logentry",
        "fields": {
            "action_flag": 1,
            "action_time": "2011-07-11 15:34:04",
            "object_repr": "Newsitem 2",
            "object_id": "13",
            "change_message": "",
            "user": 1,
            "content_type": 31
        }
    },
    {
        "pk": 337,
        "model": "admin.logentry",
        "fields": {
            "action_flag": 2,
            "action_time": "2011-07-11 15:33:49",
            "object_repr": "Newsitem 1",
            "object_id": "12",
            "change_message": "Changed moderator_state.",
            "user": 1,
            "content_type": 31
        }
    },
    {
        "pk": 336,
        "model": "admin.logentry",
        "fields": {
            "action_flag": 1,
            "action_time": "2011-07-11 15:32:37",
            "object_repr": "Newsitem 1",
            "object_id": "12",
            "change_message": "",
            "user": 1,
            "content_type": 31
        }
    },
    {
        "pk": 335,
        "model": "admin.logentry",
        "fields": {
            "action_flag": 2,
            "action_time": "2011-07-11 15:30:32",
            "object_repr": "News snippet (Left bar)",
            "object_id": "10",
            "change_message": "Changed html.",
            "user": 1,
            "content_type": 25
        }
    },
    {
        "pk": 334,
        "model": "admin.logentry",
        "fields": {
            "action_flag": 2,
            "action_time": "2011-07-11 15:23:44",
            "object_repr": "News snippet (Left bar)",
            "object_id": "10",
            "change_message": "Changed name.",
            "user": 1,
            "content_type": 25
        }
    },
    {
        "pk": 333,
        "model": "admin.logentry",
        "fields": {
            "action_flag": 1,
            "action_time": "2011-07-11 15:23:31",
            "object_repr": "News snippet",
            "object_id": "10",
            "change_message": "",
            "user": 1,
            "content_type": 25
        }
    },
    {
        "pk": 332,
        "model": "admin.logentry",
        "fields": {
            "action_flag": 2,
            "action_time": "2011-07-11 15:21:04",
            "object_repr": "Home",
            "object_id": "1",
            "change_message": "Changed moderator_state.",
            "user": 1,
            "content_type": 31
        }
    },
    {
        "pk": 331,
        "model": "admin.logentry",
        "fields": {
            "action_flag": 2,
            "action_time": "2011-07-09 07:50:20",
            "object_repr": "Facebook \"Like\" box (Right bar)",
            "object_id": "9",
            "change_message": "Changed html.",
            "user": 1,
            "content_type": 25
        }
    },
    {
        "pk": 330,
        "model": "admin.logentry",
        "fields": {
            "action_flag": 2,
            "action_time": "2011-07-09 07:49:06",
            "object_repr": "Facebook \"Like\" box (Right bar)",
            "object_id": "9",
            "change_message": "Changed html.",
            "user": 1,
            "content_type": 25
        }
    },
    {
        "pk": 329,
        "model": "admin.logentry",
        "fields": {
            "action_flag": 2,
            "action_time": "2011-07-09 07:48:48",
            "object_repr": "Facebook \"Like\" box (Right bar)",
            "object_id": "9",
            "change_message": "Changed html.",
            "user": 1,
            "content_type": 25
        }
    },
    {
        "pk": 328,
        "model": "admin.logentry",
        "fields": {
            "action_flag": 2,
            "action_time": "2011-07-09 07:48:26",
            "object_repr": "Facebook \"Like\" box (Right bar)",
            "object_id": "9",
            "change_message": "Changed html.",
            "user": 1,
            "content_type": 25
        }
    },
    {
        "pk": 327,
        "model": "admin.logentry",
        "fields": {
            "action_flag": 2,
            "action_time": "2011-07-08 17:00:50",
            "object_repr": "Facebook \"Like\" box (Right bar)",
            "object_id": "9",
            "change_message": "Changed html.",
            "user": 1,
            "content_type": 25
        }
    },
    {
        "pk": 326,
        "model": "admin.logentry",
        "fields": {
            "action_flag": 2,
            "action_time": "2011-07-08 16:59:23",
            "object_repr": "Facebook \"Like\" box (Right bar)",
            "object_id": "9",
            "change_message": "Changed html.",
            "user": 1,
            "content_type": 25
        }
    },
    {
        "pk": 325,
        "model": "admin.logentry",
        "fields": {
            "action_flag": 2,
            "action_time": "2011-07-04 17:17:18",
            "object_repr": "Contact",
            "object_id": "9",
            "change_message": "Changed reverse_id and moderator_state.",
            "user": 1,
            "content_type": 31
        }
    },
    {
        "pk": 324,
        "model": "admin.logentry",
        "fields": {
            "action_flag": 2,
            "action_time": "2011-07-04 14:55:42",
            "object_repr": "Epiwork banner (Right bar)",
            "object_id": "8",
            "change_message": "Changed html.",
            "user": 1,
            "content_type": 25
        }
    },
    {
        "pk": 323,
        "model": "admin.logentry",
        "fields": {
            "action_flag": 2,
            "action_time": "2011-07-04 14:53:54",
            "object_repr": "Epiwork banner (Right bar)",
            "object_id": "8",
            "change_message": "Changed html.",
            "user": 1,
            "content_type": 25
        }
    },
    {
        "pk": 322,
        "model": "admin.logentry",
        "fields": {
            "action_flag": 3,
            "action_time": "2011-07-04 14:52:21",
            "object_repr": "submenu",
            "object_id": "7",
            "change_message": "",
            "user": 1,
            "content_type": 25
        }
    },
    {
        "pk": 321,
        "model": "admin.logentry",
        "fields": {
            "action_flag": 3,
            "action_time": "2011-07-04 14:51:10",
            "object_repr": "Wat is griep - Side",
            "object_id": "6",
            "change_message": "",
            "user": 1,
            "content_type": 25
        }
    },
    {
        "pk": 320,
        "model": "admin.logentry",
        "fields": {
            "action_flag": 3,
            "action_time": "2011-07-04 14:51:10",
            "object_repr": "Sponsors en Partijen",
            "object_id": "4",
            "change_message": "",
            "user": 1,
            "content_type": 25
        }
    },
    {
        "pk": 319,
        "model": "admin.logentry",
        "fields": {
            "action_flag": 3,
            "action_time": "2011-07-04 14:51:10",
            "object_repr": "Het Project - Side",
            "object_id": "3",
            "change_message": "",
            "user": 1,
            "content_type": 25
        }
    },
    {
        "pk": 318,
        "model": "admin.logentry",
        "fields": {
            "action_flag": 3,
            "action_time": "2011-07-04 14:51:10",
            "object_repr": "Deelnemende partijen - Info",
            "object_id": "5",
            "change_message": "",
            "user": 1,
            "content_type": 25
        }
    },
    {
        "pk": 317,
        "model": "admin.logentry",
        "fields": {
            "action_flag": 1,
            "action_time": "2011-07-04 14:50:53",
            "object_repr": "Facebook \"Like\" box (Right bar)",
            "object_id": "9",
            "change_message": "",
            "user": 1,
            "content_type": 25
        }
    },
    {
        "pk": 316,
        "model": "admin.logentry",
        "fields": {
            "action_flag": 1,
            "action_time": "2011-07-04 14:49:52",
            "object_repr": "Epiwork banner (Right bar)",
            "object_id": "8",
            "change_message": "",
            "user": 1,
            "content_type": 25
        }
    },
    {
        "pk": 315,
        "model": "admin.logentry",
        "fields": {
            "action_flag": 1,
            "action_time": "2011-07-04 14:45:03",
            "object_repr": "Results",
            "object_id": "11",
            "change_message": "",
            "user": 1,
            "content_type": 31
        }
    },
    {
        "pk": 314,
        "model": "admin.logentry",
        "fields": {
            "action_flag": 1,
            "action_time": "2011-07-04 14:44:41",
            "object_repr": "Map",
            "object_id": "10",
            "change_message": "",
            "user": 1,
            "content_type": 31
        }
    },
    {
        "pk": 313,
        "model": "admin.logentry",
        "fields": {
            "action_flag": 2,
            "action_time": "2011-07-04 14:41:20",
            "object_repr": "Publications",
            "object_id": "8",
            "change_message": "Changed template and moderator_state.",
            "user": 1,
            "content_type": 31
        }
    },
    {
        "pk": 312,
        "model": "admin.logentry",
        "fields": {
            "action_flag": 1,
            "action_time": "2011-07-04 14:37:33",
            "object_repr": "Contact",
            "object_id": "9",
            "change_message": "",
            "user": 1,
            "content_type": 31
        }
    },
    {
        "pk": 311,
        "model": "admin.logentry",
        "fields": {
            "action_flag": 3,
            "action_time": "2011-07-04 14:37:13",
            "object_repr": "",
            "object_id": "10",
            "change_message": "",
            "user": 1,
            "content_type": 31
        }
    },
    {
        "pk": 310,
        "model": "admin.logentry",
        "fields": {
            "action_flag": 3,
            "action_time": "2011-07-04 14:37:07",
            "object_repr": "",
            "object_id": "9",
            "change_message": "",
            "user": 1,
            "content_type": 31
        }
    },
    {
        "pk": 309,
        "model": "admin.logentry",
        "fields": {
            "action_flag": 3,
            "action_time": "2011-07-04 14:36:54",
            "object_repr": "",
            "object_id": "15",
            "change_message": "",
            "user": 1,
            "content_type": 31
        }
    },
    {
        "pk": 308,
        "model": "admin.logentry",
        "fields": {
            "action_flag": 2,
            "action_time": "2011-07-04 14:36:35",
            "object_repr": "Publications",
            "object_id": "8",
            "change_message": "Changed title, slug and moderator_state.",
            "user": 1,
            "content_type": 31
        }
    },
    {
        "pk": 307,
        "model": "admin.logentry",
        "fields": {
            "action_flag": 2,
            "action_time": "2011-07-04 14:36:12",
            "object_repr": "Data",
            "object_id": "7",
            "change_message": "Changed title, slug and moderator_state.",
            "user": 1,
            "content_type": 31
        }
    },
    {
        "pk": 306,
        "model": "admin.logentry",
        "fields": {
            "action_flag": 3,
            "action_time": "2011-07-04 14:35:59",
            "object_repr": "",
            "object_id": "6",
            "change_message": "",
            "user": 1,
            "content_type": 31
        }
    },
    {
        "pk": 305,
        "model": "admin.logentry",
        "fields": {
            "action_flag": 2,
            "action_time": "2011-07-04 14:35:51",
            "object_repr": "Method",
            "object_id": "5",
            "change_message": "Changed title, slug, template and moderator_state.",
            "user": 1,
            "content_type": 31
        }
    },
    {
        "pk": 304,
        "model": "admin.logentry",
        "fields": {
            "action_flag": 3,
            "action_time": "2011-07-04 14:34:53",
            "object_repr": "",
            "object_id": "4",
            "change_message": "",
            "user": 1,
            "content_type": 31
        }
    },
    {
        "pk": 303,
        "model": "admin.logentry",
        "fields": {
            "action_flag": 3,
            "action_time": "2011-07-04 14:34:47",
            "object_repr": "",
            "object_id": "3",
            "change_message": "",
            "user": 1,
            "content_type": 31
        }
    },
    {
        "pk": 302,
        "model": "admin.logentry",
        "fields": {
            "action_flag": 3,
            "action_time": "2011-07-04 14:34:39",
            "object_repr": "Nieuws",
            "object_id": "2",
            "change_message": "",
            "user": 1,
            "content_type": 31
        }
    },
    {
        "pk": 301,
        "model": "admin.logentry",
        "fields": {
            "action_flag": 2,
            "action_time": "2011-07-04 14:08:02",
            "object_repr": "Latest news",
            "object_id": "1",
            "change_message": "Changed title and slug.",
            "user": 1,
            "content_type": 28
        }
    },
    {
        "pk": 300,
        "model": "admin.logentry",
        "fields": {
            "action_flag": 2,
            "action_time": "2011-07-04 13:57:21",
            "object_repr": "Home",
            "object_id": "1",
            "change_message": "moderator_state gewijzigd.",
            "user": 1,
            "content_type": 31
        }
    },
    {
        "pk": 299,
        "model": "admin.logentry",
        "fields": {
            "action_flag": 2,
            "action_time": "2011-07-04 13:21:02",
            "object_repr": "Home",
            "object_id": "1",
            "change_message": "template en moderator_state gewijzigd.",
            "user": 1,
            "content_type": 31
        }
    },
    {
        "pk": 298,
        "model": "admin.logentry",
        "fields": {
            "action_flag": 3,
            "action_time": "2011-07-04 13:17:54",
            "object_repr": "Privacy/Disclaimer",
            "object_id": "13",
            "change_message": "",
            "user": 1,
            "content_type": 31
        }
    },
    {
        "pk": 297,
        "model": "admin.logentry",
        "fields": {
            "action_flag": 3,
            "action_time": "2011-07-04 13:17:48",
            "object_repr": "Inlogproblemen",
            "object_id": "11",
            "change_message": "",
            "user": 1,
            "content_type": 31
        }
    },
    {
        "pk": 296,
        "model": "admin.logentry",
        "fields": {
            "action_flag": 3,
            "action_time": "2011-07-04 13:17:40",
            "object_repr": "Archief",
            "object_id": "12",
            "change_message": "",
            "user": 1,
            "content_type": 31
        }
    },
    {
        "pk": 295,
        "model": "admin.logentry",
        "fields": {
            "action_flag": 2,
            "action_time": "2011-07-04 12:04:50",
            "object_repr": "admin",
            "object_id": "1",
            "change_message": "groups gewijzigd.",
            "user": 1,
            "content_type": 3
        }
    },
    {
        "pk": 294,
        "model": "admin.logentry",
        "fields": {
            "action_flag": 1,
            "action_time": "2011-07-04 12:04:30",
            "object_repr": "Administrator",
            "object_id": "1",
            "change_message": "",
            "user": 1,
            "content_type": 2
        }
    },
    {
        "pk": 293,
        "model": "admin.logentry",
        "fields": {
            "action_flag": 2,
            "action_time": "2011-04-07 23:34:56",
            "object_repr": "+Privacy/Disclaimer",
            "object_id": "13",
            "change_message": "template, language en moderator_state gewijzigd.",
            "user": 1,
            "content_type": 31
        }
    },
    {
        "pk": 292,
        "model": "admin.logentry",
        "fields": {
            "action_flag": 2,
            "action_time": "2011-04-07 23:13:43",
            "object_repr": "+Inlogproblemen",
            "object_id": "11",
            "change_message": "template, language en moderator_state gewijzigd.",
            "user": 1,
            "content_type": 31
        }
    },
    {
        "pk": 291,
        "model": "admin.logentry",
        "fields": {
            "action_flag": 3,
            "action_time": "2011-04-07 22:43:51",
            "object_repr": "How to make news",
            "object_id": "6",
            "change_message": "",
            "user": 1,
            "content_type": 29
        }
    },
    {
        "pk": 290,
        "model": "admin.logentry",
        "fields": {
            "action_flag": 1,
            "action_time": "2011-04-07 22:16:20",
            "object_repr": "+English learning materials",
            "object_id": "37",
            "change_message": "",
            "user": 1,
            "content_type": 31
        }
    },
    {
        "pk": 289,
        "model": "admin.logentry",
        "fields": {
            "action_flag": 1,
            "action_time": "2011-04-07 22:15:46",
            "object_repr": "+Materiaal middelbare school",
            "object_id": "36",
            "change_message": "",
            "user": 1,
            "content_type": 31
        }
    },
    {
        "pk": 288,
        "model": "admin.logentry",
        "fields": {
            "action_flag": 1,
            "action_time": "2011-04-07 22:15:25",
            "object_repr": "+Materiaal basisschool",
            "object_id": "35",
            "change_message": "",
            "user": 1,
            "content_type": 31
        }
    },
    {
        "pk": 287,
        "model": "admin.logentry",
        "fields": {
            "action_flag": 1,
            "action_time": "2011-04-07 22:15:02",
            "object_repr": "+Vragenlijst voor in de klas",
            "object_id": "34",
            "change_message": "",
            "user": 1,
            "content_type": 31
        }
    },
    {
        "pk": 286,
        "model": "admin.logentry",
        "fields": {
            "action_flag": 1,
            "action_time": "2011-04-07 22:14:27",
            "object_repr": "+Aanmelden als groep/klas",
            "object_id": "33",
            "change_message": "",
            "user": 1,
            "content_type": 31
        }
    },
    {
        "pk": 285,
        "model": "admin.logentry",
        "fields": {
            "action_flag": 2,
            "action_time": "2011-04-07 22:13:23",
            "object_repr": "+Relevante publicaties",
            "object_id": "32",
            "change_message": "title, published, language en moderator_state gewijzigd.",
            "user": 1,
            "content_type": 31
        }
    },
    {
        "pk": 284,
        "model": "admin.logentry",
        "fields": {
            "action_flag": 1,
            "action_time": "2011-04-07 22:13:04",
            "object_repr": "+Relevante publicaties",
            "object_id": "32",
            "change_message": "",
            "user": 1,
            "content_type": 31
        }
    },
    {
        "pk": 283,
        "model": "admin.logentry",
        "fields": {
            "action_flag": 1,
            "action_time": "2011-04-07 22:12:39",
            "object_repr": "+Basisinformatie",
            "object_id": "31",
            "change_message": "",
            "user": 1,
            "content_type": 31
        }
    },
    {
        "pk": 282,
        "model": "admin.logentry",
        "fields": {
            "action_flag": 1,
            "action_time": "2011-04-07 22:12:23",
            "object_repr": "+Waarom vaccinatie?",
            "object_id": "30",
            "change_message": "",
            "user": 1,
            "content_type": 31
        }
    },
    {
        "pk": 281,
        "model": "admin.logentry",
        "fields": {
            "action_flag": 1,
            "action_time": "2011-04-07 22:11:13",
            "object_repr": "+Actueel",
            "object_id": "29",
            "change_message": "",
            "user": 1,
            "content_type": 31
        }
    },
    {
        "pk": 280,
        "model": "admin.logentry",
        "fields": {
            "action_flag": 1,
            "action_time": "2011-04-07 22:10:42",
            "object_repr": "+Griepmeting logo's",
            "object_id": "28",
            "change_message": "",
            "user": 1,
            "content_type": 31
        }
    },
    {
        "pk": 279,
        "model": "admin.logentry",
        "fields": {
            "action_flag": 1,
            "action_time": "2011-04-07 22:09:52",
            "object_repr": "+Partners/Sponsors",
            "object_id": "27",
            "change_message": "",
            "user": 1,
            "content_type": 31
        }
    },
    {
        "pk": 278,
        "model": "admin.logentry",
        "fields": {
            "action_flag": 1,
            "action_time": "2011-04-07 22:09:33",
            "object_repr": "+Het GGM team",
            "object_id": "26",
            "change_message": "",
            "user": 1,
            "content_type": 31
        }
    },
    {
        "pk": 277,
        "model": "admin.logentry",
        "fields": {
            "action_flag": 1,
            "action_time": "2011-04-07 22:09:01",
            "object_repr": "+Resultaten",
            "object_id": "25",
            "change_message": "",
            "user": 1,
            "content_type": 31
        }
    },
    {
        "pk": 276,
        "model": "admin.logentry",
        "fields": {
            "action_flag": 1,
            "action_time": "2011-04-07 22:08:49",
            "object_repr": "+Achter de schermen",
            "object_id": "24",
            "change_message": "",
            "user": 1,
            "content_type": 31
        }
    },
    {
        "pk": 275,
        "model": "admin.logentry",
        "fields": {
            "action_flag": 1,
            "action_time": "2011-04-07 22:08:24",
            "object_repr": "+Aanmelden persoon/gezin",
            "object_id": "23",
            "change_message": "",
            "user": 1,
            "content_type": 31
        }
    },
    {
        "pk": 274,
        "model": "admin.logentry",
        "fields": {
            "action_flag": 1,
            "action_time": "2011-04-07 22:07:12",
            "object_repr": "+FAQ Het project",
            "object_id": "22",
            "change_message": "",
            "user": 1,
            "content_type": 31
        }
    },
    {
        "pk": 273,
        "model": "admin.logentry",
        "fields": {
            "action_flag": 1,
            "action_time": "2011-04-07 22:06:50",
            "object_repr": "+FAQ Griepvaccinatie",
            "object_id": "21",
            "change_message": "",
            "user": 1,
            "content_type": 31
        }
    },
    {
        "pk": 272,
        "model": "admin.logentry",
        "fields": {
            "action_flag": 1,
            "action_time": "2011-04-07 22:06:35",
            "object_repr": "+FAQ Vogelgriep",
            "object_id": "20",
            "change_message": "",
            "user": 1,
            "content_type": 31
        }
    },
    {
        "pk": 271,
        "model": "admin.logentry",
        "fields": {
            "action_flag": 2,
            "action_time": "2011-04-07 22:06:18",
            "object_repr": "+FAQ Wat is griep?",
            "object_id": "19",
            "change_message": "published, language en moderator_state gewijzigd.",
            "user": 1,
            "content_type": 31
        }
    },
    {
        "pk": 270,
        "model": "admin.logentry",
        "fields": {
            "action_flag": 1,
            "action_time": "2011-04-07 22:06:13",
            "object_repr": "+FAQ Wat is griep?",
            "object_id": "19",
            "change_message": "",
            "user": 1,
            "content_type": 31
        }
    },
    {
        "pk": 269,
        "model": "admin.logentry",
        "fields": {
            "action_flag": 2,
            "action_time": "2011-04-07 22:05:03",
            "object_repr": "+Kennisbank",
            "object_id": "18",
            "change_message": "published, language en moderator_state gewijzigd.",
            "user": 1,
            "content_type": 31
        }
    },
    {
        "pk": 268,
        "model": "admin.logentry",
        "fields": {
            "action_flag": 1,
            "action_time": "2011-04-07 22:04:59",
            "object_repr": "+Kennisbank",
            "object_id": "18",
            "change_message": "",
            "user": 1,
            "content_type": 31
        }
    },
    {
        "pk": 267,
        "model": "admin.logentry",
        "fields": {
            "action_flag": 2,
            "action_time": "2011-04-07 22:04:46",
            "object_repr": "+Ziekteverloop",
            "object_id": "17",
            "change_message": "published, language en moderator_state gewijzigd.",
            "user": 1,
            "content_type": 31
        }
    },
    {
        "pk": 266,
        "model": "admin.logentry",
        "fields": {
            "action_flag": 1,
            "action_time": "2011-04-07 22:04:38",
            "object_repr": "+Ziekteverloop",
            "object_id": "17",
            "change_message": "",
            "user": 1,
            "content_type": 31
        }
    },
    {
        "pk": 265,
        "model": "admin.logentry",
        "fields": {
            "action_flag": 2,
            "action_time": "2011-04-07 22:04:23",
            "object_repr": "+Hoe voorkom ik het?",
            "object_id": "16",
            "change_message": "published, language en moderator_state gewijzigd.",
            "user": 1,
            "content_type": 31
        }
    },
    {
        "pk": 264,
        "model": "admin.logentry",
        "fields": {
            "action_flag": 1,
            "action_time": "2011-04-07 22:04:15",
            "object_repr": "+Hoe voorkom ik het?",
            "object_id": "16",
            "change_message": "",
            "user": 1,
            "content_type": 31
        }
    },
    {
        "pk": 263,
        "model": "admin.logentry",
        "fields": {
            "action_flag": 1,
            "action_time": "2011-04-07 22:01:58",
            "object_repr": "FAQ",
            "object_id": "15",
            "change_message": "",
            "user": 1,
            "content_type": 31
        }
    },
    {
        "pk": 262,
        "model": "admin.logentry",
        "fields": {
            "action_flag": 1,
            "action_time": "2011-04-07 22:00:46",
            "object_repr": "+In de media/Pers",
            "object_id": "14",
            "change_message": "",
            "user": 1,
            "content_type": 31
        }
    },
    {
        "pk": 261,
        "model": "admin.logentry",
        "fields": {
            "action_flag": 1,
            "action_time": "2011-04-07 22:00:14",
            "object_repr": "+Privacy/Disclaimer",
            "object_id": "13",
            "change_message": "",
            "user": 1,
            "content_type": 31
        }
    },
    {
        "pk": 260,
        "model": "admin.logentry",
        "fields": {
            "action_flag": 1,
            "action_time": "2011-04-07 21:59:49",
            "object_repr": "+Archief",
            "object_id": "12",
            "change_message": "",
            "user": 1,
            "content_type": 31
        }
    },
    {
        "pk": 259,
        "model": "admin.logentry",
        "fields": {
            "action_flag": 2,
            "action_time": "2011-04-07 21:59:07",
            "object_repr": "+Inlogproblemen",
            "object_id": "11",
            "change_message": "published, language en moderator_state gewijzigd.",
            "user": 1,
            "content_type": 31
        }
    },
    {
        "pk": 258,
        "model": "admin.logentry",
        "fields": {
            "action_flag": 1,
            "action_time": "2011-04-07 21:58:59",
            "object_repr": "+Inlogproblemen",
            "object_id": "11",
            "change_message": "",
            "user": 1,
            "content_type": 31
        }
    },
    {
        "pk": 257,
        "model": "admin.logentry",
        "fields": {
            "action_flag": 2,
            "action_time": "2011-04-07 21:55:18",
            "object_repr": "Educatief",
            "object_id": "10",
            "change_message": "published, in_navigation, language en moderator_state gewijzigd.",
            "user": 1,
            "content_type": 31
        }
    },
    {
        "pk": 256,
        "model": "admin.logentry",
        "fields": {
            "action_flag": 1,
            "action_time": "2011-04-07 21:55:13",
            "object_repr": "Educatief",
            "object_id": "10",
            "change_message": "",
            "user": 1,
            "content_type": 31
        }
    },
    {
        "pk": 255,
        "model": "admin.logentry",
        "fields": {
            "action_flag": 2,
            "action_time": "2011-04-07 21:55:01",
            "object_repr": "Zorg",
            "object_id": "9",
            "change_message": "published, in_navigation, language en moderator_state gewijzigd.",
            "user": 1,
            "content_type": 31
        }
    },
    {
        "pk": 254,
        "model": "admin.logentry",
        "fields": {
            "action_flag": 1,
            "action_time": "2011-04-07 21:54:55",
            "object_repr": "Zorg",
            "object_id": "9",
            "change_message": "",
            "user": 1,
            "content_type": 31
        }
    },
    {
        "pk": 253,
        "model": "admin.logentry",
        "fields": {
            "action_flag": 2,
            "action_time": "2011-04-07 21:54:45",
            "object_repr": "Links",
            "object_id": "8",
            "change_message": "published, in_navigation, language en moderator_state gewijzigd.",
            "user": 1,
            "content_type": 31
        }
    },
    {
        "pk": 252,
        "model": "admin.logentry",
        "fields": {
            "action_flag": 1,
            "action_time": "2011-04-07 21:54:41",
            "object_repr": "Links",
            "object_id": "8",
            "change_message": "",
            "user": 1,
            "content_type": 31
        }
    },
    {
        "pk": 251,
        "model": "admin.logentry",
        "fields": {
            "action_flag": 2,
            "action_time": "2011-04-07 21:54:31",
            "object_repr": "Forum",
            "object_id": "7",
            "change_message": "published, in_navigation, language en moderator_state gewijzigd.",
            "user": 1,
            "content_type": 31
        }
    },
    {
        "pk": 250,
        "model": "admin.logentry",
        "fields": {
            "action_flag": 1,
            "action_time": "2011-04-07 21:54:26",
            "object_repr": "Forum",
            "object_id": "7",
            "change_message": "",
            "user": 1,
            "content_type": 31
        }
    },
    {
        "pk": 249,
        "model": "admin.logentry",
        "fields": {
            "action_flag": 2,
            "action_time": "2011-04-07 21:53:54",
            "object_repr": "Contact",
            "object_id": "6",
            "change_message": "published, in_navigation, language en moderator_state gewijzigd.",
            "user": 1,
            "content_type": 31
        }
    },
    {
        "pk": 248,
        "model": "admin.logentry",
        "fields": {
            "action_flag": 1,
            "action_time": "2011-04-07 21:53:26",
            "object_repr": "Contact",
            "object_id": "6",
            "change_message": "",
            "user": 1,
            "content_type": 31
        }
    },
    {
        "pk": 247,
        "model": "admin.logentry",
        "fields": {
            "action_flag": 2,
            "action_time": "2011-04-07 21:53:13",
            "object_repr": "Griepprijsvraag",
            "object_id": "5",
            "change_message": "published, in_navigation, language en moderator_state gewijzigd.",
            "user": 1,
            "content_type": 31
        }
    },
    {
        "pk": 246,
        "model": "admin.logentry",
        "fields": {
            "action_flag": 1,
            "action_time": "2011-04-07 21:53:08",
            "object_repr": "Griepprijsvraag",
            "object_id": "5",
            "change_message": "",
            "user": 1,
            "content_type": 31
        }
    },
    {
        "pk": 245,
        "model": "admin.logentry",
        "fields": {
            "action_flag": 2,
            "action_time": "2011-04-07 21:52:39",
            "object_repr": "Het Project",
            "object_id": "4",
            "change_message": "published, in_navigation, language en moderator_state gewijzigd.",
            "user": 1,
            "content_type": 31
        }
    },
    {
        "pk": 244,
        "model": "admin.logentry",
        "fields": {
            "action_flag": 2,
            "action_time": "2011-04-07 21:52:28",
            "object_repr": "Wat is griep?",
            "object_id": "3",
            "change_message": "slug, language en moderator_state gewijzigd.",
            "user": 1,
            "content_type": 31
        }
    },
    {
        "pk": 243,
        "model": "admin.logentry",
        "fields": {
            "action_flag": 1,
            "action_time": "2011-04-07 21:52:18",
            "object_repr": "Het Project",
            "object_id": "4",
            "change_message": "",
            "user": 1,
            "content_type": 31
        }
    },
    {
        "pk": 242,
        "model": "admin.logentry",
        "fields": {
            "action_flag": 2,
            "action_time": "2011-04-07 21:51:46",
            "object_repr": "Wat is griep?",
            "object_id": "3",
            "change_message": "published, in_navigation, language en moderator_state gewijzigd.",
            "user": 1,
            "content_type": 31
        }
    },
    {
        "pk": 241,
        "model": "admin.logentry",
        "fields": {
            "action_flag": 1,
            "action_time": "2011-04-07 21:51:26",
            "object_repr": "Wat is griep?",
            "object_id": "3",
            "change_message": "",
            "user": 1,
            "content_type": 31
        }
    },
    {
        "pk": 240,
        "model": "admin.logentry",
        "fields": {
            "action_flag": 3,
            "action_time": "2011-04-07 21:50:40",
            "object_repr": "Vragenlijst",
            "object_id": "8",
            "change_message": "",
            "user": 1,
            "content_type": 31
        }
    },
    {
        "pk": 239,
        "model": "admin.logentry",
        "fields": {
            "action_flag": 3,
            "action_time": "2011-04-07 21:50:34",
            "object_repr": "Wat is griep",
            "object_id": "6",
            "change_message": "",
            "user": 1,
            "content_type": 31
        }
    },
    {
        "pk": 238,
        "model": "admin.logentry",
        "fields": {
            "action_flag": 3,
            "action_time": "2011-04-07 21:50:21",
            "object_repr": "Het Project",
            "object_id": "3",
            "change_message": "",
            "user": 1,
            "content_type": 31
        }
    },
    {
        "pk": 237,
        "model": "admin.logentry",
        "fields": {
            "action_flag": 3,
            "action_time": "2011-04-07 21:49:50",
            "object_repr": "test",
            "object_id": "23",
            "change_message": "",
            "user": 1,
            "content_type": 31
        }
    },
    {
        "pk": 236,
        "model": "admin.logentry",
        "fields": {
            "action_flag": 3,
            "action_time": "2011-04-07 21:49:44",
            "object_repr": "test2",
            "object_id": "24",
            "change_message": "",
            "user": 1,
            "content_type": 31
        }
    },
    {
        "pk": 235,
        "model": "admin.logentry",
        "fields": {
            "action_flag": 3,
            "action_time": "2011-04-07 21:49:37",
            "object_repr": "",
            "object_id": "26",
            "change_message": "",
            "user": 1,
            "content_type": 31
        }
    },
    {
        "pk": 234,
        "model": "admin.logentry",
        "fields": {
            "action_flag": 3,
            "action_time": "2011-04-07 21:49:30",
            "object_repr": "",
            "object_id": "27",
            "change_message": "",
            "user": 1,
            "content_type": 31
        }
    },
    {
        "pk": 233,
        "model": "admin.logentry",
        "fields": {
            "action_flag": 2,
            "action_time": "2011-04-07 21:47:58",
            "object_repr": "Actueel",
            "object_id": "2",
            "change_message": "template, language en moderator_state gewijzigd.",
            "user": 1,
            "content_type": 31
        }
    },
    {
        "pk": 232,
        "model": "admin.logentry",
        "fields": {
            "action_flag": 3,
            "action_time": "2011-03-29 16:45:40",
            "object_repr": "+",
            "object_id": "16",
            "change_message": "",
            "user": 1,
            "content_type": 31
        }
    },
    {
        "pk": 231,
        "model": "admin.logentry",
        "fields": {
            "action_flag": 2,
            "action_time": "2011-03-29 16:43:54",
            "object_repr": "Nieuws",
            "object_id": "2",
            "change_message": "title, slug, template, language en moderator_state gewijzigd.",
            "user": 1,
            "content_type": 31
        }
    },
    {
        "pk": 230,
        "model": "admin.logentry",
        "fields": {
            "action_flag": 2,
            "action_time": "2011-03-22 14:55:10",
            "object_repr": "Home",
            "object_id": "1",
            "change_message": "template, language en moderator_state gewijzigd.",
            "user": 1,
            "content_type": 31
        }
    },
    {
        "pk": 229,
        "model": "admin.logentry",
        "fields": {
            "action_flag": 2,
            "action_time": "2011-03-22 14:54:51",
            "object_repr": "Home",
            "object_id": "1",
            "change_message": "template, language en moderator_state gewijzigd.",
            "user": 1,
            "content_type": 31
        }
    },
    {
        "pk": 228,
        "model": "admin.logentry",
        "fields": {
            "action_flag": 2,
            "action_time": "2011-03-22 14:45:48",
            "object_repr": "Home",
            "object_id": "1",
            "change_message": "template, language en moderator_state gewijzigd.",
            "user": 1,
            "content_type": 31
        }
    },
    {
        "pk": 227,
        "model": "admin.logentry",
        "fields": {
            "action_flag": 2,
            "action_time": "2011-03-22 14:34:27",
            "object_repr": "Home",
            "object_id": "1",
            "change_message": "template, language en moderator_state gewijzigd.",
            "user": 1,
            "content_type": 31
        }
    },
    {
        "pk": 226,
        "model": "admin.logentry",
        "fields": {
            "action_flag": 2,
            "action_time": "2011-03-20 18:36:12",
            "object_repr": "Vragenlijst",
            "object_id": "8",
            "change_message": "template, language en moderator_state gewijzigd.",
            "user": 1,
            "content_type": 31
        }
    },
    {
        "pk": 225,
        "model": "admin.logentry",
        "fields": {
            "action_flag": 3,
            "action_time": "2011-03-20 18:18:01",
            "object_repr": "Spelen en leren van griep",
            "object_id": "21",
            "change_message": "",
            "user": 1,
            "content_type": 31
        }
    },
    {
        "pk": 224,
        "model": "admin.logentry",
        "fields": {
            "action_flag": 2,
            "action_time": "2011-03-20 13:58:21",
            "object_repr": "Home",
            "object_id": "1",
            "change_message": "template, language en moderator_state gewijzigd.",
            "user": 1,
            "content_type": 31
        }
    },
    {
        "pk": 223,
        "model": "admin.logentry",
        "fields": {
            "action_flag": 2,
            "action_time": "2011-03-20 13:52:39",
            "object_repr": "Home",
            "object_id": "1",
            "change_message": "template, language en moderator_state gewijzigd.",
            "user": 1,
            "content_type": 31
        }
    },
    {
        "pk": 222,
        "model": "admin.logentry",
        "fields": {
            "action_flag": 2,
            "action_time": "2011-03-20 13:48:10",
            "object_repr": "Home",
            "object_id": "1",
            "change_message": "template, language en moderator_state gewijzigd.",
            "user": 1,
            "content_type": 31
        }
    },
    {
        "pk": 221,
        "model": "admin.logentry",
        "fields": {
            "action_flag": 3,
            "action_time": "2011-03-20 13:42:24",
            "object_repr": "http://www.studiotakken.nl",
            "object_id": "2",
            "change_message": "",
            "user": 1,
            "content_type": 7
        }
    },
    {
        "pk": 220,
        "model": "admin.logentry",
        "fields": {
            "action_flag": 2,
            "action_time": "2011-03-20 13:39:50",
            "object_repr": "admin",
            "object_id": "1",
            "change_message": "first_name, last_name en email gewijzigd.",
            "user": 1,
            "content_type": 3
        }
    },
    {
        "pk": 219,
        "model": "admin.logentry",
        "fields": {
            "action_flag": 3,
            "action_time": "2011-03-20 13:38:53",
            "object_repr": "ema",
            "object_id": "3",
            "change_message": "",
            "user": 1,
            "content_type": 3
        }
    },
    {
        "pk": 218,
        "model": "admin.logentry",
        "fields": {
            "action_flag": 3,
            "action_time": "2011-03-20 13:38:53",
            "object_repr": "bon",
            "object_id": "2",
            "change_message": "",
            "user": 1,
            "content_type": 3
        }
    },
    {
        "pk": 217,
        "model": "admin.logentry",
        "fields": {
            "action_flag": 2,
            "action_time": "2011-01-28 13:28:55",
            "object_repr": "bon",
            "object_id": "2",
            "change_message": "Changed first_name and last_name.",
            "user": 1,
            "content_type": 3
        }
    },
    {
        "pk": 216,
        "model": "admin.logentry",
        "fields": {
            "action_flag": 2,
            "action_time": "2010-12-23 11:20:49",
            "object_repr": "Extra survey",
            "object_id": "27",
            "change_message": "Changed login_required, menu_login_required, language and moderator_state.",
            "user": 1,
            "content_type": 31
        }
    },
    {
        "pk": 215,
        "model": "admin.logentry",
        "fields": {
            "action_flag": 1,
            "action_time": "2010-12-23 11:20:35",
            "object_repr": "Extra survey",
            "object_id": "27",
            "change_message": "",
            "user": 1,
            "content_type": 31
        }
    },
    {
        "pk": 214,
        "model": "admin.logentry",
        "fields": {
            "action_flag": 1,
            "action_time": "2010-12-22 15:32:01",
            "object_repr": "ema",
            "object_id": "3",
            "change_message": "",
            "user": 1,
            "content_type": 3
        }
    },
    {
        "pk": 213,
        "model": "admin.logentry",
        "fields": {
            "action_flag": 2,
            "action_time": "2010-11-05 10:19:58",
            "object_repr": "bon",
            "object_id": "2",
            "change_message": "Changed is_active.",
            "user": 1,
            "content_type": 3
        }
    },
    {
        "pk": 212,
        "model": "admin.logentry",
        "fields": {
            "action_flag": 2,
            "action_time": "2010-11-05 10:18:59",
            "object_repr": "admin",
            "object_id": "1",
            "change_message": "Changed email.",
            "user": 1,
            "content_type": 3
        }
    },
    {
        "pk": 211,
        "model": "admin.logentry",
        "fields": {
            "action_flag": 3,
            "action_time": "2010-11-05 10:18:41",
            "object_repr": "zo",
            "object_id": "3",
            "change_message": "",
            "user": 1,
            "content_type": 3
        }
    },
    {
        "pk": 210,
        "model": "admin.logentry",
        "fields": {
            "action_flag": 3,
            "action_time": "2010-11-05 10:18:40",
            "object_repr": "bon",
            "object_id": "2",
            "change_message": "",
            "user": 1,
            "content_type": 3
        }
    },
    {
        "pk": 209,
        "model": "admin.logentry",
        "fields": {
            "action_flag": 2,
            "action_time": "2010-11-04 12:51:09",
            "object_repr": "zo",
            "object_id": "3",
            "change_message": "Changed is_active.",
            "user": 1,
            "content_type": 3
        }
    },
    {
        "pk": 208,
        "model": "admin.logentry",
        "fields": {
            "action_flag": 2,
            "action_time": "2010-11-03 16:24:26",
            "object_repr": "bon",
            "object_id": "2",
            "change_message": "Changed is_active.",
            "user": 1,
            "content_type": 3
        }
    },
    {
        "pk": 207,
        "model": "admin.logentry",
        "fields": {
            "action_flag": 1,
            "action_time": "2010-10-14 12:42:15",
            "object_repr": "ditt is me",
            "object_id": "26",
            "change_message": "",
            "user": 1,
            "content_type": 31
        }
    },
    {
        "pk": 206,
        "model": "admin.logentry",
        "fields": {
            "action_flag": 2,
            "action_time": "2010-10-14 12:01:56",
            "object_repr": "++Wat moet ik doen?",
            "object_id": "19",
            "change_message": "language en moderator_state gewijzigd.",
            "user": 1,
            "content_type": 31
        }
    },
    {
        "pk": 205,
        "model": "admin.logentry",
        "fields": {
            "action_flag": 2,
            "action_time": "2010-10-14 11:59:57",
            "object_repr": "++Hoe kan ik meedoen",
            "object_id": "19",
            "change_message": "title, slug, language en moderator_state gewijzigd.",
            "user": 1,
            "content_type": 31
        }
    },
    {
        "pk": 204,
        "model": "admin.logentry",
        "fields": {
            "action_flag": 2,
            "action_time": "2010-10-14 11:17:17",
            "object_repr": "++Aanmelden ",
            "object_id": "25",
            "change_message": "language en moderator_state gewijzigd.",
            "user": 1,
            "content_type": 31
        }
    },
    {
        "pk": 203,
        "model": "admin.logentry",
        "fields": {
            "action_flag": 1,
            "action_time": "2010-10-14 11:15:34",
            "object_repr": "++Aanmelden ",
            "object_id": "25",
            "change_message": "",
            "user": 1,
            "content_type": 31
        }
    },
    {
        "pk": 202,
        "model": "admin.logentry",
        "fields": {
            "action_flag": 3,
            "action_time": "2010-10-14 11:14:43",
            "object_repr": "++Hoe kan ik meedoen?",
            "object_id": "25",
            "change_message": "",
            "user": 1,
            "content_type": 31
        }
    },
    {
        "pk": 201,
        "model": "admin.logentry",
        "fields": {
            "action_flag": 1,
            "action_time": "2010-10-14 11:13:58",
            "object_repr": "Hoe kan ik meedoen?",
            "object_id": "25",
            "change_message": "",
            "user": 1,
            "content_type": 31
        }
    },
    {
        "pk": 200,
        "model": "admin.logentry",
        "fields": {
            "action_flag": 2,
            "action_time": "2010-10-14 11:12:58",
            "object_repr": "+Meedoen",
            "object_id": "18",
            "change_message": "language en moderator_state gewijzigd.",
            "user": 1,
            "content_type": 31
        }
    },
    {
        "pk": 199,
        "model": "admin.logentry",
        "fields": {
            "action_flag": 2,
            "action_time": "2010-10-14 11:03:22",
            "object_repr": "+Uniek",
            "object_id": "9",
            "change_message": "language en moderator_state gewijzigd.",
            "user": 1,
            "content_type": 31
        }
    },
    {
        "pk": 198,
        "model": "admin.logentry",
        "fields": {
            "action_flag": 2,
            "action_time": "2010-10-14 11:00:34",
            "object_repr": "+Partijen",
            "object_id": "5",
            "change_message": "language en moderator_state gewijzigd.",
            "user": 1,
            "content_type": 31
        }
    },
    {
        "pk": 197,
        "model": "admin.logentry",
        "fields": {
            "action_flag": 2,
            "action_time": "2010-10-14 10:52:07",
            "object_repr": "+Partijen",
            "object_id": "5",
            "change_message": "language en moderator_state gewijzigd.",
            "user": 1,
            "content_type": 31
        }
    },
    {
        "pk": 196,
        "model": "admin.logentry",
        "fields": {
            "action_flag": 2,
            "action_time": "2010-09-28 08:10:55",
            "object_repr": "test2",
            "object_id": "24",
            "change_message": "language en moderator_state gewijzigd.",
            "user": 1,
            "content_type": 31
        }
    },
    {
        "pk": 195,
        "model": "admin.logentry",
        "fields": {
            "action_flag": 2,
            "action_time": "2010-09-28 08:08:44",
            "object_repr": "test2",
            "object_id": "24",
            "change_message": "language en moderator_state gewijzigd.",
            "user": 1,
            "content_type": 31
        }
    },
    {
        "pk": 194,
        "model": "admin.logentry",
        "fields": {
            "action_flag": 2,
            "action_time": "2010-09-28 08:07:29",
            "object_repr": "test2",
            "object_id": "24",
            "change_message": "language en moderator_state gewijzigd.",
            "user": 1,
            "content_type": 31
        }
    },
    {
        "pk": 193,
        "model": "admin.logentry",
        "fields": {
            "action_flag": 2,
            "action_time": "2010-09-28 08:01:16",
            "object_repr": "test2",
            "object_id": "24",
            "change_message": "language en moderator_state gewijzigd.",
            "user": 1,
            "content_type": 31
        }
    },
    {
        "pk": 192,
        "model": "admin.logentry",
        "fields": {
            "action_flag": 2,
            "action_time": "2010-09-28 07:50:24",
            "object_repr": "test2",
            "object_id": "24",
            "change_message": "language en moderator_state gewijzigd.",
            "user": 1,
            "content_type": 31
        }
    },
    {
        "pk": 191,
        "model": "admin.logentry",
        "fields": {
            "action_flag": 2,
            "action_time": "2010-09-28 02:28:38",
            "object_repr": "test2",
            "object_id": "24",
            "change_message": "language en moderator_state gewijzigd.",
            "user": 1,
            "content_type": 31
        }
    },
    {
        "pk": 190,
        "model": "admin.logentry",
        "fields": {
            "action_flag": 2,
            "action_time": "2010-09-28 02:27:08",
            "object_repr": "test2",
            "object_id": "24",
            "change_message": "language en moderator_state gewijzigd.",
            "user": 1,
            "content_type": 31
        }
    },
    {
        "pk": 189,
        "model": "admin.logentry",
        "fields": {
            "action_flag": 1,
            "action_time": "2010-09-28 02:26:47",
            "object_repr": "test2",
            "object_id": "24",
            "change_message": "",
            "user": 1,
            "content_type": 31
        }
    },
    {
        "pk": 188,
        "model": "admin.logentry",
        "fields": {
            "action_flag": 2,
            "action_time": "2010-09-28 01:42:15",
            "object_repr": "test",
            "object_id": "23",
            "change_message": "language en moderator_state gewijzigd.",
            "user": 1,
            "content_type": 31
        }
    },
    {
        "pk": 187,
        "model": "admin.logentry",
        "fields": {
            "action_flag": 2,
            "action_time": "2010-09-28 01:36:47",
            "object_repr": "test",
            "object_id": "23",
            "change_message": "template, language en moderator_state gewijzigd.",
            "user": 1,
            "content_type": 31
        }
    },
    {
        "pk": 186,
        "model": "admin.logentry",
        "fields": {
            "action_flag": 2,
            "action_time": "2010-09-28 01:24:29",
            "object_repr": "test",
            "object_id": "23",
            "change_message": "language en moderator_state gewijzigd.",
            "user": 1,
            "content_type": 31
        }
    },
    {
        "pk": 185,
        "model": "admin.logentry",
        "fields": {
            "action_flag": 2,
            "action_time": "2010-09-28 01:19:46",
            "object_repr": "test",
            "object_id": "23",
            "change_message": "language en moderator_state gewijzigd.",
            "user": 1,
            "content_type": 31
        }
    },
    {
        "pk": 184,
        "model": "admin.logentry",
        "fields": {
            "action_flag": 1,
            "action_time": "2010-09-28 01:19:26",
            "object_repr": "test",
            "object_id": "23",
            "change_message": "",
            "user": 1,
            "content_type": 31
        }
    },
    {
        "pk": 183,
        "model": "admin.logentry",
        "fields": {
            "action_flag": 3,
            "action_time": "2010-09-26 19:44:40",
            "object_repr": "+Veel gestelde vragen over gripe",
            "object_id": "23",
            "change_message": "",
            "user": 1,
            "content_type": 31
        }
    },
    {
        "pk": 182,
        "model": "admin.logentry",
        "fields": {
            "action_flag": 1,
            "action_time": "2010-09-26 19:44:11",
            "object_repr": "+Veel gestelde vragen over gripe",
            "object_id": "23",
            "change_message": "",
            "user": 1,
            "content_type": 31
        }
    },
    {
        "pk": 181,
        "model": "admin.logentry",
        "fields": {
            "action_flag": 2,
            "action_time": "2010-09-26 19:41:46",
            "object_repr": "+Het grote griepspel",
            "object_id": "22",
            "change_message": "language en moderator_state gewijzigd.",
            "user": 1,
            "content_type": 31
        }
    },
    {
        "pk": 180,
        "model": "admin.logentry",
        "fields": {
            "action_flag": 1,
            "action_time": "2010-09-26 19:41:05",
            "object_repr": "+Het grote griepspel",
            "object_id": "22",
            "change_message": "",
            "user": 1,
            "content_type": 31
        }
    },
    {
        "pk": 179,
        "model": "admin.logentry",
        "fields": {
            "action_flag": 2,
            "action_time": "2010-09-26 19:39:33",
            "object_repr": "Spelen en leren van griep",
            "object_id": "21",
            "change_message": "template, language en moderator_state gewijzigd.",
            "user": 1,
            "content_type": 31
        }
    },
    {
        "pk": 178,
        "model": "admin.logentry",
        "fields": {
            "action_flag": 2,
            "action_time": "2010-09-26 19:39:14",
            "object_repr": "Spelen en leren van griep",
            "object_id": "21",
            "change_message": "template, language en moderator_state gewijzigd.",
            "user": 1,
            "content_type": 31
        }
    },
    {
        "pk": 177,
        "model": "admin.logentry",
        "fields": {
            "action_flag": 2,
            "action_time": "2010-09-26 19:37:31",
            "object_repr": "Spelen en leren van griep",
            "object_id": "21",
            "change_message": "language en moderator_state gewijzigd.",
            "user": 1,
            "content_type": 31
        }
    },
    {
        "pk": 176,
        "model": "admin.logentry",
        "fields": {
            "action_flag": 1,
            "action_time": "2010-09-26 19:35:49",
            "object_repr": "Spelen en leren van griep",
            "object_id": "21",
            "change_message": "",
            "user": 1,
            "content_type": 31
        }
    },
    {
        "pk": 175,
        "model": "admin.logentry",
        "fields": {
            "action_flag": 2,
            "action_time": "2010-09-26 18:09:06",
            "object_repr": "degrotegriepmeting.nl",
            "object_id": "1",
            "change_message": "domain en name gewijzigd.",
            "user": 1,
            "content_type": 7
        }
    },
    {
        "pk": 174,
        "model": "admin.logentry",
        "fields": {
            "action_flag": 3,
            "action_time": "2010-09-26 18:08:50",
            "object_repr": "degrotegriepmeting.nl",
            "object_id": "3",
            "change_message": "",
            "user": 1,
            "content_type": 7
        }
    },
    {
        "pk": 173,
        "model": "admin.logentry",
        "fields": {
            "action_flag": 1,
            "action_time": "2010-09-26 18:05:14",
            "object_repr": "degrotegriepmeting.nl",
            "object_id": "3",
            "change_message": "",
            "user": 1,
            "content_type": 7
        }
    },
    {
        "pk": 172,
        "model": "admin.logentry",
        "fields": {
            "action_flag": 2,
            "action_time": "2010-09-26 18:02:18",
            "object_repr": "Vragenlijst",
            "object_id": "8",
            "change_message": "title, slug, language en moderator_state gewijzigd.",
            "user": 1,
            "content_type": 31
        }
    },
    {
        "pk": 171,
        "model": "admin.logentry",
        "fields": {
            "action_flag": 2,
            "action_time": "2010-09-26 18:01:26",
            "object_repr": "+De oorsprong en betekenis van het woord 'Griep' ",
            "object_id": "15",
            "change_message": "title, slug, template, language en moderator_state gewijzigd.",
            "user": 1,
            "content_type": 31
        }
    },
    {
        "pk": 170,
        "model": "admin.logentry",
        "fields": {
            "action_flag": 2,
            "action_time": "2010-09-26 18:00:23",
            "object_repr": "+Het gevaar van Influenza",
            "object_id": "14",
            "change_message": "title, slug, template, language en moderator_state gewijzigd.",
            "user": 1,
            "content_type": 31
        }
    },
    {
        "pk": 169,
        "model": "admin.logentry",
        "fields": {
            "action_flag": 2,
            "action_time": "2010-09-26 17:58:51",
            "object_repr": "+Ziekteverloop",
            "object_id": "13",
            "change_message": "title, slug, template, language en moderator_state gewijzigd.",
            "user": 1,
            "content_type": 31
        }
    },
    {
        "pk": 168,
        "model": "admin.logentry",
        "fields": {
            "action_flag": 2,
            "action_time": "2010-09-26 17:55:59",
            "object_repr": "+Veel gestelde vragen over griep",
            "object_id": "12",
            "change_message": "title, language en moderator_state gewijzigd.",
            "user": 1,
            "content_type": 31
        }
    },
    {
        "pk": 167,
        "model": "admin.logentry",
        "fields": {
            "action_flag": 2,
            "action_time": "2010-09-26 17:55:10",
            "object_repr": "+Veel gestelde vragen over griep",
            "object_id": "12",
            "change_message": "template, language en moderator_state gewijzigd.",
            "user": 1,
            "content_type": 31
        }
    },
    {
        "pk": 166,
        "model": "admin.logentry",
        "fields": {
            "action_flag": 2,
            "action_time": "2010-09-26 17:53:34",
            "object_repr": "+Veel gestelde vragen over griep",
            "object_id": "12",
            "change_message": "language en moderator_state gewijzigd.",
            "user": 1,
            "content_type": 31
        }
    },
    {
        "pk": 165,
        "model": "admin.logentry",
        "fields": {
            "action_flag": 2,
            "action_time": "2010-09-26 17:52:48",
            "object_repr": "+Veel gestelde vragen over griep",
            "object_id": "12",
            "change_message": "title, slug, language en moderator_state gewijzigd.",
            "user": 1,
            "content_type": 31
        }
    },
    {
        "pk": 164,
        "model": "admin.logentry",
        "fields": {
            "action_flag": 2,
            "action_time": "2010-09-26 00:22:54",
            "object_repr": "Wat is griep",
            "object_id": "6",
            "change_message": "title, slug, template, language en moderator_state gewijzigd.",
            "user": 1,
            "content_type": 31
        }
    },
    {
        "pk": 163,
        "model": "admin.logentry",
        "fields": {
            "action_flag": 3,
            "action_time": "2010-09-25 23:07:11",
            "object_repr": "+Uniek",
            "object_id": "21",
            "change_message": "",
            "user": 1,
            "content_type": 31
        }
    },
    {
        "pk": 162,
        "model": "admin.logentry",
        "fields": {
            "action_flag": 2,
            "action_time": "2010-09-25 23:06:56",
            "object_repr": "+Uniek",
            "object_id": "21",
            "change_message": "language en moderator_state gewijzigd.",
            "user": 1,
            "content_type": 31
        }
    },
    {
        "pk": 161,
        "model": "admin.logentry",
        "fields": {
            "action_flag": 2,
            "action_time": "2010-09-25 23:05:46",
            "object_repr": "+Disclaimer / Medische vrijwaring Grote Griepmeting, juli 2010",
            "object_id": "17",
            "change_message": "title, slug, language en moderator_state gewijzigd.",
            "user": 1,
            "content_type": 31
        }
    },
    {
        "pk": 160,
        "model": "admin.logentry",
        "fields": {
            "action_flag": 2,
            "action_time": "2010-09-25 23:04:10",
            "object_repr": "++Aanmelden als individu",
            "object_id": "20",
            "change_message": "title, slug, language en moderator_state gewijzigd.",
            "user": 1,
            "content_type": 31
        }
    },
    {
        "pk": 159,
        "model": "admin.logentry",
        "fields": {
            "action_flag": 2,
            "action_time": "2010-09-25 23:03:18",
            "object_repr": "++Hoe kan ik meedoen",
            "object_id": "19",
            "change_message": "title, slug, language en moderator_state gewijzigd.",
            "user": 1,
            "content_type": 31
        }
    },
    {
        "pk": 158,
        "model": "admin.logentry",
        "fields": {
            "action_flag": 2,
            "action_time": "2010-09-25 23:01:53",
            "object_repr": "++Sponsors",
            "object_id": "4",
            "change_message": "language en moderator_state gewijzigd.",
            "user": 1,
            "content_type": 31
        }
    },
    {
        "pk": 157,
        "model": "admin.logentry",
        "fields": {
            "action_flag": 2,
            "action_time": "2010-09-25 23:00:56",
            "object_repr": "Deelnemende partijen - Info",
            "object_id": "5",
            "change_message": "html gewijzigd.",
            "user": 1,
            "content_type": 25
        }
    },
    {
        "pk": 156,
        "model": "admin.logentry",
        "fields": {
            "action_flag": 2,
            "action_time": "2010-09-25 22:59:26",
            "object_repr": "Deelnemende partijen - Info",
            "object_id": "5",
            "change_message": "Geen velden gewijzigd.",
            "user": 1,
            "content_type": 25
        }
    },
    {
        "pk": 155,
        "model": "admin.logentry",
        "fields": {
            "action_flag": 2,
            "action_time": "2010-09-25 22:59:26",
            "object_repr": "Deelnemende partijen - Info",
            "object_id": "5",
            "change_message": "Geen velden gewijzigd.",
            "user": 1,
            "content_type": 25
        }
    },
    {
        "pk": 154,
        "model": "admin.logentry",
        "fields": {
            "action_flag": 2,
            "action_time": "2010-09-25 22:58:54",
            "object_repr": "++Deelnemende partijen",
            "object_id": "10",
            "change_message": "title, language en moderator_state gewijzigd.",
            "user": 1,
            "content_type": 31
        }
    },
    {
        "pk": 153,
        "model": "admin.logentry",
        "fields": {
            "action_flag": 2,
            "action_time": "2010-09-25 22:58:42",
            "object_repr": "++Deelnemende partijen",
            "object_id": "10",
            "change_message": "title, language en moderator_state gewijzigd.",
            "user": 1,
            "content_type": 31
        }
    },
    {
        "pk": 152,
        "model": "admin.logentry",
        "fields": {
            "action_flag": 2,
            "action_time": "2010-09-25 22:57:59",
            "object_repr": "Deelnemende partijen - Info",
            "object_id": "5",
            "change_message": "html gewijzigd.",
            "user": 1,
            "content_type": 25
        }
    },
    {
        "pk": 151,
        "model": "admin.logentry",
        "fields": {
            "action_flag": 2,
            "action_time": "2010-09-25 22:57:29",
            "object_repr": "++Deelnemende partijen",
            "object_id": "10",
            "change_message": "slug, language en moderator_state gewijzigd.",
            "user": 1,
            "content_type": 31
        }
    },
    {
        "pk": 150,
        "model": "admin.logentry",
        "fields": {
            "action_flag": 2,
            "action_time": "2010-09-25 22:57:12",
            "object_repr": "++Deelnemende partijen",
            "object_id": "10",
            "change_message": "slug, language en moderator_state gewijzigd.",
            "user": 1,
            "content_type": 31
        }
    },
    {
        "pk": 149,
        "model": "admin.logentry",
        "fields": {
            "action_flag": 2,
            "action_time": "2010-09-25 22:53:06",
            "object_repr": "Deelnemende partijen - Info",
            "object_id": "5",
            "change_message": "html gewijzigd.",
            "user": 1,
            "content_type": 25
        }
    },
    {
        "pk": 148,
        "model": "admin.logentry",
        "fields": {
            "action_flag": 2,
            "action_time": "2010-09-25 22:49:05",
            "object_repr": "++Sponsors",
            "object_id": "4",
            "change_message": "title, slug, language en moderator_state gewijzigd.",
            "user": 1,
            "content_type": 31
        }
    },
    {
        "pk": 147,
        "model": "admin.logentry",
        "fields": {
            "action_flag": 2,
            "action_time": "2010-09-25 22:43:45",
            "object_repr": "++Medewerkers",
            "object_id": "11",
            "change_message": "language en moderator_state gewijzigd.",
            "user": 1,
            "content_type": 31
        }
    },
    {
        "pk": 146,
        "model": "admin.logentry",
        "fields": {
            "action_flag": 2,
            "action_time": "2010-09-25 22:42:15",
            "object_repr": "++Medewerkers",
            "object_id": "11",
            "change_message": "title, slug, language en moderator_state gewijzigd.",
            "user": 1,
            "content_type": 31
        }
    },
    {
        "pk": 145,
        "model": "admin.logentry",
        "fields": {
            "action_flag": 2,
            "action_time": "2010-09-25 22:38:36",
            "object_repr": "+Partijen",
            "object_id": "5",
            "change_message": "title, slug, language en moderator_state gewijzigd.",
            "user": 1,
            "content_type": 31
        }
    },
    {
        "pk": 144,
        "model": "admin.logentry",
        "fields": {
            "action_flag": 2,
            "action_time": "2010-09-25 22:33:51",
            "object_repr": "+Deelnemende partijen",
            "object_id": "10",
            "change_message": "language en moderator_state gewijzigd.",
            "user": 1,
            "content_type": 31
        }
    },
    {
        "pk": 143,
        "model": "admin.logentry",
        "fields": {
            "action_flag": 2,
            "action_time": "2010-09-25 22:33:26",
            "object_repr": "+Deelnemende partijen",
            "object_id": "10",
            "change_message": "language en moderator_state gewijzigd.",
            "user": 1,
            "content_type": 31
        }
    },
    {
        "pk": 142,
        "model": "admin.logentry",
        "fields": {
            "action_flag": 2,
            "action_time": "2010-09-25 22:32:12",
            "object_repr": "+Deelnemende partijen",
            "object_id": "10",
            "change_message": "title, slug, language en moderator_state gewijzigd.",
            "user": 1,
            "content_type": 31
        }
    },
    {
        "pk": 141,
        "model": "admin.logentry",
        "fields": {
            "action_flag": 2,
            "action_time": "2010-09-25 22:31:59",
            "object_repr": "+Deelnemende partijen",
            "object_id": "10",
            "change_message": "slug, language en moderator_state gewijzigd.",
            "user": 1,
            "content_type": 31
        }
    },
    {
        "pk": 140,
        "model": "admin.logentry",
        "fields": {
            "action_flag": 2,
            "action_time": "2010-09-25 22:30:50",
            "object_repr": "+Uniek",
            "object_id": "9",
            "change_message": "title, slug, language en moderator_state gewijzigd.",
            "user": 1,
            "content_type": 31
        }
    },
    {
        "pk": 139,
        "model": "admin.logentry",
        "fields": {
            "action_flag": 2,
            "action_time": "2010-09-25 22:29:51",
            "object_repr": "Nieuws",
            "object_id": "2",
            "change_message": "title, slug, language en moderator_state gewijzigd.",
            "user": 1,
            "content_type": 31
        }
    },
    {
        "pk": 138,
        "model": "admin.logentry",
        "fields": {
            "action_flag": 2,
            "action_time": "2010-09-25 22:24:10",
            "object_repr": "Het Project",
            "object_id": "3",
            "change_message": "title, slug, language en moderator_state gewijzigd.",
            "user": 1,
            "content_type": 31
        }
    },
    {
        "pk": 137,
        "model": "admin.logentry",
        "fields": {
            "action_flag": 2,
            "action_time": "2010-09-25 22:22:09",
            "object_repr": "+Meedoen",
            "object_id": "18",
            "change_message": "title, slug, language en moderator_state gewijzigd.",
            "user": 1,
            "content_type": 31
        }
    },
    {
        "pk": 136,
        "model": "admin.logentry",
        "fields": {
            "action_flag": 2,
            "action_time": "2010-09-25 22:02:30",
            "object_repr": "Home",
            "object_id": "1",
            "change_message": "title, slug, language en moderator_state gewijzigd.",
            "user": 1,
            "content_type": 31
        }
    },
    {
        "pk": 135,
        "model": "admin.logentry",
        "fields": {
            "action_flag": 2,
            "action_time": "2010-09-22 14:07:20",
            "object_repr": "+Deelnemende partijen",
            "object_id": "10",
            "change_message": "Changed template, language and moderator_state.",
            "user": 1,
            "content_type": 31
        }
    },
    {
        "pk": 134,
        "model": "admin.logentry",
        "fields": {
            "action_flag": 2,
            "action_time": "2010-09-22 14:07:06",
            "object_repr": "+Deelnemende partijen",
            "object_id": "10",
            "change_message": "Changed template, language and moderator_state.",
            "user": 1,
            "content_type": 31
        }
    },
    {
        "pk": 133,
        "model": "admin.logentry",
        "fields": {
            "action_flag": 2,
            "action_time": "2010-09-22 14:06:17",
            "object_repr": "Disclaimer / Medische vrijwaring Grote Griepmeting, juli 2010",
            "object_id": "17",
            "change_message": "Changed template, language and moderator_state.",
            "user": 1,
            "content_type": 31
        }
    },
    {
        "pk": 132,
        "model": "admin.logentry",
        "fields": {
            "action_flag": 2,
            "action_time": "2010-09-22 14:06:01",
            "object_repr": "++Aanmelden als individu",
            "object_id": "20",
            "change_message": "Changed template, language and moderator_state.",
            "user": 1,
            "content_type": 31
        }
    },
    {
        "pk": 131,
        "model": "admin.logentry",
        "fields": {
            "action_flag": 2,
            "action_time": "2010-09-22 14:05:44",
            "object_repr": "+Uniek",
            "object_id": "9",
            "change_message": "Changed language and moderator_state.",
            "user": 1,
            "content_type": 31
        }
    },
    {
        "pk": 130,
        "model": "admin.logentry",
        "fields": {
            "action_flag": 2,
            "action_time": "2010-09-22 14:05:40",
            "object_repr": "++Medewerkers",
            "object_id": "11",
            "change_message": "Changed template, language and moderator_state.",
            "user": 1,
            "content_type": 31
        }
    },
    {
        "pk": 129,
        "model": "admin.logentry",
        "fields": {
            "action_flag": 2,
            "action_time": "2010-09-22 14:04:13",
            "object_repr": "+Deelnemende partijen",
            "object_id": "10",
            "change_message": "Changed template, language and moderator_state.",
            "user": 1,
            "content_type": 31
        }
    },
    {
        "pk": 128,
        "model": "admin.logentry",
        "fields": {
            "action_flag": 2,
            "action_time": "2010-09-22 14:03:46",
            "object_repr": "+Uniek",
            "object_id": "9",
            "change_message": "Changed template, language and moderator_state.",
            "user": 1,
            "content_type": 31
        }
    },
    {
        "pk": 127,
        "model": "admin.logentry",
        "fields": {
            "action_flag": 2,
            "action_time": "2010-09-22 14:03:41",
            "object_repr": "+Partijen",
            "object_id": "5",
            "change_message": "Changed template, language and moderator_state.",
            "user": 1,
            "content_type": 31
        }
    },
    {
        "pk": 126,
        "model": "admin.logentry",
        "fields": {
            "action_flag": 2,
            "action_time": "2010-09-22 14:02:06",
            "object_repr": "+Meedoen",
            "object_id": "18",
            "change_message": "Changed template, language and moderator_state.",
            "user": 1,
            "content_type": 31
        }
    },
    {
        "pk": 125,
        "model": "admin.logentry",
        "fields": {
            "action_flag": 2,
            "action_time": "2010-09-22 14:01:44",
            "object_repr": "Het Project",
            "object_id": "3",
            "change_message": "Changed template, language and moderator_state.",
            "user": 1,
            "content_type": 31
        }
    },
    {
        "pk": 124,
        "model": "admin.logentry",
        "fields": {
            "action_flag": 1,
            "action_time": "2010-09-22 11:33:46",
            "object_repr": "Aanmelden als individu",
            "object_id": "20",
            "change_message": "",
            "user": 1,
            "content_type": 31
        }
    },
    {
        "pk": 123,
        "model": "admin.logentry",
        "fields": {
            "action_flag": 1,
            "action_time": "2010-09-22 11:25:14",
            "object_repr": "Hoe kan ik meedoen",
            "object_id": "19",
            "change_message": "",
            "user": 1,
            "content_type": 31
        }
    },
    {
        "pk": 122,
        "model": "admin.logentry",
        "fields": {
            "action_flag": 1,
            "action_time": "2010-09-22 11:22:05",
            "object_repr": "Meedoen",
            "object_id": "18",
            "change_message": "",
            "user": 1,
            "content_type": 31
        }
    },
    {
        "pk": 121,
        "model": "admin.logentry",
        "fields": {
            "action_flag": 2,
            "action_time": "2010-09-22 10:59:09",
            "object_repr": "Het Project",
            "object_id": "3",
            "change_message": "Changed template, language and moderator_state.",
            "user": 1,
            "content_type": 31
        }
    },
    {
        "pk": 120,
        "model": "admin.logentry",
        "fields": {
            "action_flag": 2,
            "action_time": "2010-09-22 10:58:41",
            "object_repr": "Het Project",
            "object_id": "3",
            "change_message": "Changed language and moderator_state.",
            "user": 1,
            "content_type": 31
        }
    },
    {
        "pk": 119,
        "model": "admin.logentry",
        "fields": {
            "action_flag": 2,
            "action_time": "2010-09-22 10:58:01",
            "object_repr": "Het Project",
            "object_id": "3",
            "change_message": "Changed language and moderator_state.",
            "user": 1,
            "content_type": 31
        }
    },
    {
        "pk": 118,
        "model": "admin.logentry",
        "fields": {
            "action_flag": 2,
            "action_time": "2010-09-22 10:43:02",
            "object_repr": "Het Project",
            "object_id": "3",
            "change_message": "Changed template, language and moderator_state.",
            "user": 1,
            "content_type": 31
        }
    },
    {
        "pk": 117,
        "model": "admin.logentry",
        "fields": {
            "action_flag": 2,
            "action_time": "2010-09-22 10:41:18",
            "object_repr": "Het Project",
            "object_id": "3",
            "change_message": "Changed language and moderator_state.",
            "user": 1,
            "content_type": 31
        }
    },
    {
        "pk": 116,
        "model": "admin.logentry",
        "fields": {
            "action_flag": 2,
            "action_time": "2010-09-22 10:37:44",
            "object_repr": "Het Project",
            "object_id": "3",
            "change_message": "Changed template, language and moderator_state.",
            "user": 1,
            "content_type": 31
        }
    },
    {
        "pk": 115,
        "model": "admin.logentry",
        "fields": {
            "action_flag": 2,
            "action_time": "2010-09-06 23:27:04",
            "object_repr": "Nieuws",
            "object_id": "2",
            "change_message": "Changed language and moderator_state.",
            "user": 1,
            "content_type": 31
        }
    },
    {
        "pk": 114,
        "model": "admin.logentry",
        "fields": {
            "action_flag": 2,
            "action_time": "2010-09-06 23:26:25",
            "object_repr": "Nieuws",
            "object_id": "2",
            "change_message": "Changed language and moderator_state.",
            "user": 1,
            "content_type": 31
        }
    },
    {
        "pk": 113,
        "model": "admin.logentry",
        "fields": {
            "action_flag": 2,
            "action_time": "2010-09-06 23:25:56",
            "object_repr": "Nieuws",
            "object_id": "2",
            "change_message": "Changed language and moderator_state.",
            "user": 1,
            "content_type": 31
        }
    },
    {
        "pk": 112,
        "model": "admin.logentry",
        "fields": {
            "action_flag": 1,
            "action_time": "2010-09-06 12:39:03",
            "object_repr": "Meldpunt bijwerkingen",
            "object_id": "9",
            "change_message": "",
            "user": 1,
            "content_type": 19
        }
    },
    {
        "pk": 111,
        "model": "admin.logentry",
        "fields": {
            "action_flag": 1,
            "action_time": "2010-09-06 12:37:21",
            "object_repr": "top-banners",
            "object_id": "3",
            "change_message": "",
            "user": 1,
            "content_type": 18
        }
    },
    {
        "pk": 110,
        "model": "admin.logentry",
        "fields": {
            "action_flag": 1,
            "action_time": "2010-08-17 04:56:57",
            "object_repr": "http://www.studiotakken.nl",
            "object_id": "2",
            "change_message": "",
            "user": 1,
            "content_type": 7
        }
    },
    {
        "pk": 108,
        "model": "admin.logentry",
        "fields": {
            "action_flag": 2,
            "action_time": "2010-08-17 04:56:03",
            "object_repr": "admin",
            "object_id": "1",
            "change_message": "Changed email.",
            "user": 1,
            "content_type": 3
        }
    },
    {
        "pk": 106,
        "model": "admin.logentry",
        "fields": {
            "action_flag": 2,
            "action_time": "2010-08-17 04:46:29",
            "object_repr": "Vragenlijst",
            "object_id": "8",
            "change_message": "Changed menu_login_required, language and moderator_state.",
            "user": 1,
            "content_type": 31
        }
    },
    {
        "pk": 105,
        "model": "admin.logentry",
        "fields": {
            "action_flag": 2,
            "action_time": "2010-08-17 04:29:07",
            "object_repr": "How to make news",
            "object_id": "6",
            "change_message": "Changed excerpt.",
            "user": 1,
            "content_type": 29
        }
    },
    {
        "pk": 104,
        "model": "admin.logentry",
        "fields": {
            "action_flag": 2,
            "action_time": "2010-08-17 04:28:09",
            "object_repr": "How to make news",
            "object_id": "6",
            "change_message": "Changed excerpt.",
            "user": 1,
            "content_type": 29
        }
    },
    {
        "pk": 103,
        "model": "admin.logentry",
        "fields": {
            "action_flag": 1,
            "action_time": "2010-08-17 04:27:48",
            "object_repr": "How to make news",
            "object_id": "6",
            "change_message": "",
            "user": 1,
            "content_type": 29
        }
    },
    {
        "pk": 102,
        "model": "admin.logentry",
        "fields": {
            "action_flag": 2,
            "action_time": "2010-08-17 04:25:27",
            "object_repr": "Het Project - Side",
            "object_id": "3",
            "change_message": "Changed html.",
            "user": 1,
            "content_type": 25
        }
    },
    {
        "pk": 101,
        "model": "admin.logentry",
        "fields": {
            "action_flag": 2,
            "action_time": "2010-08-17 04:24:26",
            "object_repr": "Het Project - Side",
            "object_id": "3",
            "change_message": "Changed html.",
            "user": 1,
            "content_type": 25
        }
    },
    {
        "pk": 100,
        "model": "admin.logentry",
        "fields": {
            "action_flag": 2,
            "action_time": "2010-08-17 04:19:25",
            "object_repr": "+Disclaimer / Medische vrijwaring Grote Griepmeting, juli 2010",
            "object_id": "17",
            "change_message": "Changed in_navigation, language and moderator_state.",
            "user": 1,
            "content_type": 31
        }
    },
    {
        "pk": 99,
        "model": "admin.logentry",
        "fields": {
            "action_flag": 2,
            "action_time": "2010-08-17 04:17:28",
            "object_repr": "Het Project - Side",
            "object_id": "3",
            "change_message": "Changed html.",
            "user": 1,
            "content_type": 25
        }
    },
    {
        "pk": 98,
        "model": "admin.logentry",
        "fields": {
            "action_flag": 2,
            "action_time": "2010-08-17 03:31:44",
            "object_repr": "Kennislink",
            "object_id": "5",
            "change_message": "Changed image.",
            "user": 1,
            "content_type": 19
        }
    },
    {
        "pk": 97,
        "model": "admin.logentry",
        "fields": {
            "action_flag": 2,
            "action_time": "2010-08-17 03:17:06",
            "object_repr": "Natuurwetenschap & Techniek",
            "object_id": "8",
            "change_message": "Changed image.",
            "user": 1,
            "content_type": 19
        }
    },
    {
        "pk": 96,
        "model": "admin.logentry",
        "fields": {
            "action_flag": 2,
            "action_time": "2010-08-17 03:04:59",
            "object_repr": "Vragenlijst",
            "object_id": "8",
            "change_message": "Changed slug, language and moderator_state.",
            "user": 1,
            "content_type": 31
        }
    },
    {
        "pk": 95,
        "model": "admin.logentry",
        "fields": {
            "action_flag": 2,
            "action_time": "2010-08-17 03:04:32",
            "object_repr": "Questionnaire",
            "object_id": "8",
            "change_message": "Changed title, slug, language and moderator_state.",
            "user": 1,
            "content_type": 31
        }
    },
    {
        "pk": 94,
        "model": "admin.logentry",
        "fields": {
            "action_flag": 2,
            "action_time": "2010-08-16 15:54:03",
            "object_repr": "+Disclaimer / Medische vrijwaring Grote Griepmeting, juli 2010",
            "object_id": "17",
            "change_message": "Changed template, language and moderator_state.",
            "user": 1,
            "content_type": 31
        }
    },
    {
        "pk": 93,
        "model": "admin.logentry",
        "fields": {
            "action_flag": 2,
            "action_time": "2010-08-16 15:52:29",
            "object_repr": "Disclaimer / Medische vrijwaring Grote Griepmeting, juli 2010",
            "object_id": "17",
            "change_message": "Changed published, language and moderator_state.",
            "user": 1,
            "content_type": 31
        }
    },
    {
        "pk": 92,
        "model": "admin.logentry",
        "fields": {
            "action_flag": 1,
            "action_time": "2010-08-16 15:52:18",
            "object_repr": "Disclaimer / Medische vrijwaring Grote Griepmeting, juli 2010",
            "object_id": "17",
            "change_message": "",
            "user": 1,
            "content_type": 31
        }
    },
    {
        "pk": 91,
        "model": "admin.logentry",
        "fields": {
            "action_flag": 2,
            "action_time": "2010-08-16 11:33:11",
            "object_repr": "Nieuws",
            "object_id": "2",
            "change_message": "Changed language and moderator_state.",
            "user": 1,
            "content_type": 31
        }
    },
    {
        "pk": 90,
        "model": "admin.logentry",
        "fields": {
            "action_flag": 1,
            "action_time": "2010-08-16 11:32:04",
            "object_repr": "submenu",
            "object_id": "7",
            "change_message": "",
            "user": 1,
            "content_type": 25
        }
    },
    {
        "pk": 89,
        "model": "admin.logentry",
        "fields": {
            "action_flag": 1,
            "action_time": "2010-08-16 11:17:48",
            "object_repr": "Oud Nieuws",
            "object_id": "16",
            "change_message": "",
            "user": 1,
            "content_type": 31
        }
    },
    {
        "pk": 88,
        "model": "admin.logentry",
        "fields": {
            "action_flag": 2,
            "action_time": "2010-03-21 10:43:00",
            "object_repr": "Wat is griep - Side",
            "object_id": "6",
            "change_message": "Changed html.",
            "user": 1,
            "content_type": 25
        }
    },
    {
        "pk": 87,
        "model": "admin.logentry",
        "fields": {
            "action_flag": 2,
            "action_time": "2010-03-21 10:42:43",
            "object_repr": "+De oorsprong en betekenis van het woord 'Griep' ",
            "object_id": "15",
            "change_message": "Changed language and moderator_state.",
            "user": 1,
            "content_type": 31
        }
    },
    {
        "pk": 86,
        "model": "admin.logentry",
        "fields": {
            "action_flag": 1,
            "action_time": "2010-03-21 10:42:12",
            "object_repr": "+De oorsprong en betekenis van het woord 'Griep' ",
            "object_id": "15",
            "change_message": "",
            "user": 1,
            "content_type": 31
        }
    },
    {
        "pk": 85,
        "model": "admin.logentry",
        "fields": {
            "action_flag": 2,
            "action_time": "2010-03-21 10:39:01",
            "object_repr": "Wat is griep - Side",
            "object_id": "6",
            "change_message": "Changed html.",
            "user": 1,
            "content_type": 25
        }
    },
    {
        "pk": 84,
        "model": "admin.logentry",
        "fields": {
            "action_flag": 1,
            "action_time": "2010-03-21 10:37:44",
            "object_repr": "+Het gevaar van Influenza",
            "object_id": "14",
            "change_message": "",
            "user": 1,
            "content_type": 31
        }
    },
    {
        "pk": 83,
        "model": "admin.logentry",
        "fields": {
            "action_flag": 2,
            "action_time": "2010-03-21 10:37:03",
            "object_repr": "Wat is griep - Side",
            "object_id": "6",
            "change_message": "Changed html.",
            "user": 1,
            "content_type": 25
        }
    },
    {
        "pk": 82,
        "model": "admin.logentry",
        "fields": {
            "action_flag": 2,
            "action_time": "2010-03-21 10:36:16",
            "object_repr": "+Ziekteverloop",
            "object_id": "13",
            "change_message": "Changed language and moderator_state.",
            "user": 1,
            "content_type": 31
        }
    },
    {
        "pk": 81,
        "model": "admin.logentry",
        "fields": {
            "action_flag": 1,
            "action_time": "2010-03-21 10:35:02",
            "object_repr": "+Ziekteverloop",
            "object_id": "13",
            "change_message": "",
            "user": 1,
            "content_type": 31
        }
    },
    {
        "pk": 80,
        "model": "admin.logentry",
        "fields": {
            "action_flag": 2,
            "action_time": "2010-03-21 10:34:53",
            "object_repr": "+Veel gestelde vragen over griep",
            "object_id": "12",
            "change_message": "Changed language and moderator_state.",
            "user": 1,
            "content_type": 31
        }
    },
    {
        "pk": 79,
        "model": "admin.logentry",
        "fields": {
            "action_flag": 2,
            "action_time": "2010-03-21 10:34:47",
            "object_repr": "Wat is griep - Side",
            "object_id": "6",
            "change_message": "Changed html.",
            "user": 1,
            "content_type": 25
        }
    },
    {
        "pk": 78,
        "model": "admin.logentry",
        "fields": {
            "action_flag": 2,
            "action_time": "2010-03-21 10:34:19",
            "object_repr": "Wat is griep - Side",
            "object_id": "6",
            "change_message": "Changed html.",
            "user": 1,
            "content_type": 25
        }
    },
    {
        "pk": 77,
        "model": "admin.logentry",
        "fields": {
            "action_flag": 2,
            "action_time": "2010-03-21 10:31:27",
            "object_repr": "Wat is griep - Side",
            "object_id": "6",
            "change_message": "Changed html.",
            "user": 1,
            "content_type": 25
        }
    },
    {
        "pk": 76,
        "model": "admin.logentry",
        "fields": {
            "action_flag": 2,
            "action_time": "2010-03-21 10:31:06",
            "object_repr": "+Veel gestelde vragen over griep",
            "object_id": "12",
            "change_message": "Changed published, language and moderator_state.",
            "user": 1,
            "content_type": 31
        }
    },
    {
        "pk": 75,
        "model": "admin.logentry",
        "fields": {
            "action_flag": 3,
            "action_time": "2010-03-21 10:30:20",
            "object_repr": "FAQ",
            "object_id": "7",
            "change_message": "",
            "user": 1,
            "content_type": 31
        }
    },
    {
        "pk": 74,
        "model": "admin.logentry",
        "fields": {
            "action_flag": 1,
            "action_time": "2010-03-21 10:29:23",
            "object_repr": "Veel gestelde vragen over griep",
            "object_id": "12",
            "change_message": "",
            "user": 1,
            "content_type": 31
        }
    },
    {
        "pk": 73,
        "model": "admin.logentry",
        "fields": {
            "action_flag": 2,
            "action_time": "2010-03-21 10:18:57",
            "object_repr": "Wat is griep - Side",
            "object_id": "6",
            "change_message": "Changed html.",
            "user": 1,
            "content_type": 25
        }
    },
    {
        "pk": 72,
        "model": "admin.logentry",
        "fields": {
            "action_flag": 2,
            "action_time": "2010-03-21 10:17:52",
            "object_repr": "Wat is griep - Side",
            "object_id": "6",
            "change_message": "Changed html.",
            "user": 1,
            "content_type": 25
        }
    },
    {
        "pk": 71,
        "model": "admin.logentry",
        "fields": {
            "action_flag": 2,
            "action_time": "2010-03-21 10:16:47",
            "object_repr": "Wat is griep - Side",
            "object_id": "6",
            "change_message": "Changed html.",
            "user": 1,
            "content_type": 25
        }
    },
    {
        "pk": 70,
        "model": "admin.logentry",
        "fields": {
            "action_flag": 2,
            "action_time": "2010-03-21 10:15:01",
            "object_repr": "Wat is griep?",
            "object_id": "6",
            "change_message": "Changed language and moderator_state.",
            "user": 1,
            "content_type": 31
        }
    },
    {
        "pk": 69,
        "model": "admin.logentry",
        "fields": {
            "action_flag": 1,
            "action_time": "2010-03-21 10:14:45",
            "object_repr": "Wat is griep - Side",
            "object_id": "6",
            "change_message": "",
            "user": 1,
            "content_type": 25
        }
    },
    {
        "pk": 68,
        "model": "admin.logentry",
        "fields": {
            "action_flag": 2,
            "action_time": "2010-03-21 10:10:16",
            "object_repr": "Het Project - Side",
            "object_id": "3",
            "change_message": "No fields changed.",
            "user": 1,
            "content_type": 25
        }
    },
    {
        "pk": 67,
        "model": "admin.logentry",
        "fields": {
            "action_flag": 2,
            "action_time": "2010-03-21 09:54:59",
            "object_repr": "+Medewerkers",
            "object_id": "11",
            "change_message": "Changed published, language and moderator_state.",
            "user": 1,
            "content_type": 31
        }
    },
    {
        "pk": 66,
        "model": "admin.logentry",
        "fields": {
            "action_flag": 1,
            "action_time": "2010-03-21 09:54:50",
            "object_repr": "Medewerkers",
            "object_id": "11",
            "change_message": "",
            "user": 1,
            "content_type": 31
        }
    },
    {
        "pk": 65,
        "model": "admin.logentry",
        "fields": {
            "action_flag": 2,
            "action_time": "2010-03-21 09:54:32",
            "object_repr": "Het Project - Side",
            "object_id": "3",
            "change_message": "Changed html.",
            "user": 1,
            "content_type": 25
        }
    },
    {
        "pk": 64,
        "model": "admin.logentry",
        "fields": {
            "action_flag": 2,
            "action_time": "2010-03-21 09:52:16",
            "object_repr": "+Sponsors",
            "object_id": "4",
            "change_message": "Changed language and moderator_state.",
            "user": 1,
            "content_type": 31
        }
    },
    {
        "pk": 63,
        "model": "admin.logentry",
        "fields": {
            "action_flag": 2,
            "action_time": "2010-03-21 09:50:58",
            "object_repr": "+Deelnemende partijen",
            "object_id": "10",
            "change_message": "Changed language and moderator_state.",
            "user": 1,
            "content_type": 31
        }
    },
    {
        "pk": 62,
        "model": "admin.logentry",
        "fields": {
            "action_flag": 2,
            "action_time": "2010-03-21 09:50:14",
            "object_repr": "Deelnemende partijen - Info",
            "object_id": "5",
            "change_message": "Changed html.",
            "user": 1,
            "content_type": 25
        }
    },
    {
        "pk": 61,
        "model": "admin.logentry",
        "fields": {
            "action_flag": 2,
            "action_time": "2010-03-21 09:47:09",
            "object_repr": "+Deelnemende partijen",
            "object_id": "10",
            "change_message": "Changed language and moderator_state.",
            "user": 1,
            "content_type": 31
        }
    },
    {
        "pk": 60,
        "model": "admin.logentry",
        "fields": {
            "action_flag": 1,
            "action_time": "2010-03-21 09:46:05",
            "object_repr": "Deelnemende partijen - Info",
            "object_id": "5",
            "change_message": "",
            "user": 1,
            "content_type": 25
        }
    },
    {
        "pk": 59,
        "model": "admin.logentry",
        "fields": {
            "action_flag": 2,
            "action_time": "2010-03-21 09:42:24",
            "object_repr": "+Deelnemende partijen",
            "object_id": "10",
            "change_message": "Changed published, language and moderator_state.",
            "user": 1,
            "content_type": 31
        }
    },
    {
        "pk": 58,
        "model": "admin.logentry",
        "fields": {
            "action_flag": 2,
            "action_time": "2010-03-21 09:42:16",
            "object_repr": "+Deelnemende partijen",
            "object_id": "10",
            "change_message": "Changed language and moderator_state.",
            "user": 1,
            "content_type": 31
        }
    },
    {
        "pk": 57,
        "model": "admin.logentry",
        "fields": {
            "action_flag": 2,
            "action_time": "2010-03-21 09:42:08",
            "object_repr": "Het Project - Side",
            "object_id": "3",
            "change_message": "Changed html.",
            "user": 1,
            "content_type": 25
        }
    },
    {
        "pk": 56,
        "model": "admin.logentry",
        "fields": {
            "action_flag": 2,
            "action_time": "2010-03-21 09:41:57",
            "object_repr": "Het Project - Side",
            "object_id": "3",
            "change_message": "Changed html.",
            "user": 1,
            "content_type": 25
        }
    },
    {
        "pk": 55,
        "model": "admin.logentry",
        "fields": {
            "action_flag": 1,
            "action_time": "2010-03-21 09:41:26",
            "object_repr": "Deelnemende partijen",
            "object_id": "10",
            "change_message": "",
            "user": 1,
            "content_type": 31
        }
    },
    {
        "pk": 54,
        "model": "admin.logentry",
        "fields": {
            "action_flag": 2,
            "action_time": "2010-03-21 09:38:31",
            "object_repr": "+Uniek",
            "object_id": "9",
            "change_message": "Changed language and moderator_state.",
            "user": 1,
            "content_type": 31
        }
    },
    {
        "pk": 53,
        "model": "admin.logentry",
        "fields": {
            "action_flag": 3,
            "action_time": "2010-03-21 09:37:26",
            "object_repr": "Sponsors",
            "object_id": "1",
            "change_message": "",
            "user": 1,
            "content_type": 25
        }
    },
    {
        "pk": 52,
        "model": "admin.logentry",
        "fields": {
            "action_flag": 3,
            "action_time": "2010-03-21 09:37:26",
            "object_repr": "Partijen",
            "object_id": "2",
            "change_message": "",
            "user": 1,
            "content_type": 25
        }
    },
    {
        "pk": 51,
        "model": "admin.logentry",
        "fields": {
            "action_flag": 2,
            "action_time": "2010-03-21 09:36:56",
            "object_repr": "FAQ",
            "object_id": "7",
            "change_message": "Changed language and moderator_state.",
            "user": 1,
            "content_type": 31
        }
    },
    {
        "pk": 50,
        "model": "admin.logentry",
        "fields": {
            "action_flag": 2,
            "action_time": "2010-03-21 09:36:47",
            "object_repr": "Wat is griep?",
            "object_id": "6",
            "change_message": "Changed language and moderator_state.",
            "user": 1,
            "content_type": 31
        }
    },
    {
        "pk": 49,
        "model": "admin.logentry",
        "fields": {
            "action_flag": 2,
            "action_time": "2010-03-21 09:36:37",
            "object_repr": "+Partijen",
            "object_id": "5",
            "change_message": "Changed language and moderator_state.",
            "user": 1,
            "content_type": 31
        }
    },
    {
        "pk": 48,
        "model": "admin.logentry",
        "fields": {
            "action_flag": 2,
            "action_time": "2010-03-21 09:36:21",
            "object_repr": "+Sponsors",
            "object_id": "4",
            "change_message": "Changed language and moderator_state.",
            "user": 1,
            "content_type": 31
        }
    },
    {
        "pk": 47,
        "model": "admin.logentry",
        "fields": {
            "action_flag": 2,
            "action_time": "2010-03-21 09:36:08",
            "object_repr": "Het Project",
            "object_id": "3",
            "change_message": "Changed language and moderator_state.",
            "user": 1,
            "content_type": 31
        }
    },
    {
        "pk": 46,
        "model": "admin.logentry",
        "fields": {
            "action_flag": 2,
            "action_time": "2010-03-21 09:35:53",
            "object_repr": "Het Project",
            "object_id": "3",
            "change_message": "Changed language and moderator_state.",
            "user": 1,
            "content_type": 31
        }
    },
    {
        "pk": 45,
        "model": "admin.logentry",
        "fields": {
            "action_flag": 1,
            "action_time": "2010-03-21 09:35:18",
            "object_repr": "Sponsors en Partijen",
            "object_id": "4",
            "change_message": "",
            "user": 1,
            "content_type": 25
        }
    },
    {
        "pk": 44,
        "model": "admin.logentry",
        "fields": {
            "action_flag": 2,
            "action_time": "2010-03-21 09:33:36",
            "object_repr": "+Uniek",
            "object_id": "9",
            "change_message": "Changed published, language and moderator_state.",
            "user": 1,
            "content_type": 31
        }
    },
    {
        "pk": 43,
        "model": "admin.logentry",
        "fields": {
            "action_flag": 2,
            "action_time": "2010-03-21 09:33:23",
            "object_repr": "+Uniek",
            "object_id": "9",
            "change_message": "Changed language and moderator_state.",
            "user": 1,
            "content_type": 31
        }
    },
    {
        "pk": 42,
        "model": "admin.logentry",
        "fields": {
            "action_flag": 1,
            "action_time": "2010-03-21 09:32:07",
            "object_repr": "Uniek",
            "object_id": "9",
            "change_message": "",
            "user": 1,
            "content_type": 31
        }
    },
    {
        "pk": 41,
        "model": "admin.logentry",
        "fields": {
            "action_flag": 2,
            "action_time": "2010-03-21 09:31:29",
            "object_repr": "Het Project - Side",
            "object_id": "3",
            "change_message": "Changed html.",
            "user": 1,
            "content_type": 25
        }
    },
    {
        "pk": 40,
        "model": "admin.logentry",
        "fields": {
            "action_flag": 2,
            "action_time": "2010-03-21 09:30:58",
            "object_repr": "Het Project - Side",
            "object_id": "3",
            "change_message": "Changed html.",
            "user": 1,
            "content_type": 25
        }
    },
    {
        "pk": 39,
        "model": "admin.logentry",
        "fields": {
            "action_flag": 1,
            "action_time": "2010-03-21 09:29:45",
            "object_repr": "Het Project - Side",
            "object_id": "3",
            "change_message": "",
            "user": 1,
            "content_type": 25
        }
    },
    {
        "pk": 38,
        "model": "admin.logentry",
        "fields": {
            "action_flag": 1,
            "action_time": "2010-03-15 22:57:24",
            "object_repr": "Questionnaire",
            "object_id": "8",
            "change_message": "",
            "user": 1,
            "content_type": 31
        }
    },
    {
        "pk": 37,
        "model": "admin.logentry",
        "fields": {
            "action_flag": 2,
            "action_time": "2010-03-15 19:05:23",
            "object_repr": "FAQ",
            "object_id": "7",
            "change_message": "Changed language and moderator_state.",
            "user": 1,
            "content_type": 31
        }
    },
    {
        "pk": 36,
        "model": "admin.logentry",
        "fields": {
            "action_flag": 1,
            "action_time": "2010-03-15 19:04:50",
            "object_repr": "FAQ",
            "object_id": "7",
            "change_message": "",
            "user": 1,
            "content_type": 31
        }
    },
    {
        "pk": 35,
        "model": "admin.logentry",
        "fields": {
            "action_flag": 2,
            "action_time": "2010-03-15 19:04:16",
            "object_repr": "Wat is griep?",
            "object_id": "6",
            "change_message": "Changed language and moderator_state.",
            "user": 1,
            "content_type": 31
        }
    },
    {
        "pk": 34,
        "model": "admin.logentry",
        "fields": {
            "action_flag": 1,
            "action_time": "2010-03-15 19:01:44",
            "object_repr": "Wat is griep?",
            "object_id": "6",
            "change_message": "",
            "user": 1,
            "content_type": 31
        }
    },
    {
        "pk": 33,
        "model": "admin.logentry",
        "fields": {
            "action_flag": 2,
            "action_time": "2010-03-15 19:00:32",
            "object_repr": "Home",
            "object_id": "1",
            "change_message": "Changed language and moderator_state.",
            "user": 1,
            "content_type": 31
        }
    },
    {
        "pk": 32,
        "model": "admin.logentry",
        "fields": {
            "action_flag": 2,
            "action_time": "2010-03-15 18:58:34",
            "object_repr": "+Sponsors",
            "object_id": "4",
            "change_message": "Changed language and moderator_state.",
            "user": 1,
            "content_type": 31
        }
    },
    {
        "pk": 31,
        "model": "admin.logentry",
        "fields": {
            "action_flag": 2,
            "action_time": "2010-03-15 18:58:20",
            "object_repr": "+Partijen",
            "object_id": "5",
            "change_message": "Changed language and moderator_state.",
            "user": 1,
            "content_type": 31
        }
    },
    {
        "pk": 30,
        "model": "admin.logentry",
        "fields": {
            "action_flag": 1,
            "action_time": "2010-03-15 18:56:06",
            "object_repr": "Partijen",
            "object_id": "2",
            "change_message": "",
            "user": 1,
            "content_type": 25
        }
    },
    {
        "pk": 29,
        "model": "admin.logentry",
        "fields": {
            "action_flag": 1,
            "action_time": "2010-03-15 18:56:01",
            "object_repr": "Sponsors",
            "object_id": "1",
            "change_message": "",
            "user": 1,
            "content_type": 25
        }
    },
    {
        "pk": 28,
        "model": "admin.logentry",
        "fields": {
            "action_flag": 2,
            "action_time": "2010-03-15 18:55:14",
            "object_repr": "+Partijen",
            "object_id": "5",
            "change_message": "Changed language and moderator_state.",
            "user": 1,
            "content_type": 31
        }
    },
    {
        "pk": 27,
        "model": "admin.logentry",
        "fields": {
            "action_flag": 1,
            "action_time": "2010-03-15 18:47:28",
            "object_repr": "Partijen",
            "object_id": "5",
            "change_message": "",
            "user": 1,
            "content_type": 31
        }
    },
    {
        "pk": 26,
        "model": "admin.logentry",
        "fields": {
            "action_flag": 2,
            "action_time": "2010-03-15 18:34:10",
            "object_repr": "+Sponsors",
            "object_id": "4",
            "change_message": "Changed template, language and moderator_state.",
            "user": 1,
            "content_type": 31
        }
    },
    {
        "pk": 25,
        "model": "admin.logentry",
        "fields": {
            "action_flag": 2,
            "action_time": "2010-03-15 18:33:56",
            "object_repr": "+Sponsors",
            "object_id": "4",
            "change_message": "Changed template, language and moderator_state.",
            "user": 1,
            "content_type": 31
        }
    },
    {
        "pk": 24,
        "model": "admin.logentry",
        "fields": {
            "action_flag": 2,
            "action_time": "2010-03-15 18:33:43",
            "object_repr": "+Sponsors",
            "object_id": "4",
            "change_message": "Changed template, language and moderator_state.",
            "user": 1,
            "content_type": 31
        }
    },
    {
        "pk": 23,
        "model": "admin.logentry",
        "fields": {
            "action_flag": 2,
            "action_time": "2010-03-15 18:16:48",
            "object_repr": "Het Project",
            "object_id": "3",
            "change_message": "Changed template, language and moderator_state.",
            "user": 1,
            "content_type": 31
        }
    },
    {
        "pk": 22,
        "model": "admin.logentry",
        "fields": {
            "action_flag": 2,
            "action_time": "2010-03-15 18:12:32",
            "object_repr": "Sponsors",
            "object_id": "4",
            "change_message": "Changed language and moderator_state.",
            "user": 1,
            "content_type": 31
        }
    },
    {
        "pk": 21,
        "model": "admin.logentry",
        "fields": {
            "action_flag": 1,
            "action_time": "2010-03-15 18:05:25",
            "object_repr": "Sponsors",
            "object_id": "4",
            "change_message": "",
            "user": 1,
            "content_type": 31
        }
    },
    {
        "pk": 20,
        "model": "admin.logentry",
        "fields": {
            "action_flag": 1,
            "action_time": "2010-03-15 18:02:18",
            "object_repr": "Natuurwetenschap & Techniek",
            "object_id": "8",
            "change_message": "",
            "user": 1,
            "content_type": 19
        }
    },
    {
        "pk": 19,
        "model": "admin.logentry",
        "fields": {
            "action_flag": 1,
            "action_time": "2010-03-15 18:01:31",
            "object_repr": "Centrum voor Wiskunde en Informatica",
            "object_id": "7",
            "change_message": "",
            "user": 1,
            "content_type": 19
        }
    },
    {
        "pk": 18,
        "model": "admin.logentry",
        "fields": {
            "action_flag": 1,
            "action_time": "2010-03-15 18:00:55",
            "object_repr": "De Digitale School",
            "object_id": "6",
            "change_message": "",
            "user": 1,
            "content_type": 19
        }
    },
    {
        "pk": 17,
        "model": "admin.logentry",
        "fields": {
            "action_flag": 1,
            "action_time": "2010-03-15 17:59:04",
            "object_repr": "Kennislink",
            "object_id": "5",
            "change_message": "",
            "user": 1,
            "content_type": 19
        }
    },
    {
        "pk": 16,
        "model": "admin.logentry",
        "fields": {
            "action_flag": 1,
            "action_time": "2010-03-15 17:48:13",
            "object_repr": "Oscillococcinum",
            "object_id": "4",
            "change_message": "",
            "user": 1,
            "content_type": 19
        }
    },
    {
        "pk": 15,
        "model": "admin.logentry",
        "fields": {
            "action_flag": 1,
            "action_time": "2010-03-15 17:47:22",
            "object_repr": "Tweak",
            "object_id": "3",
            "change_message": "",
            "user": 1,
            "content_type": 19
        }
    },
    {
        "pk": 14,
        "model": "admin.logentry",
        "fields": {
            "action_flag": 1,
            "action_time": "2010-03-15 17:46:44",
            "object_repr": "Solvay Pharmaceuticals",
            "object_id": "2",
            "change_message": "",
            "user": 1,
            "content_type": 19
        }
    },
    {
        "pk": 13,
        "model": "admin.logentry",
        "fields": {
            "action_flag": 1,
            "action_time": "2010-03-15 17:45:54",
            "object_repr": "Sanofi Pasteur MSD",
            "object_id": "1",
            "change_message": "",
            "user": 1,
            "content_type": 19
        }
    },
    {
        "pk": 12,
        "model": "admin.logentry",
        "fields": {
            "action_flag": 1,
            "action_time": "2010-03-15 17:44:22",
            "object_repr": "Partijen",
            "object_id": "2",
            "change_message": "",
            "user": 1,
            "content_type": 18
        }
    },
    {
        "pk": 11,
        "model": "admin.logentry",
        "fields": {
            "action_flag": 1,
            "action_time": "2010-03-15 17:44:04",
            "object_repr": "Sponsors",
            "object_id": "1",
            "change_message": "",
            "user": 1,
            "content_type": 18
        }
    },
    {
        "pk": 10,
        "model": "admin.logentry",
        "fields": {
            "action_flag": 1,
            "action_time": "2010-03-15 17:16:20",
            "object_repr": "Pandemie of blinde paniek?",
            "object_id": "5",
            "change_message": "",
            "user": 1,
            "content_type": 29
        }
    },
    {
        "pk": 9,
        "model": "admin.logentry",
        "fields": {
            "action_flag": 1,
            "action_time": "2010-03-15 17:14:55",
            "object_repr": "Mengvirus kan gevaarlijk zijn",
            "object_id": "4",
            "change_message": "",
            "user": 1,
            "content_type": 29
        }
    },
    {
        "pk": 8,
        "model": "admin.logentry",
        "fields": {
            "action_flag": 1,
            "action_time": "2010-03-15 17:13:58",
            "object_repr": "Periode van droogte gaat vaak vooraf aan griepuitbraak",
            "object_id": "3",
            "change_message": "",
            "user": 1,
            "content_type": 29
        }
    },
    {
        "pk": 7,
        "model": "admin.logentry",
        "fields": {
            "action_flag": 1,
            "action_time": "2010-03-15 16:55:52",
            "object_repr": "Miljoenen vaccins Mexicaanse griep over",
            "object_id": "2",
            "change_message": "",
            "user": 1,
            "content_type": 29
        }
    },
    {
        "pk": 6,
        "model": "admin.logentry",
        "fields": {
            "action_flag": 1,
            "action_time": "2010-03-15 16:54:34",
            "object_repr": "Nieuwe virusremmer lijkt veelbelovend",
            "object_id": "1",
            "change_message": "",
            "user": 1,
            "content_type": 29
        }
    },
    {
        "pk": 5,
        "model": "admin.logentry",
        "fields": {
            "action_flag": 1,
            "action_time": "2010-03-15 16:53:12",
            "object_repr": "Nieuws",
            "object_id": "1",
            "change_message": "",
            "user": 1,
            "content_type": 28
        }
    },
    {
        "pk": 4,
        "model": "admin.logentry",
        "fields": {
            "action_flag": 2,
            "action_time": "2010-03-15 16:44:19",
            "object_repr": "Home",
            "object_id": "1",
            "change_message": "Changed language and moderator_state.",
            "user": 1,
            "content_type": 31
        }
    },
    {
        "pk": 3,
        "model": "admin.logentry",
        "fields": {
            "action_flag": 1,
            "action_time": "2010-03-15 16:33:46",
            "object_repr": "Het Project",
            "object_id": "3",
            "change_message": "",
            "user": 1,
            "content_type": 31
        }
    },
    {
        "pk": 2,
        "model": "admin.logentry",
        "fields": {
            "action_flag": 1,
            "action_time": "2010-03-15 16:33:28",
            "object_repr": "Nieuws",
            "object_id": "2",
            "change_message": "",
            "user": 1,
            "content_type": 31
        }
    },
    {
        "pk": 1,
        "model": "admin.logentry",
        "fields": {
            "action_flag": 1,
            "action_time": "2010-03-15 15:47:44",
            "object_repr": "Home",
            "object_id": "1",
            "change_message": "",
            "user": 1,
            "content_type": 31
        }
    },
    {
        "pk": 1,
        "model": "survey.surveyuser",
        "fields": {
            "name": "bon",
            "last_participation": 2,
            "global_id": "193807d8-4a30-4601-9bc5-bc59db1696cd",
            "deleted": false,
            "user": null,
            "last_participation_date": "2010-11-04 12:50:43"
        }
    },
    {
        "pk": 2,
        "model": "survey.surveyuser",
        "fields": {
            "name": "zo",
            "last_participation": 4,
            "global_id": "cd81f47b-779d-42fe-8dbf-332401e0b9a4",
            "deleted": false,
            "user": null,
            "last_participation_date": "2010-11-04 15:26:57"
        }
    },
    {
        "pk": 3,
        "model": "survey.surveyuser",
        "fields": {
            "name": "bon",
            "last_participation": 8,
            "global_id": "b9e8353b-e113-4b03-856f-c118e0b70666",
            "deleted": false,
            "user": null,
            "last_participation_date": "2010-11-08 15:45:34"
        }
    },
    {
        "pk": 4,
        "model": "survey.surveyuser",
        "fields": {
            "name": "Antwan",
            "last_participation": null,
            "global_id": "12139e6b-3b87-4c2f-80e8-5b0e6f98afbd",
            "deleted": false,
            "user": 1,
            "last_participation_date": null
        }
    },
    {
        "pk": 5,
        "model": "survey.surveyuser",
        "fields": {
            "name": "Jansen",
            "last_participation": null,
            "global_id": "870d7092-224a-4db2-9506-1566bcd8c0a6",
            "deleted": false,
            "user": 1,
            "last_participation_date": null
        }
    },
    {
        "pk": 1,
        "model": "survey.survey",
        "fields": {
            "updated": "2010-11-04 15:09:17",
            "description": null,
            "title": "",
            "specification": "# 'Gold Standard' Questionnaires (Deliverable of Task 2) KULeuven\n# 1) New user registration: intake questions\n\nclass IntakeQ1(d.Question):\n  question = 'What is your gender?'\n  type = 'options-single'\n  options = ((0, 'Male'),\n             (1, 'Female'), )\n  \nclass IntakeQ2(d.Question):\n  question = 'What is your birth month and birth year?'\n  type = 'month-year'\n\nclass IntakeQ3(d.Question):\n  question = 'What is your home postal code?'\n  type = 'postcode'\n\nclass IntakeQ4(d.Question):\n  question = 'What is your school/workplace postal code?'\n  type = 'postcode'\n\nclass IntakeQ5(d.Question):\n  question = \"\"\"In your daily life, do you come into frequent contact with any \n  of the following? (Tick all that apply)\"\"\"\n  type = 'options-multiple'\n  options = ((0, 'Groups of children or teenagers'),\n             (1, 'Groups of the elderly (>65 years of age)'),\n             (2, 'Patients'),\n             (3, \"\"\"Crowds of people (more than 10 individuals on one and the\n             same occasion)\"\"\"), )\n\nclass IntakeQ6(d.Question):\n  question = \"\"\"Not counting you, how many people in each of the following age\n  groups live in your household?\"\"\"\n  type = 'multiple-number'\n  categories = ((0, '0-4 years'),\n                (1, '5-18 years'),\n                (2, '19-44 years'),\n                (3, '45-64 years'),\n                (4, '65+ years'), )\n\nclass IntakeQ6b(d.Question):\n  question = \"\"\"How many of ther children aged 0-4 in your household go to\n  school or day-care?\"\"\"\n  type = 'options-single'\n  options = ((1, '1'),\n             (2, '2'),\n             (3, '3'),\n             (4, '4'),\n             (5, '5'),\n             (99, 'more than 5'), )\n  \nclass IntakeQ7(d.Question):\n  question = 'What is your daily main means of transportation?'\n  type = 'options-single'\n  options = ((0, 'Walking'),\n             (1, 'Bike'),\n             (2, 'Motorbike/scooter'),\n             # wording '(including taxi)' added to question following telco\n             # 26-10-2010.\n             (3, 'Car (including taxi)'),\n             (4, 'Public transportation (Bus, train, ...'),\n             (5, 'Other'), )\n\nclass IntakeQ7b(d.Question):\n  question = \"\"\"On a normal day, how much time do you spend on public transport\n  (bus, train, underground)?\"\"\"\n  type = 'options-single'\n  options = ((0, 'No time at all'),\n             (1, '0-30 minutes'),\n             (2, '30 minutes - 1,5 hours'),\n             (4, '1,5 hours - 4 hours'),\n             (5, '>4 hours'), )\n\nclass IntakeQ8(d.Question):\n  question = 'Were you vaccinated against swine flu last winter?'\n  type = 'options-single'\n  options = ((0, 'Yes'),\n             (1, 'No'),\n             (2, \"I don't know\"), )\n\nclass IntakeQ8b(d.Question):\n  question = \"\"\"When were you vaccinated against swine flu? Date of the first\n  dose?\"\"\"\n  type = 'date'\n\nclass IntakeQ8c(d.Question):\n  question = 'If you received two doses: date of the second dose?'\n  type = 'date'\n\nclass IntakeQ9(d.Question):\n  question = \"\"\"Did you receive seasonal flu vaccine last autumn/winter\n  (i.e. 2009-2010)?\"\"\"\n  type = 'options-single'\n  options = ((0, 'Yes'),\n             (1, 'No'),\n             (2, \"I don't know\"), )\n\nclass IntakeQ10(d.Question):\n  # word 'seasonal' added to question following telco 26-10-2010.\n  question = 'Have you had a seasonal flu vaccine this season ({{ SEASON }})?'\n  type = 'options-single'\n  options = ((0, 'Yes'),\n             (1, 'No'),\n             (2, \"I don't know\"), )\n\nclass IntakeQ10b(d.Question):\n  question = \"\"\"When did you receive a flu vaccine this season ({{ SEASON }})?\n  Date of the seasonal flu vaccination?\"\"\"\n  type = 'date'\n\nclass IntakeQ10c(d.Question):\n  question = \"\"\"What were your reasons for getting a seasonal influenza\n  vaccination this fall or winter season ({{ SEASON }})? (Tick all that apply)\"\"\"\n  type = 'options-multiple'\n  options = ((0, 'Because I belong to a risk group'),\n             (1, \"\"\"Because vaccination decreases the risk of me getting\n             influenza\"\"\"),\n             (2, \"\"\"Because vaccination decreases the risk of spreading\n             influenza to others\"\"\"),\n             (3, \"\"\"Because my general practitioner recommended influenza\n             vaccination\"\"\"),\n             (4, 'Because it was recommended in my workplace/school'),\n             (5, \"\"\"Because the vaccine was readily available and vaccine\n             administration was convenient\"\"\"),\n             (6, 'Because the vaccine was free'),\n             (7, \"Because I don't want to miss work/school\"),\n             (8, 'Because I believe that the vaccine is effective'),\n             (9, 'Other reason(s)'), )\n  \nclass IntakeQ10d(d.Question):\n  question = \"\"\"What are your reasons for NOT getting a flu vaccine this season\n  ({{ SEASON }})? (Tick all that apply)\"\"\"\n  type= 'options-multiple'\n  options = ((0, 'I am still (planning to) get a vaccine'),\n             (1, 'Because I don\u2019t belong to a risk group'),\n             (2, \"\"\"Because it is better to build your own natural immunity\n             against the flu\"\"\"),\n             (3, 'Because I doubt that the influenza vaccine is effective'),\n             (4, 'Because influenza is a minor illness'),\n             (5, 'Because influenza vaccine can cause influenza'),\n             (6, \"\"\"Because I am worried that the vaccine is not safe or will\n             cause illness or other adverse events\"\"\"),\n             (7, 'Because the vaccine is not readily available to me'),\n             (8, 'Because the vaccine is not free of charge'),\n             (9, 'Because I dislike injections'),\n             (10, 'No particular reason'),\n             (11, 'Other reason(s)'), )\n\nclass IntakeQ11(d.Question):\n  question = \"\"\"Did you get an invitation from your doctor to receive flu\n  vaccine this fall/winter season?\"\"\"\n  type = 'options-single'\n  options = ((0, 'Yes'),\n             (1, 'No'),\n             (2, \"I don't know\"), )\n\nclass IntakeQ12(d.Question):\n  question = \"\"\"Do you take medication for any of the following medical\n  conditions?  (Tick all that apply)\"\"\"\n  type = 'options-multiple'\n  options = ((0, 'Yes, I am taking medication because of Asthma'),\n             (1, 'Yes, I am taking medication because of Diabetes'),\n             (2, \"\"\"Yes, I am taking medication because of Lung disorder (COPD,\n             emphysema, ...)\"\"\"),\n             (3, 'Yes, I am taking medication because of a Heart disorder'),\n             (4, 'Yes, I am taking medication because of a Kidney disorder'),\n             (5, \"\"\"Yes, I am taking medication because of an immunocompromised\n             condition (e.g. splenectomy, organ transplant, aquired immune\n             deficiency, cancer treatment)\"\"\"), )\n  \nclass IntakeQ13(d.Question):\n  question = 'Are you currently pregnant?'\n  type = 'options-single'\n  options = ((0, 'Yes'),\n             (1, 'No'),\n             (2, \"I don't know\"), )\n\nclass IntakeQ13b(d.Question):\n  question = \"In which trimester of the pregnancy are you?\"\n  type = 'options-single'\n  options = ((0, 'First trimester (week 1-12)'),\n             (1, 'Second trimester (week 13-28)'),\n             (2, 'Third trimester (week 29-delivery)'),\n             (3, \"I don't know\"), )\n\nclass IntakeQ14(d.Question):\n  question = 'Do you smoke?'\n  type = 'options-single'\n  options = ((0, 'No'),\n             (1, 'Yes, less than 10 cigarettes a day'),\n             (2, 'Yes, 10 cigarettes or more a day'),\n             (3, 'Yes, but exclusively pipe or cigars'),\n             (4, \"I don't know\"), )\n  \nclass IntakeQ15(d.Question):\n  question = \"\"\"Do you have one of the following allergies that can cause\n  respiratory symptoms? (Multiple answers possible)\"\"\"\n  type = 'options-multiple'\n  options = ((0, 'Pollen (hay fever)'),\n             (1, 'House dust mite'),\n             (2, 'Domestic animals/pets'),\n             (3, \"\"\"Other allergies that cause respiratory symptoms (e.g.\n             sneezing, runny eyes)\"\"\"), )\n\nclass IntakeQ18(d.Question):\n  question = \"\"\"On average over the past 5 years, how many times per year did\n  you have common colds or flu-like diseases?\"\"\"\n  type = 'options-single'\n  options = ((0, 'Never'),\n             (1, 'One or two times a year'),\n             (2, 'Between 3 and 5 times a year'),\n             (3, 'Between 6 and 10 times a year'),\n             (4, 'More than 10 times a year'), )\n\nclass IntakeQ16(d.Question):\n  question = 'Do you follow a special diet?'\n  type = 'options-single'\n  options = ((0, 'No special diet'),\n             (1, 'Vegetarian'),\n             (2, 'Veganism'),\n             (3, 'Low-calorie'),\n             (4, 'Other'), )\n  \nclass IntakeQ17(d.Question):\n  question = 'Do you have pets at home? (Multiple answers possible)'\n  type = 'options-multiple'\n  options = ((0, 'No'),\n             (1, 'Yes, one or more dogs'),\n             (2, 'Yes, one or more cats'),\n             (3, 'Yes, one or more birds'),\n             (4, 'Yes, one ore more other animals'), )\n\nclass Survey(d.Survey):\n    id = 'gold-standard-intake-0.1.0'\n    rules = ( IntakeQ1,\n              IntakeQ2,\n              IntakeQ3,\n              IntakeQ4,\n              IntakeQ5,\n#              IntakeQ6,\n#              d.If(~d.Equal(IntakeQ6[0], 0)) ( IntakeQ6b ), # category 0 not 0\n              IntakeQ7,\n              IntakeQ7b,\n              IntakeQ8,\n              d.If(d.Equal(IntakeQ8, 0)) ( IntakeQ8b, IntakeQ8c ),\n              IntakeQ9,\n              IntakeQ10,\n\n              d.If(d.Equal(IntakeQ10, 0)) ( IntakeQ10b, IntakeQ10c ),\n              d.Else( IntakeQ10d ),\n\n              IntakeQ11,\n              IntakeQ12,\n              IntakeQ13,\n              d.If(d.Equal(IntakeQ13, 0)) ( IntakeQ13b ),\n              IntakeQ14,\n              IntakeQ15,\n              IntakeQ18, # decided in telco 26-10-2010.\n              IntakeQ16,\n              IntakeQ17,\n              )\n",
            "created": "2010-11-04 15:09:17",
            "survey_id": "gold-standard-intake-0.1.0"
        }
    },
    {
        "pk": 2,
        "model": "survey.survey",
        "fields": {
            "updated": "2010-11-08 15:44:12",
            "description": null,
            "title": "",
            "specification": "# Weekly evaluation of disease symptoms\n\nclass WeeklyQ1(d.Question):\n  question = \"\"\"Did you have one or more of the following symptoms since your\n  last visit? (Tick all that apply)\"\"\"\n  type = 'options-multiple'\n  options = ((1, 'Fever'),\n             (17, 'Chills'),\n             (3, 'Runny or blocked nose'),\n             (4, 'Sneezing'),\n             (5, 'Sore throat'),\n             (6, 'Cough'),\n             (18, 'Shortness of breath'),\n             (8, 'Headache'),\n             (9, 'Muscle pain'),\n             (10, 'Chest pain'),\n             (11, 'Feeling tired or exhausted'),\n             (12, 'Loss of appetite'),\n             (7, 'Coloured sputum'),\n             (2, 'Watery, bloodshot eyes'),\n             (13, 'Nausea'),\n             (14, 'Vomiting'),\n             (15, 'Diarrhoea'),\n             (19, 'Stomach ache'),\n             (16, 'Other'),\n             # (0, 'No symptoms'), # Removed to use d.Empty\n             )\n\nclass WeeklyQ1b(d.Question):\n  question = 'Did your symptoms develop suddenly?'\n  type = 'options-single'\n  options = ((0, 'Yes'),\n             (1, 'No'),\n             (2, \"I don't know\"), )\n\nclass WeeklyQ2(d.Question):\n  question = 'Did you take your temperature?'\n  type = 'options-single'\n  options = ((0, 'Yes'),\n             (1, 'No'),\n             (2, \"I don't know\"), )\n\nclass WeeklyQ2b(d.Question):\n  question = \"\"\"When you measured your temperature, what was the highest\n  temperature measured?\"\"\"\n  type = 'options-single'\n  options = ((0, 'Below 37\u00b0C'),\n             (1, '37\u00b0 - 37.4\u00b0C'),\n             (2, '37.5\u00b0 - 37.9\u00b0C'),\n             (3, '38\u00b0 \u2013 38.9\u00b0C'),\n             (4, '39\u00b0 - 39.9\u00b0C'),\n             (5, '40\u00b0C or more'), )\n\nclass WeeklyQ2c(d.Question):\n  question = 'When did the fever start?' \n  type = 'date'\n  # or \"I don\u2019t remember\"\n\nclass WeeklyQ3(d.Question):\n  question = \"\"\"On {{ LAST_SURVEY.DATE|date:'l F jS' }} you reported that you\n  were still ill with symptoms that began on\n  {{ LAST_SURVEY.WeeklyQ4|date:'l F jS' }}. Are the symptoms you reported today\n  part of the same bout of illness?\"\"\"\n  type = 'options-single'\n  options = ((0, 'Yes'),\n             (1, 'No'), )\n  \nclass Message1(d.Question):\n  question = \"\"\"To save you time, we have filled in the information you gave us\n  previously about your illness. Please check that it is still correct, and\n  make any changes -- for instance, if you have visited a doctor since you last\n  completed the survey.\"\"\"\n  type = 'advise'\n  \nclass WeeklyQ4(d.Question):\n  question = 'When did the first symptoms appear?'\n  type = 'date'\n\nclass WeeklyQ5(d.Question):\n  question = 'When did your symptoms end?'\n  type = 'date'\n# We also need the option of \"I am still ill\"\n\n#class WeeklyQ5(d.Question):\n#  question = 'When did your symptoms end?'\n#  type = 'date-or-text'\n#  text = 'I am still ill'\n\nclass WeeklyQ6(d.Question):\n  question = \"\"\"Because of your symptoms, did you seek medical attention by\n  visiting (seeing face to face) any of the following (tick all that apply)?\"\"\"\n  type = 'options-single'\n  options = ((0, 'Yes: general practitioner (GP) or GP\u2019s practice nurse'),\n             (1, 'Yes: Hospital admission'),\n             (2, \"\"\"Yes: Hospital accident & emergency department/out of hours\n             service\"\"\"),\n             (3, 'Yes: Other'),\n             (4, 'No'),\n             (5, 'No, but I have an appointment scheduled in the future'), )\n\n# this should be asked for each option ticked in the previous question\nclass WeeklyQ6b(d.Question):\n  question = \"\"\"How soon after your symptoms appeared did you seek medical\n  attention?\"\"\"\n  type = 'table-of-options-single'\n  options = ((0, '<12 hours'),\n             (1, '12-24 hours (1 day)'),\n             (2, '2 days'),\n             (3, '3 days'),\n             (4, '4 days'),\n             (5, '5-7 days'),\n             (6, '>7 days'), )\n\nclass WeeklyQ7(d.Question):\n  question = \"Did you take medication for these symptoms?\"\n  type = 'options-multiple'\n  options = ((0, \"No medication\"),\n             (1, \"\"\"Pain killers or antipyretics (e.g. paracetamol, lemsip,\n             ibuprofen, aspirin, etc)\"\"\"),\n             (2, \"Expectorants (cough medicine)\"),\n             (3, \"Antivirals (Tamiflu, Relenza)\"),\n             (4, \"Antibiotics\"),\n             (5, \"Other\"), )\n\nclass WeeklyQ7b(d.Question):\n  question = \"\"\"How long after the beginning of your symptoms did you start\n  taking antiviral medication?\"\"\"\n  type = 'options-multiple'\n  options = ((0, \"Same day (within 24 hours)\"),\n             (1, \"1 day later\"),\n             (2, \"2 days later\"),\n             (3, \"3 days later \"),\n             (4, \"4 days later\"),\n             (5, \"5-7 days later\"),\n             (6, \">7 days later\"), )\n\nclass WeeklyQ8(d.Question):\n  question = \"Did you change your daily routine because of your illness?\"\n  type = 'options-single'\n  options = ((0, \"No\"),\n             (1, \"Yes, but I did not take time off work/school\"),\n             (2, \"Yes, I took time off work/school\"), )\n\nclass WeeklyQ8b(d.Question):\n  question = \"Are you still off work/school?\"\n  type = 'options-single'\n  options = ((0, 'Yes'),\n             (1, 'No'),\n             (2, \"I don't know\"), )\n\nclass WeeklyQ8c(d.Question):\n  question = \"How long were you off work/school?\"\n  type = 'options-single'\n  options = ((0, \"1 day\"),\n             (1, \"2 days\"),\n             (2, \"3 days\"),\n             (3, \"4 days\"),\n             (4, \"5 days\"),\n             (5, \"6 days\"),\n             (6, \"1 to 2 weeks\"),\n             (7, \"2 to 3 weeks\"),\n             (8, \">3 weeks\"), )\n\nclass WeeklyQ9a(d.Question):\n  question = \"\"\"How many people did you meet inside or outside your household\n  that had flu-like symptoms in the past week?\n\n  <em>Inside</em> your household:\"\"\"  # Emphasise the word 'Inside' \n  type = 'options-single'\n  options = ((0, \"0\"),\n             (1, \"1\"),\n             (2, \"2\"),\n             (3, \"3\"),\n             (4, \"4\"),\n             (5, \"5\"),\n             (6, \">5\"),\n             (7, \"Don\u2019t know\"), )\n\nclass WeeklyQ9b(d.Question):\n  question = \"\"\"How many people did you meet inside or outside your household\n  that had flu-like symptoms in the past week?\n\n  <em>Outside</em> your household:\"\"\"  # Emphasise the word 'Outside' \n  type = 'options-single'\n  options = ((0, \"0\"),\n             (1, \"1\"),\n             (2, \"2\"),\n             (3, \"3\"),\n             (4, \"4\"),\n             (5, \"5\"),\n             (6, \">5\"),\n             (7, \"Don\u2019t know\"), )\n\nclass WeeklyQ10(d.Question):\n  question = \"\"\"According to our data you did not receive a seasonal flu\n  vaccination. Have you had one in the meantime?\"\"\"\n  type = 'options-single'\n  options = ((0, 'Meanwhile I have received a seasonal flu vaccination'),\n             (1, 'I did not receive a seasonal flu vaccination'), )\n\nclass WeeklyQ11(d.Question):\n  question = 'What do you think yourself is causing your symptoms?'\n  type = 'options-single'\n  options = ((0, \"Influenza or influenza-like illness\"),\n             (1, \"Common cold\"),\n             (2, \"Allergy/hay fever\"),\n             (3, \"Gastroenteritis/gastric flu\"),\n             (4, \"I don\u2019t have an idea\"), )\n\n# WeeklyQ11 requires an answer so if its value is empty in the previous\n# response then the previous response must not exist.\nprevious_response_exists = ~ d.Empty(d.Response('WeeklyQ11'))\n\n\nclass Survey(d.Survey):\n  id = 'gold-standard-weekly-0.1.0'\n\n  # Local propositions\n  symptoms_present             = ~ d.Empty(WeeklyQ1)\n  took_temp                    = d.Equal(WeeklyQ2, 0)\n  fever_among_symptoms         = d.Contains(WeeklyQ1, [1])\n  temp_over_37half             = d.In(WeeklyQ2b, [2,3,4,5])\n  took_antivirals              = d.Contains(WeeklyQ7, [3])\n  reported_no_seasonal_flu_jab = ~ d.Equal(d.Profile('IntakeQ9'), 0)\n  # TODO still_ill                    = d.Equal(WeeklyQ3, 0)\n  # Tautology:\n  still_ill                    = d.Empty(WeeklyQ1) | ~ d.Empty(WeeklyQ1)\n  \n  rules = (\n    WeeklyQ1,\n    d.If( symptoms_present )\n    ( WeeklyQ1b ),\n    WeeklyQ2,\n    d.If( symptoms_present & took_temp)\n    ( WeeklyQ2b ),\n    d.If( fever_among_symptoms | temp_over_37half )\n    ( WeeklyQ2c),\n\n    d.If( previous_response_exists\n          & still_ill\n          & ~ d.Empty(WeeklyQ1) # Symptoms are present\n          )\n    ( WeeklyQ3,\n      d.If(d.Equal(WeeklyQ3, 0)) ( Message1, WeeklyQ4 ),\n      WeeklyQ5,\n      WeeklyQ6,\n      d.If(d.Equal(WeeklyQ6, 1)) ( WeeklyQ6b ),\n      WeeklyQ7,\n      d.If( took_antivirals ) ( WeeklyQ7b ),\n      WeeklyQ8,\n      d.If(d.Equal(WeeklyQ8, 2)) ( WeeklyQ8b, WeeklyQ8c,)),\n    \n    WeeklyQ9a,\n    WeeklyQ9b,\n\n    d.If( reported_no_seasonal_flu_jab ) ( WeeklyQ10 ),\n    # TODO Possibly update IntakeQ9 here?\n\n    WeeklyQ11,\n    )\n\n  # TODO tidy up this syntax: see survey.py lines 100-125\n  prefill = { WeeklyQ4:  still_ill,\n              WeeklyQ5:  still_ill,\n              WeeklyQ6:  still_ill,\n              WeeklyQ6b: still_ill,\n              WeeklyQ7:  still_ill,\n              WeeklyQ7b: still_ill,\n              WeeklyQ8:  still_ill,\n              WeeklyQ8b: still_ill,\n              WeeklyQ8c: still_ill,\n              WeeklyQ9a: still_ill,\n              WeeklyQ9b: still_ill,\n              }\n\n",
            "created": "2010-11-04 15:09:18",
            "survey_id": "gold-standard-weekly-0.1.0"
        }
    },
    {
        "pk": 3,
        "model": "survey.survey",
        "fields": {
            "updated": "2010-12-22 15:45:52",
            "description": null,
            "title": "",
            "specification": "# Weekly evaluation of disease symptoms including contact questions.\n\nclass WeeklyQ1(d.Question):\n  question = \"\"\"Did you have one or more of the following symptoms\n  {% if LAST_SURVEY %}since your last visit{% else %}during the last\n  week{% endif %}? (Tick all that apply)\"\"\"\n  type = 'options-multiple'\n  options = ((1, 'Fever'),\n             (17, 'Chills'),\n             (3, 'Runny or blocked nose'),\n             (4, 'Sneezing'),\n             (5, 'Sore throat'),\n             (6, 'Cough'),\n             (18, 'Shortness of breath'),\n             (8, 'Headache'),\n             (9, 'Muscle pain'),\n             (10, 'Chest pain'),\n             (11, 'Feeling tired or exhausted'),\n             (12, 'Loss of appetite'),\n             (7, 'Coloured sputum'),\n             (2, 'Watery, bloodshot eyes'),\n             (13, 'Nausea'),\n             (14, 'Vomiting'),\n             (15, 'Diarrhoea'),\n             (19, 'Stomach ache'),\n             (16, 'Other'),\n             (0, 'No symptoms'),\n             )\n\nclass WeeklyQ1b(d.Question):\n  question = 'Did your symptoms develop suddenly?'\n  type = 'options-single'\n  options = ((0, 'Yes'),\n             (1, 'No'),\n             (2, \"I don't know\"), )\n\nclass WeeklyQ2(d.Question):\n  question = 'Did you take your temperature?'\n  type = 'options-single'\n  options = ((0, 'Yes'),\n             (1, 'No'),\n             (2, \"I don't know\"), )\n\nclass WeeklyQ2b(d.Question):\n  question = \"\"\"When you measured your temperature, what was the highest\n  temperature measured?\"\"\"\n  type = 'options-single'\n  options = ((0, 'Below 37C'),\n             (1, '37 - 37.4C'),\n             (2, '37.5 - 37.9C'),\n             (3, '38 - 38.9C'),\n             (4, '39 - 39.9C'),\n             (5, '40C or more'), )\n\nclass WeeklyQ2c(d.Question):\n  question = 'When did the fever start?' \n  type = 'date'\n  # or \"I don't remember\"\n\nclass WeeklyQ3(d.Question):\n  question = \"\"\"On {{ LAST_SURVEY.DATE|date:'l F jS' }} you reported that you\n  were still ill with symptoms that began on\n  {{ LAST_SURVEY.WeeklyQ4|date:'l F jS' }}. Are the symptoms you reported today\n  part of the same bout of illness?\"\"\"\n  type = 'options-single'\n  options = ((0, 'Yes'),\n             (1, 'No'), )\n  \nclass Message1(d.Question):\n  question = \"\"\"To save you time, we have filled in the information you gave us\n  previously about your illness. Please check that it is still correct, and\n  make any changes -- for instance, if you have visited a doctor since you last\n  completed the survey.\"\"\"\n  type = 'advise'\n  \nclass WeeklyQ4(d.Question):\n  question = 'When did the first symptoms appear?'\n  type = 'date'\n\nclass WeeklyQ5(d.Question):\n  question = 'When did your symptoms end?'\n  type = 'date-or-option'\n  text = 'I am still ill'\n\nclass WeeklyQ6(d.Question):\n  question = \"\"\"Because of your symptoms, did you seek medical attention by\n  visiting (seeing face to face) any of the following (tick all that apply)?\"\"\"\n  type = 'options-multiple'\n  options = ((0, \"Yes: family doctor or family doctor's practice nurse\"),\n             (1, 'Yes: Hospital admission'),\n             (2, \"\"\"Yes: Hospital accident & emergency department/out of hours\n             service\"\"\"),\n             (3, 'Yes: Other'),\n             (4, 'No'),\n             (5, 'No, but I have an appointment scheduled in the future'), )\n\n# this should be asked for each option ticked in the previous question\nclass WeeklyQ6b(d.Question):\n  question = \"\"\"How soon after your symptoms appeared did you seek medical\n  attention?\"\"\"\n  type = 'table-of-options-single'\n  type_args = [WeeklyQ6, [0,1,2,3]]\n  options = ((0, '<12 hours'),\n             (1, '12-24 hours (1 day)'),\n             (2, '2 days'),\n             (3, '3 days'),\n             (4, '4 days'),\n             (5, '5-7 days'),\n             (6, '>7 days'), )\n\nclass WeeklyQ6c(d.Question):\n  question = \"\"\"Because of your symptoms, did you seek medical attention by\n  telephone with any of the following (tick all that apply)?\"\"\"\n  type = 'options-multiple'\n  options = ((0, 'Yes: Family doctor - spoke to receptionist only'),\n             (1, 'Yes: Family doctor - spoke to doctor or nurse'),\n             (2, 'Yes: National health advice service'),\n             (3, 'Yes: National pandemic flu service'),\n             (4, 'Yes: Other'),\n             (5, 'No'),)\n\nclass WeeklyQ7(d.Question):\n  question = \"Did you take medication for these symptoms?\"\n  type = 'options-multiple'\n  options = ((0, \"No medication\"),\n             (1, \"\"\"Pain killers or antipyretics (e.g. paracetamol, lemsip,\n             ibuprofen, aspirin, etc)\"\"\"),\n             (2, \"Expectorants (cough medicine)\"),\n             (3, \"Antivirals (Tamiflu, Relenza)\"),\n             (4, \"Antibiotics\"),\n             (5, \"Other\"), )\n\nclass WeeklyQ7b(d.Question):\n  question = \"\"\"How long after the beginning of your symptoms did you start\n  taking antiviral medication?\"\"\"\n  type = 'options-single'\n  options = ((0, \"Same day (within 24 hours)\"),\n             (1, \"1 day later\"),\n             (2, \"2 days later\"),\n             (3, \"3 days later \"),\n             (4, \"4 days later\"),\n             (5, \"5-7 days later\"),\n             (6, \">7 days later\"), )\n\nclass WeeklyQ8(d.Question):\n  question = \"Did you change your daily routine because of your illness?\"\n  type = 'options-single'\n  options = ((0, \"No\"),\n             (1, \"Yes, but I did not take time off work/school\"),\n             (2, \"Yes, I took time off work/school\"), )\n\nclass WeeklyQ8b(d.Question):\n  question = \"Are you still off work/school?\"\n  type = 'options-single'\n  options = ((0, 'Yes'),\n             (1, 'No'), )\n\nclass WeeklyQ8c(d.Question):\n  question = \"How long were you off work/school?\"\n  type = 'options-single'\n  options = ((0, \"1 day\"),\n             (1, \"2 days\"),\n             (2, \"3 days\"),\n             (3, \"4 days\"),\n             (4, \"5 days\"),\n             (5, \"6 days\"),\n             (6, \"1 to 2 weeks\"),\n             (7, \"2 to 3 weeks\"),\n             (8, \">3 weeks\"), )\n\nclass WeeklyQ9a(d.Question):\n  question = \"\"\"How many people did you meet inside or outside your household\n  that had flu-like symptoms in the past week?\n\n  <em>Inside</em> your household:\"\"\"  # Emphasise the word 'Inside' \n  type = 'options-single'\n  options = ((0, \"0\"),\n             (1, \"1\"),\n             (2, \"2\"),\n             (3, \"3\"),\n             (4, \"4\"),\n             (5, \"5\"),\n             (6, \">5\"),\n             (7, \"Don't know\"), )\n\nclass WeeklyQ9b(d.Question):\n  question = \"\"\"How many people did you meet inside or outside your household\n  that had flu-like symptoms in the past week?\n\n  <em>Outside</em> your household:\"\"\"  # Emphasise the word 'Outside' \n  type = 'options-single'\n  options = ((0, \"0\"),\n             (1, \"1\"),\n             (2, \"2\"),\n             (3, \"3\"),\n             (4, \"4\"),\n             (5, \"5\"),\n             (6, \">5\"),\n             (7, \"Don't know\"), )\n\nclass WeeklyQ10(d.Question):\n  question = \"\"\"According to our data you did not receive a seasonal flu\n  vaccination. Have you had one in the meantime?\"\"\"\n  type = 'options-single'\n  options = ((0, 'Meanwhile I have received a seasonal flu vaccination'),\n             (1, 'I did not receive a seasonal flu vaccination'), )\n\nclass WeeklyQ11(d.Question):\n  question = 'What do you think yourself is causing your symptoms?'\n  type = 'options-single'\n  options = ((0, \"Influenza or influenza-like illness\"),\n             (1, \"Common cold\"),\n             (2, \"Allergy/hay fever\"),\n             (3, \"Gastroenteritis/gastric flu\"),\n             (4, \"I don't have an idea\"), )\n\nclass ContactQ1(d.Question):\n  question = \"\"\"How many people did you have conversational contact with\n             yesterday?\"\"\"\n  type = 'table-of-selects'\n  rows = ['Home', 'Work', 'Other']\n  columns = ['0-4 years',\n             '5-18 years',\n             '19-44 years',\n             '45-64 years',\n             '65+ years',]\n  choices = (( 0,  '0'),\n             ( 1,  '1'),\n             ( 2,  '2'),\n             ( 3,  '3'),\n             ( 4,  '4'),\n             ( 5,  '5'),\n             ( 6,  '6'),\n             ( 7,  '7'),\n             ( 8,  '8'),\n             ( 9,  '9'),\n             (10, '>9'),)\n\nclass ContactQ2(d.Question):\n  question = 'How many people did you have physical contact with yesterday?'\n  type = 'table-of-selects'\n  rows = ['Home', 'Work', 'Other']\n  columns = ['0-4 years',\n             '5-18 years',\n             '19-44 years',\n             '45-64 years',\n             '65+ years',]\n  choices = (( 0,  '0'),\n             ( 1,  '1'),\n             ( 2,  '2'),\n             ( 3,  '3'),\n             ( 4,  '4'),\n             ( 5,  '5'),\n             ( 6,  '6'),\n             ( 7,  '7'),\n             ( 8,  '8'),\n             ( 9,  '9'),\n             (10, '>9'),)\n\nclass ContactQ3(d.Question):\n  question = \"\"\"On a normal day, how much time do you spend on public\n  transport (bus, train, undergound)?\"\"\"\n  type = 'options-single'\n  options = ((0, 'No time at all'),\n             (1, '0-30 minutes'),\n             (2, '30 minutes \u2013 1,5 hours'),\n             (3, '1,5 hours \u2013 4 hours'),\n             (4, '>4 hours'), )\n\nclass ContactQ4(d.Question):\n  question = \"\"\"Not including public transport, how long did you spend in an\n  enclosed indoor space (e.g. office, classroom, bar, cinema) with more than 10\n  other people yesterday ?\"\"\"\n  type = 'options-single'\n  options = ((0, 'No time at all'),\n             (1, '0-30 minutes'),\n             (2, '30 minutes \u2013 1,5 hours'),\n             (3, '1,5 hours \u2013 4 hours'),\n             (4, '>4 hours'),)\n  \nclass Survey(d.Survey):\n  id = 'gold-standard-weekly-1.6'\n\n  # Propositions depending on the previous response.\n  \n  # WeeklyQ11 requires an answer so if its value is empty in the previous\n  # response then the previous response must not exist.\n  previous_response_exists = ~ d.Empty(d.Response('WeeklyQ11'))\n  previously_still_ill = previous_response_exists & \\\n                         d.Equal(d.Response('WeeklyQ5'), 0)\n\n  # Propositions depending on (previous) answers in this response.\n  symptoms_present             = ~ d.In(WeeklyQ1, [0]) & \\\n                                 d.In(WeeklyQ1, [1,2,3,4,5,6,7,8,9,10,11,\n                                                 12,13,14,15,16,17,18,19])\n  took_temp                    = d.Equal(WeeklyQ2, 0)\n  fever_among_symptoms         = d.In(WeeklyQ1, [1])\n  temp_over_37half             = d.In(WeeklyQ2b, [2,3,4,5])\n  took_antivirals              = d.In(WeeklyQ7, [3])\n  reported_no_seasonal_flu_jab = ~ d.Equal(d.Profile('IntakeQ9'), 0)\n  still_ill                    = d.Equal(WeeklyQ3, 0)\n  sought_medical_attention     = d.In(WeeklyQ6, [0,1,2,3])\n  \n  rules = ( WeeklyQ1,\n            d.If(symptoms_present) (WeeklyQ1b, WeeklyQ2),\n            d.If(symptoms_present & took_temp) (WeeklyQ2b),\n            d.If(fever_among_symptoms | (took_temp & temp_over_37half))\n            (WeeklyQ2c),\n            d.If(previously_still_ill & symptoms_present) (WeeklyQ3),\n            d.If(still_ill) (Message1),\n            d.If(symptoms_present)\n            ( WeeklyQ4,\n              WeeklyQ5,\n              WeeklyQ6,\n              d.If(sought_medical_attention) (WeeklyQ6b),\n              WeeklyQ6c,\n              WeeklyQ7,\n              d.If(took_antivirals) (WeeklyQ7b),\n              WeeklyQ8,\n              d.If(d.Equal(WeeklyQ8, 2)) (WeeklyQ8b, WeeklyQ8c,)),\n            WeeklyQ9a,\n            WeeklyQ9b,\n            d.If(reported_no_seasonal_flu_jab) (WeeklyQ10),\n            # TODO Possibly update IntakeQ9 here?\n            d.If(symptoms_present) (WeeklyQ11),\n\n#            ContactQ1,\n#            ContactQ2,\n#            ContactQ3,\n#            ContactQ4,\n            )\n\n  # TODO tidy up this syntax: see survey.py lines 100-125\n  prefill = { WeeklyQ4:  still_ill,\n              WeeklyQ5:  still_ill,\n              WeeklyQ6:  still_ill,\n              WeeklyQ6b: still_ill,\n              WeeklyQ6c: still_ill,\n              WeeklyQ7:  still_ill,\n              WeeklyQ7b: still_ill,\n              WeeklyQ8:  still_ill,\n              WeeklyQ8b: still_ill,\n              WeeklyQ8c: still_ill,\n              WeeklyQ9a: still_ill,\n              WeeklyQ9b: still_ill,\n              }\n\n",
            "created": "2010-12-22 15:45:52",
            "survey_id": "gold-standard-weekly-1.6"
        }
    },
    {
        "pk": 4,
        "model": "survey.survey",
        "fields": {
            "updated": "2010-12-22 15:48:41",
            "description": null,
            "title": "",
            "specification": "# 'Gold Standard' Questionnaires (Deliverable of Task 2) KULeuven\n# 1) New user registration: intake questions\n\nclass IntakeQ1(d.Question):\n  question = 'What is your gender?'\n  type = 'options-single'\n  options = ((0, 'Male'),\n             (1, 'Female'), )\n  \nclass IntakeQ2(d.Question):\n  question = 'What is your birth month and birth year?'\n  type = 'month-year'\n\nclass IntakeQ3(d.Question):\n  question = 'What is your home postal code?'\n  type = 'postcode'\n\nclass IntakeQ4(d.Question):\n  question = 'What is your school/workplace postal code?'\n  type = 'postcode'\n\nclass IntakeQ5(d.Question):\n  question = \"\"\"In your daily life, do you come into frequent contact with any \n  of the following? (Tick all that apply)\"\"\"\n  type = 'options-multiple'\n  blank = True\n  options = ((0, 'Groups of children or teenagers'),\n             (1, 'Groups of the elderly (>65 years of age)'),\n             (2, 'Patients'),\n             (3, \"\"\"Crowds of people (more than 10 individuals on one and the\n             same occasion)\"\"\"), )\n\nclass IntakeQ6(d.Question):\n  question = \"\"\"Not counting you, how many people in each of the following age\n  groups live in your household?\"\"\"\n  type = 'table-of-selects'\n  rows = ['']\n  columns = ['0-4 years',\n             '5-18 years',\n             '19-44 years',\n             '45-64 years',\n             '65+ years']\n  choices = (( 0,  '0'),\n             ( 1,  '1'),\n             ( 2,  '2'),\n             ( 3,  '3'),\n             ( 4,  '4'),\n             ( 5,  '5'),\n             ( 6,  '6'),\n             ( 7,  '7'),\n             ( 8,  '8'),\n             ( 9,  '9'),\n             (10, '>9'),)\n\nclass IntakeQ6b(d.Question):\n  question = \"\"\"How many of the children aged 0-4 in your household go to\n  school or day-care?\"\"\"\n  type = 'options-single'\n  options = ((0, 'None'),\n             (1, '1'),\n             (2, '2'),\n             (3, '3'),\n             (4, '4'),\n             (5, '5'),\n             (99, 'more than 5'), )\n  \nclass IntakeQ7(d.Question):\n  question = 'What is your daily main means of transportation?'\n  type = 'options-single'\n  options = ((0, 'Walking'),\n             (1, 'Bike'),\n             (2, 'Motorbike/scooter'),\n             # wording '(including taxi)' added to question following telco\n             # 26-10-2010.\n             (3, 'Car (including taxi)'),\n             (4, 'Public transportation (Bus, train, ...'),\n             (5, 'Other'), )\n\nclass IntakeQ7b(d.Question):\n  question = \"\"\"On a normal day, how much time do you spend on public transport\n  (bus, train, underground)?\"\"\"\n  type = 'options-single'\n  options = ((0, 'No time at all'),\n             (1, '0-30 minutes'),\n             (2, '30 minutes - 1,5 hours'),\n             (4, '1,5 hours - 4 hours'),\n             (5, '>4 hours'), )\n\nclass IntakeQ8(d.Question):\n  question = 'Were you vaccinated against swine flu last winter?'\n  type = 'options-single'\n  options = ((0, 'Yes'),\n             (1, 'No'),\n             (2, \"I don't know\"), )\n\nclass IntakeQ8b(d.Question):\n  question = \"\"\"When were you vaccinated against swine flu? Date of the first\n  dose?\"\"\"\n  type = 'date'\n\nclass IntakeQ8c(d.Question):\n  question = 'If you received two doses: date of the second dose?'\n  type = 'date'\n\nclass IntakeQ9(d.Question):\n  question = \"\"\"Did you receive seasonal flu vaccine last autumn/winter\n  ({{ LAST_SEASON }})?\"\"\"\n  type = 'options-single'\n  options = ((0, 'Yes'),\n             (1, 'No'),\n             (2, \"I don't know\"), )\n\nclass IntakeQ10(d.Question):\n  # word 'seasonal' added to question following telco 26-10-2010.\n  question = 'Have you had a seasonal flu vaccine this season ({{ SEASON }})?'\n  type = 'options-single'\n  options = ((0, 'Yes'),\n             (1, 'No'),\n             (2, \"I don't know\"), )\n\nclass IntakeQ10b(d.Question):\n  question = \"\"\"When did you receive a flu vaccine this season ({{ SEASON }})?\n  Date of the seasonal flu vaccination?\"\"\"\n  type = 'date-or-option'\n  text = \"I don't know/don't remember\"\n\nclass IntakeQ10c(d.Question):\n  question = \"\"\"What were your reasons for getting a seasonal influenza\n  vaccination this fall or winter season ({{ SEASON }})? (Tick all that apply)\"\"\"\n  type = 'options-multiple'\n  options = ((0, 'Because I belong to a risk group'),\n             (1, \"\"\"Because vaccination decreases the risk of me getting\n             influenza\"\"\"),\n             (2, \"\"\"Because vaccination decreases the risk of spreading\n             influenza to others\"\"\"),\n             (3, \"\"\"Because my general practitioner recommended influenza\n             vaccination\"\"\"),\n             (4, 'Because it was recommended in my workplace/school'),\n             (5, \"\"\"Because the vaccine was readily available and vaccine\n             administration was convenient\"\"\"),\n             (6, 'Because the vaccine was free'),\n             (7, \"Because I don't want to miss work/school\"),\n             (8, 'Because I believe that the vaccine is effective'),\n             (9, 'Other reason(s)'), )\n  \nclass IntakeQ10d(d.Question):\n  question = \"\"\"What are your reasons for NOT getting a flu vaccine this season\n  ({{ SEASON }})? (Tick all that apply)\"\"\"\n  type= 'options-multiple'\n  options = ((0, 'I am still (planning to) get a vaccine'),\n             (1, \"Because I don't belong to a risk group\"),\n             (2, \"\"\"Because it is better to build your own natural immunity\n             against the flu\"\"\"),\n             (3, 'Because I doubt that the influenza vaccine is effective'),\n             (4, 'Because influenza is a minor illness'),\n             (5, 'Because influenza vaccine can cause influenza'),\n             (6, \"\"\"Because I am worried that the vaccine is not safe or will\n             cause illness or other adverse events\"\"\"),\n             (7, 'Because the vaccine is not readily available to me'),\n             (8, 'Because the vaccine is not free of charge'),\n             (9, 'Because I dislike injections'),\n             (10, 'No particular reason'),\n             (11, 'Other reason(s)'), )\n\nclass IntakeQ11(d.Question):\n  question = \"\"\"Did you get an invitation from your doctor to receive flu\n  vaccine this fall/winter season ({{ SEASON }})?\"\"\"\n  type = 'options-single'\n  options = ((0, 'Yes'),\n             (1, 'No'),\n             (2, \"I don't know\"), )\n\nclass IntakeQ12(d.Question):\n  question = \"\"\"Do you take medication for any of the following medical\n  conditions?  (Tick all that apply)\"\"\"\n  type = 'options-multiple'\n  blank = True\n  options = ((0, 'No'),\n             (1, 'Yes, I am taking medication because of Asthma'),\n             (2, 'Yes, I am taking medication because of Diabetes'),\n             (3, \"\"\"Yes, I am taking medication because of Lung disorder (COPD,\n             emphysema, ...)\"\"\"),\n             (4, 'Yes, I am taking medication because of a Heart disorder'),\n             (5, 'Yes, I am taking medication because of a Kidney disorder'),\n             (6, \"\"\"Yes, I am taking medication because of an immunocompromised\n             condition (e.g. splenectomy, organ transplant, aquired immune\n             deficiency, cancer treatment)\"\"\"), )\n  \nclass IntakeQ13(d.Question):\n  question = 'Are you currently pregnant?'\n  type = 'options-single'\n  options = ((0, 'Yes'),\n             (1, 'No'),\n             (2, \"I don't know/I prefer not to answer\"), )\n\nclass IntakeQ13b(d.Question):\n  question = \"In which trimester of the pregnancy are you?\"\n  type = 'options-single'\n  options = ((0, 'First trimester (week 1-12)'),\n             (1, 'Second trimester (week 13-28)'),\n             (2, 'Third trimester (week 29-delivery)'),\n             (3, \"I don't know\"), )\n\nclass IntakeQ14(d.Question):\n  question = 'Do you smoke?'\n  type = 'options-single'\n  options = ((0, 'No'),\n             (1, 'Yes, less than 10 cigarettes a day'),\n             (2, 'Yes, 10 cigarettes or more a day'),\n             (3, 'Yes, but exclusively pipe or cigars'),\n             (4, \"I don't know/I prefer not to answer\"), )\n  \nclass IntakeQ15(d.Question):\n  question = \"\"\"Do you have one of the following allergies that can cause\n  respiratory symptoms? (Multiple answers possible)\"\"\"\n  type = 'options-multiple'\n  blank = True\n  options = ((1, 'Pollen (hay fever)'),\n             (2, 'House dust mite'),\n             (3, 'Domestic animals/pets'),\n             (4, \"\"\"Other allergies that cause respiratory symptoms (e.g.\n             sneezing, runny eyes)\"\"\"),\n             (0, 'None of the above'),)\n\nclass IntakeQ18(d.Question):\n  question = \"\"\"On average over the past 5 years, how many times per year did\n  you have common colds or flu-like diseases?\"\"\"\n  type = 'options-single'\n  options = ((0, 'Never'),\n             (1, 'One or two times a year'),\n             (2, 'Between 3 and 5 times a year'),\n             (3, 'Between 6 and 10 times a year'),\n             (4, 'More than 10 times a year'), )\n\nclass IntakeQ16(d.Question):\n  question = 'Do you follow a special diet?'\n  type = 'options-single'\n  options = ((0, 'No special diet'),\n             (1, 'Vegetarian'),\n             (2, 'Veganism'),\n             (3, 'Low-calorie'),\n             (4, 'Other'), )\n  \nclass IntakeQ17(d.Question):\n  question = 'Do you have pets at home? (Multiple answers possible)'\n  type = 'options-multiple'\n  options = ((0, 'No'),\n             (1, 'Yes, one or more dogs'),\n             (2, 'Yes, one or more cats'),\n             (3, 'Yes, one or more birds'),\n             (4, 'Yes, one ore more other animals'), )\n\nclass Survey(d.Survey):\n  id = 'gold-standard-intake-1.5'\n\n  # Local propositions\n  children_under_4 = ~d.EqualIndex(IntakeQ6, 0, 0)\n  female = d.Equal(IntakeQ1, 1)\n  aged_15_to_50 = female | ~ female # True\n  # aged_15_to_50 = 15 < (year.now - IntakeQ2.year) < 50\n  pregnant = female & d.Equal(IntakeQ13, 0)\n  had_seasonal_flu_vaccine = d.Equal(IntakeQ10, 0)\n  had_swine_flu_vaccine_last_winter = d.Equal(IntakeQ8, 0)\n  \n  rules = ( IntakeQ1,\n              IntakeQ2,\n              IntakeQ3,\n              IntakeQ4,\n              IntakeQ5,\n              IntakeQ6,\n              d.If(children_under_4) (IntakeQ6b),\n              IntakeQ7,\n              IntakeQ7b,\n              IntakeQ8,\n              IntakeQ9,\n              IntakeQ10,\n              d.If(had_seasonal_flu_vaccine) (IntakeQ10b, IntakeQ10c),\n              d.Else(IntakeQ10d),\n              IntakeQ11,\n              IntakeQ12,\n              d.If(female & aged_15_to_50) (IntakeQ13),\n              d.If(pregnant) (IntakeQ13b),\n              IntakeQ14,\n              IntakeQ15,\n              IntakeQ18, # decided in telco 26-10-2010.\n              IntakeQ16,\n              IntakeQ17,\n              )\n",
            "created": "2010-12-22 15:48:00",
            "survey_id": "gold-standard-intake-1.5"
        }
    },
    {
        "pk": 5,
        "model": "survey.survey",
        "fields": {
            "updated": "2010-12-23 11:21:43",
            "description": null,
            "title": "Contact survey",
            "specification": "class ContactQ1(d.Question):\n  question = \"\"\"How many people did you have conversational contact with\n             yesterday?\"\"\"\n  type = 'table-of-selects'\n  rows = ['Home', 'Work', 'Other']\n  columns = ['0-4 years',\n             '5-18 years',\n             '19-44 years',\n             '45-64 years',\n             '65+ years',]\n  choices = (( 0,  '0'),\n             ( 1,  '1'),\n             ( 2,  '2'),\n             ( 3,  '3'),\n             ( 4,  '4'),\n             ( 5,  '5'),\n             ( 6,  '6'),\n             ( 7,  '7'),\n             ( 8,  '8'),\n             ( 9,  '9'),\n             (10, '>9'),)\n\nclass ContactQ2(d.Question):\n  question = 'How many people did you have physical contact with yesterday?'\n  type = 'table-of-selects'\n  rows = ['Home', 'Work', 'Other']\n  columns = ['0-4 years',\n             '5-18 years',\n             '19-44 years',\n             '45-64 years',\n             '65+ years',]\n  choices = (( 0,  '0'),\n             ( 1,  '1'),\n             ( 2,  '2'),\n             ( 3,  '3'),\n             ( 4,  '4'),\n             ( 5,  '5'),\n             ( 6,  '6'),\n             ( 7,  '7'),\n             ( 8,  '8'),\n             ( 9,  '9'),\n             (10, '>9'),)\n\nclass ContactQ3(d.Question):\n  question = \"\"\"On a normal day, how much time do you spend on public\n  transport (bus, train, undergound)?\"\"\"\n  type = 'options-single'\n  options = ((0, 'No time at all'),\n             (1, '0-30 minutes'),\n             (2, '30 minutes \u2013 1,5 hours'),\n             (3, '1,5 hours \u2013 4 hours'),\n             (4, '>4 hours'), )\n\nclass ContactQ4(d.Question):\n  question = \"\"\"Not including public transport, how long did you spend in an\n  enclosed indoor space (e.g. office, classroom, bar, cinema) with more than 10\n  other people yesterday ?\"\"\"\n  type = 'options-single'\n  options = ((0, 'No time at all'),\n             (1, '0-30 minutes'),\n             (2, '30 minutes \u2013 1,5 hours'),\n             (3, '1,5 hours \u2013 4 hours'),\n             (4, '>4 hours'),)\n  \nclass Survey(d.Survey):\n  id = 'contact-survey-1.0'\n  title = 'Contact survey'\n  \n  rules = ( ContactQ1,\n            ContactQ2,\n            ContactQ3,\n            ContactQ4,\n            )\n",
            "created": "2010-12-23 11:21:43",
            "survey_id": "contact-survey-1.0"
        }
    },
    {
        "pk": 1,
        "model": "survey.participation",
        "fields": {
            "previous_participation": null,
            "epidb_id": null,
            "survey": 1,
            "user": 1,
            "date": "2010-11-04 12:34:27",
            "previous_participation_date": null
        }
    },
    {
        "pk": 2,
        "model": "survey.participation",
        "fields": {
            "previous_participation": 1,
            "epidb_id": null,
            "survey": 3,
            "user": 1,
            "date": "2010-11-04 12:50:43",
            "previous_participation_date": "2010-11-04 12:34:27"
        }
    },
    {
        "pk": 3,
        "model": "survey.participation",
        "fields": {
            "previous_participation": null,
            "epidb_id": null,
            "survey": 3,
            "user": 2,
            "date": "2010-11-04 13:19:44",
            "previous_participation_date": null
        }
    },
    {
        "pk": 4,
        "model": "survey.participation",
        "fields": {
            "previous_participation": 3,
            "epidb_id": null,
            "survey": 2,
            "user": 2,
            "date": "2010-11-04 15:26:57",
            "previous_participation_date": "2010-11-04 13:19:44"
        }
    },
    {
        "pk": 5,
        "model": "survey.participation",
        "fields": {
            "previous_participation": null,
            "epidb_id": null,
            "survey": 2,
            "user": 3,
            "date": "2010-11-05 10:22:32",
            "previous_participation_date": null
        }
    },
    {
        "pk": 6,
        "model": "survey.participation",
        "fields": {
            "previous_participation": 5,
            "epidb_id": null,
            "survey": 2,
            "user": 3,
            "date": "2010-11-08 15:01:13",
            "previous_participation_date": "2010-11-05 10:22:32"
        }
    },
    {
        "pk": 7,
        "model": "survey.participation",
        "fields": {
            "previous_participation": 6,
            "epidb_id": null,
            "survey": 2,
            "user": 3,
            "date": "2010-11-08 15:35:38",
            "previous_participation_date": "2010-11-08 15:01:13"
        }
    },
    {
        "pk": 8,
        "model": "survey.participation",
        "fields": {
            "previous_participation": 7,
            "epidb_id": null,
            "survey": 2,
            "user": 3,
            "date": "2010-11-08 15:45:34",
            "previous_participation_date": "2010-11-08 15:35:38"
        }
    },
    {
        "pk": 1,
        "model": "survey.responsesendqueue",
        "fields": {
            "date": "2010-11-04 12:34:27",
            "survey_id": "dev-survey-0.0",
            "user_id": "193807d8-4a30-4601-9bc5-bc59db1696cd",
            "answers": "(dp1\nS'RepQ10'\np2\nV0\nsS'RepQ11'\np3\nV1\nsS'RepQ08'\np4\nV0\nsS'RepQ09'\np5\nNsS'RepQ12'\np6\nV1\nsS'RepQ04'\np7\nS'2010-11-01'\np8\nsS'RepQ05'\np9\nV0\nsS'RepQ06'\np10\nV0\nsS'RepQ07'\np11\nV0\nsS'RepQ01'\np12\n(lp13\nV0\nasS'RepQ02'\np14\nS'2010-11-01'\np15\nsS'RepQ03'\np16\nV0\ns.",
            "participation": 1
        }
    },
    {
        "pk": 2,
        "model": "survey.responsesendqueue",
        "fields": {
            "date": "2010-11-04 12:50:44",
            "survey_id": "gold-standard-weekly-0.1.0",
            "user_id": "193807d8-4a30-4601-9bc5-bc59db1696cd",
            "answers": "(dp1\nS'WeeklyQ7b'\np2\nNsS'WeeklyQ6b'\np3\nNsS'WeeklyQ11'\np4\nV0\nsS'WeeklyQ8c'\np5\nNsS'WeeklyQ8b'\np6\nNsS'WeeklyQ9a'\np7\nV1\nsS'WeeklyQ9b'\np8\nV1\nsS'WeeklyQ6'\np9\nNsS'WeeklyQ7'\np10\nNsS'WeeklyQ4'\np11\nNsS'WeeklyQ5'\np12\nNsS'WeeklyQ2'\np13\nV0\nsS'WeeklyQ3'\np14\nNsS'WeeklyQ1b'\np15\nV0\nsS'WeeklyQ1'\np16\n(lp17\nV1\nasS'WeeklyQ8'\np18\nNsS'WeeklyQ2c'\np19\nNsS'WeeklyQ2b'\np20\nNs.",
            "participation": 2
        }
    },
    {
        "pk": 3,
        "model": "survey.responsesendqueue",
        "fields": {
            "date": "2010-11-04 13:19:44",
            "survey_id": "gold-standard-weekly-0.1.0",
            "user_id": "cd81f47b-779d-42fe-8dbf-332401e0b9a4",
            "answers": "(dp1\nS'WeeklyQ7b'\np2\nNsS'WeeklyQ6b'\np3\nNsS'WeeklyQ11'\np4\nV0\nsS'WeeklyQ8c'\np5\nNsS'WeeklyQ8b'\np6\nNsS'WeeklyQ9a'\np7\nV0\nsS'WeeklyQ9b'\np8\nV0\nsS'WeeklyQ6'\np9\nNsS'WeeklyQ7'\np10\nNsS'WeeklyQ4'\np11\nNsS'WeeklyQ5'\np12\nNsS'WeeklyQ2'\np13\nV0\nsS'WeeklyQ3'\np14\nNsS'WeeklyQ1b'\np15\nV0\nsS'WeeklyQ1'\np16\n(lp17\nV3\nasS'WeeklyQ8'\np18\nNsS'WeeklyQ2c'\np19\nNsS'WeeklyQ2b'\np20\nNs.",
            "participation": 3
        }
    },
    {
        "pk": 4,
        "model": "survey.responsesendqueue",
        "fields": {
            "date": "2010-11-04 15:26:58",
            "survey_id": "gold-standard-weekly-0.1.0",
            "user_id": "cd81f47b-779d-42fe-8dbf-332401e0b9a4",
            "answers": "(dp1\nS'WeeklyQ7b'\np2\nNsS'WeeklyQ6b'\np3\nNsS'WeeklyQ11'\np4\nV0\nsS'WeeklyQ8c'\np5\nNsS'WeeklyQ8b'\np6\nNsS'WeeklyQ9a'\np7\nV0\nsS'WeeklyQ9b'\np8\nV1\nsS'WeeklyQ6'\np9\nV0\nsS'WeeklyQ7'\np10\n(lp11\nV0\nasS'WeeklyQ4'\np12\nS'2010-11-01'\np13\nsS'WeeklyQ5'\np14\nS'2010-11-01'\np15\nsS'WeeklyQ2'\np16\nV0\nsS'WeeklyQ3'\np17\nV0\nsS'WeeklyQ1b'\np18\nV0\nsS'WeeklyQ1'\np19\n(lp20\nV5\nasS'WeeklyQ8'\np21\nV2\nsS'WeeklyQ2c'\np22\nNsS'WeeklyQ2b'\np23\nNs.",
            "participation": 4
        }
    },
    {
        "pk": 5,
        "model": "survey.responsesendqueue",
        "fields": {
            "date": "2010-11-05 10:22:32",
            "survey_id": "gold-standard-weekly-0.1.0",
            "user_id": "b9e8353b-e113-4b03-856f-c118e0b70666",
            "answers": "(dp1\nS'WeeklyQ7b'\np2\nNsS'WeeklyQ6b'\np3\nNsS'WeeklyQ11'\np4\nV0\nsS'WeeklyQ8c'\np5\nNsS'WeeklyQ8b'\np6\nNsS'WeeklyQ9a'\np7\nV0\nsS'WeeklyQ9b'\np8\nV0\nsS'WeeklyQ6'\np9\nV0\nsS'WeeklyQ7'\np10\n(lp11\nV3\nasS'WeeklyQ4'\np12\nS'2010-11-01'\np13\nsS'WeeklyQ5'\np14\nS'2010-11-03'\np15\nsS'WeeklyQ2'\np16\nV0\nsS'WeeklyQ3'\np17\nV0\nsS'WeeklyQ1b'\np18\nV0\nsS'WeeklyQ1'\np19\n(lp20\nV1\naV17\np21\nasS'WeeklyQ8'\np22\nV2\nsS'WeeklyQ2c'\np23\nNsS'WeeklyQ2b'\np24\nNs.",
            "participation": 5
        }
    },
    {
        "pk": 6,
        "model": "survey.responsesendqueue",
        "fields": {
            "date": "2010-11-08 15:01:13",
            "survey_id": "gold-standard-weekly-0.1.0",
            "user_id": "b9e8353b-e113-4b03-856f-c118e0b70666",
            "answers": "(dp1\nS'WeeklyQ7b'\np2\nNsS'WeeklyQ9b'\np3\nV0\nsS'WeeklyQ6b'\np4\nNsS'WeeklyQ11'\np5\nV0\nsS'WeeklyQ8c'\np6\nNsS'WeeklyQ8b'\np7\nNsS'WeeklyQ9a'\np8\nV0\nsS'Message1'\np9\nNsS'WeeklyQ6'\np10\nNsS'WeeklyQ7'\np11\nNsS'WeeklyQ4'\np12\nNsS'WeeklyQ5'\np13\nNsS'WeeklyQ2'\np14\nV1\nsS'WeeklyQ3'\np15\nNsS'WeeklyQ1b'\np16\nV0\nsS'WeeklyQ1'\np17\n(lp18\nV6\nasS'WeeklyQ8'\np19\nNsS'WeeklyQ2c'\np20\nNsS'WeeklyQ2b'\np21\nNs.",
            "participation": 6
        }
    },
    {
        "pk": 7,
        "model": "survey.responsesendqueue",
        "fields": {
            "date": "2010-11-08 15:35:38",
            "survey_id": "gold-standard-weekly-0.1.0",
            "user_id": "b9e8353b-e113-4b03-856f-c118e0b70666",
            "answers": "(dp1\nS'WeeklyQ7b'\np2\nNsS'WeeklyQ9b'\np3\nV0\nsS'WeeklyQ6b'\np4\nNsS'WeeklyQ10'\np5\nNsS'WeeklyQ11'\np6\nV0\nsS'WeeklyQ8c'\np7\nNsS'WeeklyQ8b'\np8\nNsS'WeeklyQ9a'\np9\nV0\nsS'Message1'\np10\nI01\nsS'WeeklyQ6'\np11\nV4\nsS'WeeklyQ7'\np12\n(lp13\nV0\nasS'WeeklyQ4'\np14\nS'2010-11-01'\np15\nsS'WeeklyQ5'\np16\nS'2010-11-02'\np17\nsS'WeeklyQ2'\np18\nV1\nsS'WeeklyQ3'\np19\nV0\nsS'WeeklyQ1b'\np20\nV0\nsS'WeeklyQ1'\np21\n(lp22\nV18\np23\nasS'WeeklyQ8'\np24\nV0\nsS'WeeklyQ2c'\np25\nNsS'WeeklyQ2b'\np26\nNs.",
            "participation": 7
        }
    },
    {
        "pk": 8,
        "model": "survey.responsesendqueue",
        "fields": {
            "date": "2010-11-08 15:45:34",
            "survey_id": "gold-standard-weekly-0.1.0",
            "user_id": "b9e8353b-e113-4b03-856f-c118e0b70666",
            "answers": "(dp1\nS'WeeklyQ7b'\np2\nNsS'WeeklyQ9b'\np3\nV0\nsS'WeeklyQ6b'\np4\nNsS'WeeklyQ10'\np5\nNsS'WeeklyQ11'\np6\nV3\nsS'WeeklyQ8c'\np7\nNsS'WeeklyQ8b'\np8\nNsS'WeeklyQ9a'\np9\nV0\nsS'Message1'\np10\nI01\nsS'WeeklyQ6'\np11\nV4\nsS'WeeklyQ7'\np12\n(lp13\nV0\nasS'WeeklyQ4'\np14\nS'2010-11-01'\np15\nsS'WeeklyQ5'\np16\nS'2010-11-02'\np17\nsS'WeeklyQ2'\np18\nV1\nsS'WeeklyQ3'\np19\nV0\nsS'WeeklyQ1b'\np20\nV0\nsS'WeeklyQ1'\np21\n(lp22\nV9\nasS'WeeklyQ8'\np23\nV0\nsS'WeeklyQ2c'\np24\nNsS'WeeklyQ2b'\np25\nNs.",
            "participation": 8
        }
    },
    {
        "pk": 1,
        "model": "survey.profilesendqueue",
        "fields": {
            "owner": 1,
            "date": "2010-11-04 11:34:00",
            "survey_id": "dev-profile-0.0",
            "user_id": "193807d8-4a30-4601-9bc5-bc59db1696cd",
            "answers": "(dp1\nS'RegQ14'\np2\n(lp3\nV0\nasS'RegQ12'\np4\nV0\nsS'RegQ13'\np5\n(lp6\nV0\nasS'RegQ10'\np7\nV0\nsS'RegQ11'\np8\nV0\nsS'RegQ4'\np9\nV0\nsS'RegQ5'\np10\nV0\nsS'RegQ6'\np11\nV0\nsS'RegQ7'\np12\nNsS'RegQ1'\np13\nV0\nsS'RegQ2'\np14\nV0\nsS'RegQ3'\np15\nV0\nsS'RegQ8'\np16\n(lp17\nV0\nasS'RegQ9'\np18\n(lp19\nV0\nas."
        }
    },
    {
        "pk": 2,
        "model": "survey.profilesendqueue",
        "fields": {
            "owner": 2,
            "date": "2010-11-04 12:19:19",
            "survey_id": "gold-standard-intake-0.1.0",
            "user_id": "cd81f47b-779d-42fe-8dbf-332401e0b9a4",
            "answers": "(dp1\nS'IntakeQ7b'\np2\nV0\nsS'IntakeQ10b'\np3\nNsS'IntakeQ9'\np4\nV0\nsS'IntakeQ8'\np5\nV0\nsS'IntakeQ7'\np6\nV0\nsS'IntakeQ6'\np7\nV3\nsS'IntakeQ5'\np8\n(lp9\nV0\nasS'IntakeQ4'\np10\nV2020 CX\np11\nsS'IntakeQ3'\np12\nV1010 AB\np13\nsS'IntakeQ2'\np14\ncdatetime\ndatetime\np15\n(S'\\x07\\xb2\\x01\\x01\\x00\\x00\\x00\\x00\\x00\\x00'\ntRp16\nsS'IntakeQ1'\np17\nV0\nsS'IntakeQ10c'\np18\nNsS'IntakeQ18'\np19\nV0\nsS'IntakeQ13'\np20\nV0\nsS'IntakeQ12'\np21\n(lp22\nV0\nasS'IntakeQ11'\np23\nV0\nsS'IntakeQ10'\np24\nV0\nsS'IntakeQ17'\np25\n(lp26\nV0\nasS'IntakeQ16'\np27\nV0\nsS'IntakeQ15'\np28\n(lp29\nV0\nasS'IntakeQ14'\np30\nV0\nsS'IntakeQ8b'\np31\nNsS'IntakeQ13b'\np32\nNsS'IntakeQ10d'\np33\n(lp34\nV0\nasS'IntakeQ8c'\np35\nNs."
        }
    },
    {
        "pk": 3,
        "model": "survey.profilesendqueue",
        "fields": {
            "owner": 3,
            "date": "2010-11-05 09:21:24",
            "survey_id": "gold-standard-intake-0.1.0",
            "user_id": "b9e8353b-e113-4b03-856f-c118e0b70666",
            "answers": "(dp1\nS'IntakeQ7b'\np2\nV0\nsS'IntakeQ10b'\np3\nNsS'IntakeQ9'\np4\nV0\nsS'IntakeQ8'\np5\nV0\nsS'IntakeQ7'\np6\nV0\nsS'IntakeQ5'\np7\n(lp8\nV0\nasS'IntakeQ4'\np9\nV2020 CD\np10\nsS'IntakeQ3'\np11\nV1010 AB\np12\nsS'IntakeQ2'\np13\ncdatetime\ndatetime\np14\n(S'\\x07\\xb2\\x01\\x01\\x00\\x00\\x00\\x00\\x00\\x00'\ntRp15\nsS'IntakeQ1'\np16\nV0\nsS'IntakeQ10c'\np17\nNsS'IntakeQ18'\np18\nV0\nsS'IntakeQ13'\np19\nV0\nsS'IntakeQ12'\np20\n(lp21\nV0\nasS'IntakeQ11'\np22\nV0\nsS'IntakeQ10'\np23\nV0\nsS'IntakeQ17'\np24\n(lp25\nV0\nasS'IntakeQ16'\np26\nV0\nsS'IntakeQ15'\np27\n(lp28\nV0\nasS'IntakeQ14'\np29\nV0\nsS'IntakeQ8b'\np30\nNsS'IntakeQ13b'\np31\nNsS'IntakeQ10d'\np32\n(lp33\nV0\nasS'IntakeQ8c'\np34\nNs."
        }
    },
    {
        "pk": 1,
        "model": "survey.profile",
        "fields": {
            "updated": "2010-11-04 12:34:01",
            "created": "2010-11-04 12:34:01",
            "valid": true,
            "survey": 2,
            "user": 1,
            "data": "(dp1\nS'RegQ14'\np2\n(lp3\nI0\nasS'RegQ12'\np4\nI0\nsS'RegQ13'\np5\n(lp6\nI0\nasS'RegQ10'\np7\nI0\nsS'RegQ11'\np8\nI0\nsS'RegQ4'\np9\nI0\nsS'RegQ5'\np10\nI0\nsS'RegQ6'\np11\nI0\nsS'RegQ7'\np12\nNsS'RegQ1'\np13\nI0\nsS'RegQ2'\np14\nI0\nsS'RegQ3'\np15\nI0\nsS'RegQ8'\np16\n(lp17\nI0\nasS'RegQ9'\np18\n(lp19\nI0\nas."
        }
    },
    {
        "pk": 2,
        "model": "survey.profile",
        "fields": {
            "updated": "2010-11-04 13:19:19",
            "created": "2010-11-04 13:19:19",
            "valid": true,
            "survey": 4,
            "user": 2,
            "data": "(dp1\nS'IntakeQ7b'\np2\nI0\nsS'IntakeQ10b'\np3\nNsS'IntakeQ9'\np4\nI0\nsS'IntakeQ8'\np5\nI0\nsS'IntakeQ7'\np6\nI0\nsS'IntakeQ6'\np7\nV3\nsS'IntakeQ5'\np8\n(lp9\nI0\nasS'IntakeQ4'\np10\nV2020 CX\np11\nsS'IntakeQ3'\np12\nV1010 AB\np13\nsS'IntakeQ2'\np14\ncdatetime\ndatetime\np15\n(S'\\x07\\xb2\\x01\\x01\\x00\\x00\\x00\\x00\\x00\\x00'\ntRp16\nsS'IntakeQ1'\np17\nI0\nsS'IntakeQ10c'\np18\nNsS'IntakeQ18'\np19\nI0\nsS'IntakeQ13'\np20\nI0\nsS'IntakeQ12'\np21\n(lp22\nI0\nasS'IntakeQ11'\np23\nI0\nsS'IntakeQ10'\np24\nI0\nsS'IntakeQ17'\np25\n(lp26\nI0\nasS'IntakeQ16'\np27\nI0\nsS'IntakeQ15'\np28\n(lp29\nI0\nasS'IntakeQ14'\np30\nI0\nsS'IntakeQ8b'\np31\nNsS'IntakeQ13b'\np32\nNsS'IntakeQ10d'\np33\n(lp34\nI0\nasS'IntakeQ8c'\np35\nNs."
        }
    },
    {
        "pk": 3,
        "model": "survey.profile",
        "fields": {
            "updated": "2010-11-05 10:21:24",
            "created": "2010-11-05 10:21:24",
            "valid": true,
            "survey": 1,
            "user": 3,
            "data": "(dp1\nS'IntakeQ7b'\np2\nI0\nsS'IntakeQ10b'\np3\nNsS'IntakeQ9'\np4\nI0\nsS'IntakeQ8'\np5\nI0\nsS'IntakeQ7'\np6\nI0\nsS'IntakeQ5'\np7\n(lp8\nI0\nasS'IntakeQ4'\np9\nV2020 CD\np10\nsS'IntakeQ3'\np11\nV1010 AB\np12\nsS'IntakeQ2'\np13\ncdatetime\ndatetime\np14\n(S'\\x07\\xb2\\x01\\x01\\x00\\x00\\x00\\x00\\x00\\x00'\ntRp15\nsS'IntakeQ1'\np16\nI0\nsS'IntakeQ10c'\np17\nNsS'IntakeQ18'\np18\nI0\nsS'IntakeQ13'\np19\nI0\nsS'IntakeQ12'\np20\n(lp21\nI0\nasS'IntakeQ11'\np22\nI0\nsS'IntakeQ10'\np23\nI0\nsS'IntakeQ17'\np24\n(lp25\nI0\nasS'IntakeQ16'\np26\nI0\nsS'IntakeQ15'\np27\n(lp28\nI0\nasS'IntakeQ14'\np29\nI0\nsS'IntakeQ8b'\np30\nNsS'IntakeQ13b'\np31\nNsS'IntakeQ10d'\np32\n(lp33\nI0\nasS'IntakeQ8c'\np34\nNs."
        }
    },
    {
        "pk": 4,
        "model": "survey.profile",
        "fields": {
            "updated": null,
            "created": null,
            "valid": false,
            "survey": null,
            "user": 4,
            "data": null
        }
    },
    {
        "pk": 5,
        "model": "survey.profile",
        "fields": {
            "updated": null,
            "created": null,
            "valid": false,
            "survey": null,
            "user": 5,
            "data": null
        }
    },
    {
        "pk": 1,
        "model": "survey.lastresponse",
        "fields": {
            "data": "(dp1\nS'WeeklyQ7b'\np2\nNsS'WeeklyQ6b'\np3\nNsS'WeeklyQ11'\np4\nI0\nsS'WeeklyQ8c'\np5\nNsS'WeeklyQ8b'\np6\nNsS'WeeklyQ9a'\np7\nI1\nsS'WeeklyQ9b'\np8\nI1\nsS'WeeklyQ6'\np9\nNsS'WeeklyQ7'\np10\nNsS'WeeklyQ4'\np11\nNsS'WeeklyQ5'\np12\nNsS'WeeklyQ2'\np13\nI0\nsS'WeeklyQ3'\np14\nNsS'WeeklyQ1b'\np15\nI0\nsS'WeeklyQ1'\np16\n(lp17\nI1\nasS'WeeklyQ8'\np18\nNsS'WeeklyQ2c'\np19\nNsS'WeeklyQ2b'\np20\nNs.",
            "user": 1,
            "participation": 2
        }
    },
    {
        "pk": 2,
        "model": "survey.lastresponse",
        "fields": {
            "data": "(dp1\nS'WeeklyQ7b'\np2\nNsS'WeeklyQ6b'\np3\nNsS'WeeklyQ11'\np4\nI0\nsS'WeeklyQ8c'\np5\nNsS'WeeklyQ8b'\np6\nNsS'WeeklyQ9a'\np7\nI0\nsS'WeeklyQ9b'\np8\nI1\nsS'WeeklyQ6'\np9\nI0\nsS'WeeklyQ7'\np10\n(lp11\nI0\nasS'WeeklyQ4'\np12\ncdatetime\ndate\np13\n(S'\\x07\\xda\\x0b\\x01'\ntRp14\nsS'WeeklyQ5'\np15\ng13\n(S'\\x07\\xda\\x0b\\x01'\ntRp16\nsS'WeeklyQ2'\np17\nI0\nsS'WeeklyQ3'\np18\nI0\nsS'WeeklyQ1b'\np19\nI0\nsS'WeeklyQ1'\np20\n(lp21\nI5\nasS'WeeklyQ8'\np22\nI2\nsS'WeeklyQ2c'\np23\nNsS'WeeklyQ2b'\np24\nNs.",
            "user": 2,
            "participation": 4
        }
    },
    {
        "pk": 3,
        "model": "survey.lastresponse",
        "fields": {
            "data": "(dp1\nS'WeeklyQ7b'\np2\nNsS'WeeklyQ9b'\np3\nI0\nsS'WeeklyQ6b'\np4\nNsS'WeeklyQ10'\np5\nNsS'WeeklyQ11'\np6\nI3\nsS'WeeklyQ8c'\np7\nNsS'WeeklyQ8b'\np8\nNsS'WeeklyQ9a'\np9\nI0\nsS'Message1'\np10\nI01\nsS'WeeklyQ6'\np11\nI4\nsS'WeeklyQ7'\np12\n(lp13\nI0\nasS'WeeklyQ4'\np14\ncdatetime\ndate\np15\n(S'\\x07\\xda\\x0b\\x01'\ntRp16\nsS'WeeklyQ5'\np17\ng15\n(S'\\x07\\xda\\x0b\\x02'\ntRp18\nsS'WeeklyQ2'\np19\nI1\nsS'WeeklyQ3'\np20\nI0\nsS'WeeklyQ1b'\np21\nI0\nsS'WeeklyQ1'\np22\n(lp23\nI9\nasS'WeeklyQ8'\np24\nI0\nsS'WeeklyQ2c'\np25\nNsS'WeeklyQ2b'\np26\nNs.",
            "user": 3,
            "participation": 8
        }
    },
    {
        "pk": 4,
        "model": "survey.lastresponse",
        "fields": {
            "data": null,
            "user": 4,
            "participation": null
        }
    },
    {
        "pk": 5,
        "model": "survey.lastresponse",
        "fields": {
            "data": null,
            "user": 5,
            "participation": null
        }
    },
    {
        "pk": 1,
        "model": "reminder.userreminderinfo",
        "fields": {
            "last_reminder": "2010-03-15 15:45:01",
            "active": true,
            "user": 1,
            "language": null
        }
    },
    {
        "pk": 156,
        "model": "journal.latestentryplugin",
        "fields": {
            "category": [],
            "limit": 3,
            "title": "Latest News"
        }
    },
    {
        "pk": 1,
        "model": "contact_form.feedback",
        "fields": {
            "body": "cf",
            "email": "antwan@prime-creation.com",
            "sent_time": "2011-07-08 10:22:48",
            "user": 1,
            "name": "Antwan Wiersma"
        }
    },
    {
        "pk": 2,
        "model": "contact_form.feedback",
        "fields": {
            "body": "ddd\r\nddd\r\nddd\r\n",
            "email": "antwan@prime-creation.com",
            "sent_time": "2011-07-11 18:00:47",
            "user": null,
            "name": "Antwan Wiersma"
        }
    },
    {
        "pk": 3,
        "model": "contact_form.feedback",
        "fields": {
            "body": "",
            "email": "antwan@prime-creation.com",
            "sent_time": "2011-07-12 13:31:22",
            "user": 1,
            "name": "asfd"
        }
    },
    {
        "pk": 4,
        "model": "contact_form.feedback",
        "fields": {
            "body": "",
            "email": "antwan@prime-creation.com",
            "sent_time": "2011-07-12 13:34:32",
            "user": 1,
            "name": "asfd"
        }
    },
    {
        "pk": 5,
        "model": "contact_form.feedback",
        "fields": {
            "body": "",
            "email": "",
            "sent_time": "2011-07-12 13:36:59",
            "user": 1,
            "name": ""
        }
    },
    {
        "pk": 6,
        "model": "contact_form.feedback",
        "fields": {
            "body": "",
            "email": "antwan@prime-creation.com",
            "sent_time": "2011-07-12 14:48:35",
            "user": 1,
            "name": "Antwan Wiersma"
        }
    },
    {
        "pk": 7,
        "model": "contact_form.feedback",
        "fields": {
            "body": "",
            "email": "",
            "sent_time": "2011-07-12 15:08:22",
            "user": null,
            "name": ""
        }
    },
    {
        "pk": 8,
        "model": "contact_form.feedback",
        "fields": {
            "body": "",
            "email": "",
            "sent_time": "2011-07-12 15:08:35",
            "user": null,
            "name": ""
        }
    },
    {
        "pk": 9,
        "model": "contact_form.feedback",
        "fields": {
            "body": "",
            "email": "",
            "sent_time": "2011-07-12 15:41:12",
            "user": null,
            "name": ""
        }
    },
    {
        "pk": 10,
        "model": "contact_form.feedback",
        "fields": {
            "body": "",
            "email": "antwan@prime-creation.com",
            "sent_time": "2011-07-12 17:33:35",
            "user": 1,
            "name": "Antwan Wiersma"
        }
    },
    {
        "pk": 11,
        "model": "contact_form.feedback",
        "fields": {
            "body": "",
            "email": "antwan@prime-creation.com",
            "sent_time": "2011-07-12 17:35:19",
            "user": 1,
            "name": "Antwan Wiersma"
        }
    },
    {
        "pk": 12,
        "model": "contact_form.feedback",
        "fields": {
            "body": "",
            "email": "antwan@prime-creation.com",
            "sent_time": "2011-07-12 17:38:21",
            "user": 1,
            "name": "Antwan Wiersma"
        }
    },
    {
        "pk": 13,
        "model": "contact_form.feedback",
        "fields": {
            "body": "",
            "email": "antwan@prime-creation.com",
            "sent_time": "2011-08-05 16:46:58",
            "user": 1,
            "name": "Antwan Wiersma"
        }
    },
    {
        "pk": 1,
        "model": "partnersites.sitesettings",
        "fields": {
            "logo": "",
            "contact_form_recipient": "('Antwan Wiersma', 'webdev@grotegriepmeting.nl')",
            "footer": null,
            "site": 1,
            "light_color": "ce2626"
        }
    },
    {
        "pk": 1,
        "model": "cms.placeholder",
        "fields": {
            "slot": "content",
            "default_width": null
        }
    },
    {
        "pk": 2,
        "model": "cms.placeholder",
        "fields": {
            "slot": "left",
            "default_width": null
        }
    },
    {
        "pk": 3,
        "model": "cms.placeholder",
        "fields": {
            "slot": "links",
            "default_width": null
        }
    },
    {
        "pk": 4,
        "model": "cms.placeholder",
        "fields": {
            "slot": "balk links",
            "default_width": null
        }
    },
    {
        "pk": 5,
        "model": "cms.placeholder",
        "fields": {
            "slot": "hoofdpagina",
            "default_width": null
        }
    },
    {
        "pk": 6,
        "model": "cms.placeholder",
        "fields": {
            "slot": "balk rechts",
            "default_width": null
        }
    },
    {
        "pk": 16,
        "model": "cms.placeholder",
        "fields": {
            "slot": "balk links",
            "default_width": null
        }
    },
    {
        "pk": 17,
        "model": "cms.placeholder",
        "fields": {
            "slot": "balk rechts",
            "default_width": null
        }
    },
    {
        "pk": 18,
        "model": "cms.placeholder",
        "fields": {
            "slot": "hoofdpagina",
            "default_width": null
        }
    },
    {
        "pk": 22,
        "model": "cms.placeholder",
        "fields": {
            "slot": "balk links",
            "default_width": null
        }
    },
    {
        "pk": 23,
        "model": "cms.placeholder",
        "fields": {
            "slot": "balk rechts",
            "default_width": null
        }
    },
    {
        "pk": 24,
        "model": "cms.placeholder",
        "fields": {
            "slot": "hoofdpagina",
            "default_width": null
        }
    },
    {
        "pk": 25,
        "model": "cms.placeholder",
        "fields": {
            "slot": "balk links",
            "default_width": null
        }
    },
    {
        "pk": 26,
        "model": "cms.placeholder",
        "fields": {
            "slot": "balk rechts",
            "default_width": null
        }
    },
    {
        "pk": 27,
        "model": "cms.placeholder",
        "fields": {
            "slot": "hoofdpagina",
            "default_width": null
        }
    },
    {
        "pk": 41,
        "model": "cms.placeholder",
        "fields": {
            "slot": "balk rechts",
            "default_width": null
        }
    },
    {
        "pk": 42,
        "model": "cms.placeholder",
        "fields": {
            "slot": "hoofdpagina",
            "default_width": null
        }
    },
    {
        "pk": 46,
        "model": "cms.placeholder",
        "fields": {
            "slot": "balk links",
            "default_width": null
        }
    },
    {
        "pk": 47,
        "model": "cms.placeholder",
        "fields": {
            "slot": "balk rechts",
            "default_width": null
        }
    },
    {
        "pk": 48,
        "model": "cms.placeholder",
        "fields": {
            "slot": "hoofdpagina",
            "default_width": null
        }
    },
    {
        "pk": 49,
        "model": "cms.placeholder",
        "fields": {
            "slot": "balk links",
            "default_width": null
        }
    },
    {
        "pk": 50,
        "model": "cms.placeholder",
        "fields": {
            "slot": "balk rechts",
            "default_width": null
        }
    },
    {
        "pk": 51,
        "model": "cms.placeholder",
        "fields": {
            "slot": "hoofdpagina",
            "default_width": null
        }
    },
    {
        "pk": 52,
        "model": "cms.placeholder",
        "fields": {
            "slot": "balk links",
            "default_width": null
        }
    },
    {
        "pk": 53,
        "model": "cms.placeholder",
        "fields": {
            "slot": "balk rechts",
            "default_width": null
        }
    },
    {
        "pk": 54,
        "model": "cms.placeholder",
        "fields": {
            "slot": "hoofdpagina",
            "default_width": null
        }
    },
    {
        "pk": 55,
        "model": "cms.placeholder",
        "fields": {
            "slot": "balk links",
            "default_width": null
        }
    },
    {
        "pk": 56,
        "model": "cms.placeholder",
        "fields": {
            "slot": "balk rechts",
            "default_width": null
        }
    },
    {
        "pk": 57,
        "model": "cms.placeholder",
        "fields": {
            "slot": "hoofdpagina",
            "default_width": null
        }
    },
    {
        "pk": 58,
        "model": "cms.placeholder",
        "fields": {
            "slot": "balk links",
            "default_width": null
        }
    },
    {
        "pk": 59,
        "model": "cms.placeholder",
        "fields": {
            "slot": "balk rechts",
            "default_width": null
        }
    },
    {
        "pk": 60,
        "model": "cms.placeholder",
        "fields": {
            "slot": "hoofdpagina",
            "default_width": null
        }
    },
    {
        "pk": 61,
        "model": "cms.placeholder",
        "fields": {
            "slot": "balk links",
            "default_width": null
        }
    },
    {
        "pk": 62,
        "model": "cms.placeholder",
        "fields": {
            "slot": "balk rechts",
            "default_width": null
        }
    },
    {
        "pk": 63,
        "model": "cms.placeholder",
        "fields": {
            "slot": "hoofdpagina",
            "default_width": null
        }
    },
    {
        "pk": 64,
        "model": "cms.placeholder",
        "fields": {
            "slot": "balk links",
            "default_width": null
        }
    },
    {
        "pk": 65,
        "model": "cms.placeholder",
        "fields": {
            "slot": "balk rechts",
            "default_width": null
        }
    },
    {
        "pk": 66,
        "model": "cms.placeholder",
        "fields": {
            "slot": "hoofdpagina",
            "default_width": null
        }
    },
    {
        "pk": 67,
        "model": "cms.placeholder",
        "fields": {
            "slot": "balk links",
            "default_width": null
        }
    },
    {
        "pk": 68,
        "model": "cms.placeholder",
        "fields": {
            "slot": "balk rechts",
            "default_width": null
        }
    },
    {
        "pk": 69,
        "model": "cms.placeholder",
        "fields": {
            "slot": "hoofdpagina",
            "default_width": null
        }
    },
    {
        "pk": 70,
        "model": "cms.placeholder",
        "fields": {
            "slot": "balk links",
            "default_width": null
        }
    },
    {
        "pk": 71,
        "model": "cms.placeholder",
        "fields": {
            "slot": "balk rechts",
            "default_width": null
        }
    },
    {
        "pk": 72,
        "model": "cms.placeholder",
        "fields": {
            "slot": "hoofdpagina",
            "default_width": null
        }
    },
    {
        "pk": 73,
        "model": "cms.placeholder",
        "fields": {
            "slot": "balk links",
            "default_width": null
        }
    },
    {
        "pk": 74,
        "model": "cms.placeholder",
        "fields": {
            "slot": "balk rechts",
            "default_width": null
        }
    },
    {
        "pk": 75,
        "model": "cms.placeholder",
        "fields": {
            "slot": "hoofdpagina",
            "default_width": null
        }
    },
    {
        "pk": 76,
        "model": "cms.placeholder",
        "fields": {
            "slot": "balk links",
            "default_width": null
        }
    },
    {
        "pk": 77,
        "model": "cms.placeholder",
        "fields": {
            "slot": "balk rechts",
            "default_width": null
        }
    },
    {
        "pk": 78,
        "model": "cms.placeholder",
        "fields": {
            "slot": "hoofdpagina",
            "default_width": null
        }
    },
    {
        "pk": 79,
        "model": "cms.placeholder",
        "fields": {
            "slot": "balk links",
            "default_width": null
        }
    },
    {
        "pk": 80,
        "model": "cms.placeholder",
        "fields": {
            "slot": "balk rechts",
            "default_width": null
        }
    },
    {
        "pk": 81,
        "model": "cms.placeholder",
        "fields": {
            "slot": "hoofdpagina",
            "default_width": null
        }
    },
    {
        "pk": 82,
        "model": "cms.placeholder",
        "fields": {
            "slot": "balk links",
            "default_width": null
        }
    },
    {
        "pk": 83,
        "model": "cms.placeholder",
        "fields": {
            "slot": "balk rechts",
            "default_width": null
        }
    },
    {
        "pk": 84,
        "model": "cms.placeholder",
        "fields": {
            "slot": "hoofdpagina",
            "default_width": null
        }
    },
    {
        "pk": 85,
        "model": "cms.placeholder",
        "fields": {
            "slot": "balk links",
            "default_width": null
        }
    },
    {
        "pk": 86,
        "model": "cms.placeholder",
        "fields": {
            "slot": "balk rechts",
            "default_width": null
        }
    },
    {
        "pk": 87,
        "model": "cms.placeholder",
        "fields": {
            "slot": "hoofdpagina",
            "default_width": null
        }
    },
    {
        "pk": 88,
        "model": "cms.placeholder",
        "fields": {
            "slot": "balk links",
            "default_width": null
        }
    },
    {
        "pk": 89,
        "model": "cms.placeholder",
        "fields": {
            "slot": "balk rechts",
            "default_width": null
        }
    },
    {
        "pk": 90,
        "model": "cms.placeholder",
        "fields": {
            "slot": "hoofdpagina",
            "default_width": null
        }
    },
    {
        "pk": 91,
        "model": "cms.placeholder",
        "fields": {
            "slot": "balk links",
            "default_width": null
        }
    },
    {
        "pk": 92,
        "model": "cms.placeholder",
        "fields": {
            "slot": "balk rechts",
            "default_width": null
        }
    },
    {
        "pk": 93,
        "model": "cms.placeholder",
        "fields": {
            "slot": "hoofdpagina",
            "default_width": null
        }
    },
    {
        "pk": 94,
        "model": "cms.placeholder",
        "fields": {
            "slot": "balk links",
            "default_width": null
        }
    },
    {
        "pk": 95,
        "model": "cms.placeholder",
        "fields": {
            "slot": "balk rechts",
            "default_width": null
        }
    },
    {
        "pk": 96,
        "model": "cms.placeholder",
        "fields": {
            "slot": "hoofdpagina",
            "default_width": null
        }
    },
    {
        "pk": 97,
        "model": "cms.placeholder",
        "fields": {
            "slot": "balk links",
            "default_width": null
        }
    },
    {
        "pk": 98,
        "model": "cms.placeholder",
        "fields": {
            "slot": "balk rechts",
            "default_width": null
        }
    },
    {
        "pk": 99,
        "model": "cms.placeholder",
        "fields": {
            "slot": "hoofdpagina",
            "default_width": null
        }
    },
    {
        "pk": 100,
        "model": "cms.placeholder",
        "fields": {
            "slot": "balk links",
            "default_width": null
        }
    },
    {
        "pk": 101,
        "model": "cms.placeholder",
        "fields": {
            "slot": "balk rechts",
            "default_width": null
        }
    },
    {
        "pk": 102,
        "model": "cms.placeholder",
        "fields": {
            "slot": "hoofdpagina",
            "default_width": null
        }
    },
    {
        "pk": 103,
        "model": "cms.placeholder",
        "fields": {
            "slot": "balk links",
            "default_width": null
        }
    },
    {
        "pk": 104,
        "model": "cms.placeholder",
        "fields": {
            "slot": "balk rechts",
            "default_width": null
        }
    },
    {
        "pk": 105,
        "model": "cms.placeholder",
        "fields": {
            "slot": "hoofdpagina",
            "default_width": null
        }
    },
    {
        "pk": 106,
        "model": "cms.placeholder",
        "fields": {
            "slot": "balk links",
            "default_width": null
        }
    },
    {
        "pk": 107,
        "model": "cms.placeholder",
        "fields": {
            "slot": "balk rechts",
            "default_width": null
        }
    },
    {
        "pk": 108,
        "model": "cms.placeholder",
        "fields": {
            "slot": "hoofdpagina",
            "default_width": null
        }
    },
    {
        "pk": 109,
        "model": "cms.placeholder",
        "fields": {
            "slot": "balk links",
            "default_width": null
        }
    },
    {
        "pk": 110,
        "model": "cms.placeholder",
        "fields": {
            "slot": "balk rechts",
            "default_width": null
        }
    },
    {
        "pk": 111,
        "model": "cms.placeholder",
        "fields": {
            "slot": "hoofdpagina",
            "default_width": null
        }
    },
    {
        "pk": 112,
        "model": "cms.placeholder",
        "fields": {
            "slot": "Main content",
            "default_width": null
        }
    },
    {
        "pk": 113,
        "model": "cms.placeholder",
        "fields": {
            "slot": "Left bar",
            "default_width": null
        }
    },
    {
        "pk": 114,
        "model": "cms.placeholder",
        "fields": {
            "slot": "Right bar",
            "default_width": null
        }
    },
    {
        "pk": 115,
        "model": "cms.placeholder",
        "fields": {
            "slot": "balk links",
            "default_width": null
        }
    },
    {
        "pk": 116,
        "model": "cms.placeholder",
        "fields": {
            "slot": "balk rechts",
            "default_width": null
        }
    },
    {
        "pk": 117,
        "model": "cms.placeholder",
        "fields": {
            "slot": "hoofdpagina",
            "default_width": null
        }
    },
    {
        "pk": 118,
        "model": "cms.placeholder",
        "fields": {
            "slot": "Right bar",
            "default_width": null
        }
    },
    {
        "pk": 119,
        "model": "cms.placeholder",
        "fields": {
            "slot": "Main content",
            "default_width": null
        }
    },
    {
        "pk": 120,
        "model": "cms.placeholder",
        "fields": {
            "slot": "Left bar",
            "default_width": null
        }
    },
    {
        "pk": 121,
        "model": "cms.placeholder",
        "fields": {
            "slot": "Right bar",
            "default_width": null
        }
    },
    {
        "pk": 122,
        "model": "cms.placeholder",
        "fields": {
            "slot": "Main content",
            "default_width": null
        }
    },
    {
        "pk": 123,
        "model": "cms.placeholder",
        "fields": {
            "slot": "Right bar",
            "default_width": null
        }
    },
    {
        "pk": 124,
        "model": "cms.placeholder",
        "fields": {
            "slot": "Main content",
            "default_width": null
        }
    },
    {
        "pk": 125,
        "model": "cms.placeholder",
        "fields": {
            "slot": "Right bar",
            "default_width": null
        }
    },
    {
        "pk": 126,
        "model": "cms.placeholder",
        "fields": {
            "slot": "Main content",
            "default_width": null
        }
    },
    {
        "pk": 127,
        "model": "cms.placeholder",
        "fields": {
            "slot": "Left bar",
            "default_width": null
        }
    },
    {
        "pk": 128,
        "model": "cms.placeholder",
        "fields": {
            "slot": "Right bar",
            "default_width": null
        }
    },
    {
        "pk": 129,
        "model": "cms.placeholder",
        "fields": {
            "slot": "Main content",
            "default_width": null
        }
    },
    {
        "pk": 130,
        "model": "cms.placeholder",
        "fields": {
            "slot": "Footer content",
            "default_width": null
        }
    },
    {
        "pk": 131,
        "model": "cms.placeholder",
        "fields": {
            "slot": "Left bar",
            "default_width": null
        }
    },
    {
        "pk": 132,
        "model": "cms.placeholder",
        "fields": {
            "slot": "Right bar",
            "default_width": null
        }
    },
    {
        "pk": 133,
        "model": "cms.placeholder",
        "fields": {
            "slot": "Main content",
            "default_width": null
        }
    },
    {
        "pk": 134,
        "model": "cms.placeholder",
        "fields": {
            "slot": "Left bar",
            "default_width": null
        }
    },
    {
        "pk": 135,
        "model": "cms.placeholder",
        "fields": {
            "slot": "Right bar",
            "default_width": null
        }
    },
    {
        "pk": 136,
        "model": "cms.placeholder",
        "fields": {
            "slot": "Main content",
            "default_width": null
        }
    },
    {
        "pk": 137,
        "model": "cms.placeholder",
        "fields": {
            "slot": "Main content",
            "default_width": null
        }
    },
    {
        "pk": 138,
        "model": "cms.placeholder",
        "fields": {
            "slot": "Left bar",
            "default_width": null
        }
    },
    {
        "pk": 139,
        "model": "cms.placeholder",
        "fields": {
            "slot": "Right bar",
            "default_width": null
        }
    },
    {
        "pk": 140,
        "model": "cms.placeholder",
        "fields": {
            "slot": "Left bar",
            "default_width": null
        }
    },
    {
        "pk": 141,
        "model": "cms.placeholder",
        "fields": {
            "slot": "Right bar",
            "default_width": null
        }
    },
    {
        "pk": 142,
        "model": "cms.placeholder",
        "fields": {
            "slot": "Main content",
            "default_width": null
        }
    },
    {
        "pk": 143,
        "model": "cms.placeholder",
        "fields": {
            "slot": "Left bar",
            "default_width": null
        }
    },
    {
        "pk": 144,
        "model": "cms.placeholder",
        "fields": {
            "slot": "Left bar",
            "default_width": null
        }
    },
    {
        "pk": 145,
        "model": "cms.placeholder",
        "fields": {
            "slot": "Right bar",
            "default_width": null
        }
    },
    {
        "pk": 146,
        "model": "cms.placeholder",
        "fields": {
            "slot": "Main content",
            "default_width": null
        }
    },
    {
        "pk": 147,
        "model": "cms.placeholder",
        "fields": {
            "slot": "Left bar",
            "default_width": null
        }
    },
    {
        "pk": 148,
        "model": "cms.placeholder",
        "fields": {
            "slot": "Right bar",
            "default_width": null
        }
    },
    {
        "pk": 149,
        "model": "cms.placeholder",
        "fields": {
            "slot": "Main content",
            "default_width": null
        }
    },
    {
        "pk": 2,
        "model": "cms.cmsplugin",
        "fields": {
            "rght": 2,
            "parent": null,
            "language": "en",
            "level": 0,
            "creation_date": "2010-03-15 16:43:53",
            "lft": 1,
            "tree_id": 2,
            "position": 0,
            "placeholder": 1,
            "plugin_type": "TextPlugin"
        }
    },
    {
        "pk": 67,
        "model": "cms.cmsplugin",
        "fields": {
            "rght": 2,
            "parent": null,
            "language": "nl",
            "level": 0,
            "creation_date": "2010-09-25 22:02:11",
            "lft": 1,
            "tree_id": 60,
            "position": 0,
            "placeholder": 1,
            "plugin_type": "TextPlugin"
        }
    },
    {
        "pk": 113,
        "model": "cms.cmsplugin",
        "fields": {
            "rght": 2,
            "parent": null,
            "language": "en",
            "level": 0,
            "creation_date": "2011-07-04 14:46:35",
            "lft": 1,
            "tree_id": 104,
            "position": 0,
            "placeholder": 112,
            "plugin_type": "TextPlugin"
        }
    },
    {
        "pk": 114,
        "model": "cms.cmsplugin",
        "fields": {
            "rght": 2,
            "parent": null,
            "language": "en",
            "level": 0,
            "creation_date": "2011-07-04 14:52:35",
            "lft": 1,
            "tree_id": 105,
            "position": 0,
            "placeholder": 114,
            "plugin_type": "SnippetPlugin"
        }
    },
    {
        "pk": 116,
        "model": "cms.cmsplugin",
        "fields": {
            "rght": 2,
            "parent": null,
            "language": "en",
            "level": 0,
            "creation_date": "2011-07-09 12:03:13",
            "lft": 1,
            "tree_id": 107,
            "position": 0,
            "placeholder": 130,
            "plugin_type": "TextPlugin"
        }
    },
    {
        "pk": 119,
        "model": "cms.cmsplugin",
        "fields": {
            "rght": 2,
            "parent": null,
            "language": "en",
            "level": 0,
            "creation_date": "2011-07-11 15:33:01",
            "lft": 1,
            "tree_id": 110,
            "position": 0,
            "placeholder": 133,
            "plugin_type": "TextPlugin"
        }
    },
    {
        "pk": 120,
        "model": "cms.cmsplugin",
        "fields": {
            "rght": 2,
            "parent": null,
            "language": "en",
            "level": 0,
            "creation_date": "2011-07-11 15:33:10",
            "lft": 1,
            "tree_id": 111,
            "position": 1,
            "placeholder": 132,
            "plugin_type": "SnippetPlugin"
        }
    },
    {
        "pk": 122,
        "model": "cms.cmsplugin",
        "fields": {
            "rght": 2,
            "parent": null,
            "language": "en",
            "level": 0,
            "creation_date": "2011-07-11 15:34:22",
            "lft": 1,
            "tree_id": 113,
            "position": 0,
            "placeholder": 136,
            "plugin_type": "TextPlugin"
        }
    },
    {
        "pk": 123,
        "model": "cms.cmsplugin",
        "fields": {
            "rght": 2,
            "parent": null,
            "language": "en",
            "level": 0,
            "creation_date": "2011-07-11 15:34:43",
            "lft": 1,
            "tree_id": 114,
            "position": 1,
            "placeholder": 135,
            "plugin_type": "SnippetPlugin"
        }
    },
    {
        "pk": 124,
        "model": "cms.cmsplugin",
        "fields": {
            "rght": 2,
            "parent": null,
            "language": "en",
            "level": 0,
            "creation_date": "2011-07-11 15:38:32",
            "lft": 1,
            "tree_id": 115,
            "position": 0,
            "placeholder": 132,
            "plugin_type": "SnippetPlugin"
        }
    },
    {
        "pk": 125,
        "model": "cms.cmsplugin",
        "fields": {
            "rght": 2,
            "parent": null,
            "language": "en",
            "level": 0,
            "creation_date": "2011-07-11 15:38:50",
            "lft": 1,
            "tree_id": 116,
            "position": 0,
            "placeholder": 135,
            "plugin_type": "SnippetPlugin"
        }
    },
    {
        "pk": 126,
        "model": "cms.cmsplugin",
        "fields": {
            "rght": 20,
            "parent": null,
            "language": "en",
            "level": 0,
            "creation_date": "2011-07-11 15:53:48",
            "lft": 1,
            "tree_id": 117,
            "position": 0,
            "placeholder": 119,
            "plugin_type": "TextPlugin"
        }
    },
    {
        "pk": 127,
        "model": "cms.cmsplugin",
        "fields": {
            "rght": 2,
            "parent": null,
            "language": "en",
            "level": 0,
            "creation_date": "2011-07-11 15:54:00",
            "lft": 1,
            "tree_id": 118,
            "position": 0,
            "placeholder": 118,
            "plugin_type": "SnippetPlugin"
        }
    },
    {
        "pk": 128,
        "model": "cms.cmsplugin",
        "fields": {
            "rght": 2,
            "parent": null,
            "language": "en",
            "level": 0,
            "creation_date": "2011-07-11 15:54:08",
            "lft": 1,
            "tree_id": 119,
            "position": 1,
            "placeholder": 118,
            "plugin_type": "SnippetPlugin"
        }
    },
    {
        "pk": 130,
        "model": "cms.cmsplugin",
        "fields": {
            "rght": 2,
            "parent": null,
            "language": "en",
            "level": 0,
            "creation_date": "2011-07-11 16:38:17",
            "lft": 1,
            "tree_id": 120,
            "position": 1,
            "placeholder": 119,
            "plugin_type": "SnippetPlugin"
        }
    },
    {
        "pk": 131,
        "model": "cms.cmsplugin",
        "fields": {
            "rght": 4,
            "parent": null,
            "language": "en",
            "level": 0,
            "creation_date": "2011-07-11 16:38:24",
            "lft": 1,
            "tree_id": 121,
            "position": 2,
            "placeholder": 119,
            "plugin_type": "TextPlugin"
        }
    },
    {
        "pk": 132,
        "model": "cms.cmsplugin",
        "fields": {
            "rght": 4,
            "parent": null,
            "language": "en",
            "level": 0,
            "creation_date": "2011-07-11 16:38:27",
            "lft": 1,
            "tree_id": 122,
            "position": 3,
            "placeholder": 119,
            "plugin_type": "TextPlugin"
        }
    },
    {
        "pk": 133,
        "model": "cms.cmsplugin",
        "fields": {
            "rght": 3,
            "parent": 131,
            "language": "en",
            "level": 1,
            "creation_date": "2011-07-11 17:02:16",
            "lft": 2,
            "tree_id": 121,
            "position": null,
            "placeholder": 119,
            "plugin_type": "LinkPlugin"
        }
    },
    {
        "pk": 134,
        "model": "cms.cmsplugin",
        "fields": {
            "rght": 2,
            "parent": null,
            "language": "en",
            "level": 0,
            "creation_date": "2011-07-11 17:08:18",
            "lft": 1,
            "tree_id": 123,
            "position": 0,
            "placeholder": 138,
            "plugin_type": "TextPlugin"
        }
    },
    {
        "pk": 136,
        "model": "cms.cmsplugin",
        "fields": {
            "rght": 2,
            "parent": null,
            "language": "en",
            "level": 0,
            "creation_date": "2011-07-11 17:12:32",
            "lft": 1,
            "tree_id": 125,
            "position": 0,
            "placeholder": 137,
            "plugin_type": "TextPlugin"
        }
    },
    {
        "pk": 137,
        "model": "cms.cmsplugin",
        "fields": {
            "rght": 2,
            "parent": null,
            "language": "en",
            "level": 0,
            "creation_date": "2011-07-11 17:14:12",
            "lft": 1,
            "tree_id": 126,
            "position": 3,
            "placeholder": 137,
            "plugin_type": "TextPlugin"
        }
    },
    {
        "pk": 138,
        "model": "cms.cmsplugin",
        "fields": {
            "rght": 2,
            "parent": null,
            "language": "en",
            "level": 0,
            "creation_date": "2011-07-11 17:14:52",
            "lft": 1,
            "tree_id": 127,
            "position": 1,
            "placeholder": 137,
            "plugin_type": "TextPlugin"
        }
    },
    {
        "pk": 139,
        "model": "cms.cmsplugin",
        "fields": {
            "rght": 2,
            "parent": null,
            "language": "en",
            "level": 0,
            "creation_date": "2011-07-11 17:16:02",
            "lft": 1,
            "tree_id": 128,
            "position": 2,
            "placeholder": 137,
            "plugin_type": "SnippetPlugin"
        }
    },
    {
        "pk": 140,
        "model": "cms.cmsplugin",
        "fields": {
            "rght": 2,
            "parent": null,
            "language": "en",
            "level": 0,
            "creation_date": "2011-07-11 17:18:39",
            "lft": 1,
            "tree_id": 129,
            "position": 0,
            "placeholder": 139,
            "plugin_type": "SnippetPlugin"
        }
    },
    {
        "pk": 141,
        "model": "cms.cmsplugin",
        "fields": {
            "rght": 2,
            "parent": null,
            "language": "en",
            "level": 0,
            "creation_date": "2011-07-11 17:22:59",
            "lft": 1,
            "tree_id": 130,
            "position": 0,
            "placeholder": 121,
            "plugin_type": "SnippetPlugin"
        }
    },
    {
        "pk": 142,
        "model": "cms.cmsplugin",
        "fields": {
            "rght": 2,
            "parent": null,
            "language": "en",
            "level": 0,
            "creation_date": "2011-07-11 17:23:10",
            "lft": 1,
            "tree_id": 131,
            "position": 1,
            "placeholder": 121,
            "plugin_type": "SnippetPlugin"
        }
    },
    {
        "pk": 143,
        "model": "cms.cmsplugin",
        "fields": {
            "rght": 2,
            "parent": null,
            "language": "en",
            "level": 0,
            "creation_date": "2011-07-11 17:23:21",
            "lft": 1,
            "tree_id": 132,
            "position": 0,
            "placeholder": 122,
            "plugin_type": "TextPlugin"
        }
    },
    {
        "pk": 144,
        "model": "cms.cmsplugin",
        "fields": {
            "rght": 2,
            "parent": null,
            "language": "en",
            "level": 0,
            "creation_date": "2011-07-11 17:31:01",
            "lft": 1,
            "tree_id": 133,
            "position": 0,
            "placeholder": 128,
            "plugin_type": "SnippetPlugin"
        }
    },
    {
        "pk": 145,
        "model": "cms.cmsplugin",
        "fields": {
            "rght": 2,
            "parent": null,
            "language": "en",
            "level": 0,
            "creation_date": "2011-07-11 17:34:00",
            "lft": 1,
            "tree_id": 134,
            "position": 0,
            "placeholder": 127,
            "plugin_type": "TextPlugin"
        }
    },
    {
        "pk": 146,
        "model": "cms.cmsplugin",
        "fields": {
            "rght": 2,
            "parent": null,
            "language": "en",
            "level": 0,
            "creation_date": "2011-07-11 17:53:35",
            "lft": 1,
            "tree_id": 135,
            "position": 0,
            "placeholder": 129,
            "plugin_type": "TextPlugin"
        }
    },
    {
        "pk": 147,
        "model": "cms.cmsplugin",
        "fields": {
            "rght": 2,
            "parent": null,
            "language": "en",
            "level": 0,
            "creation_date": "2011-07-12 15:06:37",
            "lft": 1,
            "tree_id": 136,
            "position": 0,
            "placeholder": 142,
            "plugin_type": "TextPlugin"
        }
    },
    {
        "pk": 148,
        "model": "cms.cmsplugin",
        "fields": {
            "rght": 2,
            "parent": null,
            "language": "en",
            "level": 0,
            "creation_date": "2011-07-12 15:55:21",
            "lft": 1,
            "tree_id": 137,
            "position": 1,
            "placeholder": 127,
            "plugin_type": "TextPlugin"
        }
    },
    {
        "pk": 149,
        "model": "cms.cmsplugin",
        "fields": {
            "rght": 2,
            "parent": null,
            "language": "en",
            "level": 0,
            "creation_date": "2011-07-12 17:32:17",
            "lft": 1,
            "tree_id": 138,
            "position": 2,
            "placeholder": 127,
            "plugin_type": "TextPlugin"
        }
    },
    {
        "pk": 150,
        "model": "cms.cmsplugin",
        "fields": {
            "rght": 2,
            "parent": null,
            "language": "en",
            "level": 0,
            "creation_date": "2011-08-05 15:45:17",
            "lft": 1,
            "tree_id": 139,
            "position": 1,
            "placeholder": 138,
            "plugin_type": "SnippetPlugin"
        }
    },
    {
        "pk": 151,
        "model": "cms.cmsplugin",
        "fields": {
            "rght": 2,
            "parent": null,
            "language": "en",
            "level": 0,
            "creation_date": "2011-08-05 15:48:08",
            "lft": 1,
            "tree_id": 140,
            "position": 1,
            "placeholder": 128,
            "plugin_type": "SnippetPlugin"
        }
    },
    {
        "pk": 152,
        "model": "cms.cmsplugin",
        "fields": {
            "rght": 2,
            "parent": null,
            "language": "en",
            "level": 0,
            "creation_date": "2011-08-06 10:11:18",
            "lft": 1,
            "tree_id": 141,
            "position": 0,
            "placeholder": 126,
            "plugin_type": "TextPlugin"
        }
    },
    {
        "pk": 153,
        "model": "cms.cmsplugin",
        "fields": {
            "rght": 4,
            "parent": null,
            "language": "en",
            "level": 0,
            "creation_date": "2011-08-06 10:20:54",
            "lft": 1,
            "tree_id": 142,
            "position": 1,
            "placeholder": 126,
            "plugin_type": "TextPlugin"
        }
    },
    {
        "pk": 154,
        "model": "cms.cmsplugin",
        "fields": {
            "rght": 3,
            "parent": 153,
            "language": "en",
            "level": 1,
            "creation_date": "2011-08-06 10:27:42",
            "lft": 2,
            "tree_id": 142,
            "position": null,
            "placeholder": 126,
            "plugin_type": "LinkPlugin"
        }
    },
    {
        "pk": 155,
        "model": "cms.cmsplugin",
        "fields": {
            "rght": 2,
            "parent": null,
            "language": "en",
            "level": 0,
            "creation_date": "2011-08-06 11:48:42",
            "lft": 1,
            "tree_id": 143,
            "position": 3,
            "placeholder": 126,
            "plugin_type": "LinkPlugin"
        }
    },
    {
        "pk": 156,
        "model": "cms.cmsplugin",
        "fields": {
            "rght": 2,
            "parent": null,
            "language": "en",
            "level": 0,
            "creation_date": "2011-08-27 12:06:22",
            "lft": 1,
            "tree_id": 144,
            "position": 1,
            "placeholder": 113,
            "plugin_type": "CMSLatestEntryPlugin"
        }
    },
    {
        "pk": 1,
        "model": "cms.page",
        "fields": {
            "rght": 6,
            "navigation_extenders": "",
            "site": 1,
            "creation_date": "2010-03-15 15:47:44",
            "lft": 1,
            "in_navigation": true,
            "reverse_id": null,
            "login_required": false,
            "created_by": "admin",
            "publication_end_date": null,
            "moderator_state": 0,
            "template": "base/home.html",
            "tree_id": 1,
            "placeholders": [
                1,
                2,
                3,
                4,
                5,
                6,
                112,
                113,
                114,
                130
            ],
            "limit_visibility_in_menu": null,
            "parent": null,
            "publisher_state": 1,
            "soft_root": false,
            "publication_date": "2011-07-04 13:21:02",
            "publisher_public": null,
            "level": 0,
            "changed_by": "admin",
            "publisher_is_draft": true,
            "published": true
        }
    },
    {
        "pk": 12,
        "model": "cms.page",
        "fields": {
            "rght": 3,
            "navigation_extenders": "",
            "site": 1,
            "creation_date": "2011-07-11 15:32:37",
            "lft": 2,
            "in_navigation": false,
            "reverse_id": null,
            "login_required": false,
            "created_by": "admin",
            "publication_end_date": null,
            "moderator_state": 0,
            "template": "INHERIT",
            "tree_id": 1,
            "placeholders": [
                131,
                132,
                133
            ],
            "limit_visibility_in_menu": null,
            "parent": 1,
            "publisher_state": 1,
            "soft_root": false,
            "publication_date": "2011-07-11 15:35:11",
            "publisher_public": null,
            "level": 1,
            "changed_by": "admin",
            "publisher_is_draft": true,
            "published": true
        }
    },
    {
        "pk": 13,
        "model": "cms.page",
        "fields": {
            "rght": 5,
            "navigation_extenders": "",
            "site": 1,
            "creation_date": "2011-07-11 15:34:04",
            "lft": 4,
            "in_navigation": false,
            "reverse_id": null,
            "login_required": false,
            "created_by": "admin",
            "publication_end_date": null,
            "moderator_state": 0,
            "template": "INHERIT",
            "tree_id": 1,
            "placeholders": [
                134,
                135,
                136
            ],
            "limit_visibility_in_menu": null,
            "parent": 1,
            "publisher_state": 1,
            "soft_root": false,
            "publication_date": "2011-07-11 15:35:12",
            "publisher_public": null,
            "level": 1,
            "changed_by": "admin",
            "publisher_is_draft": true,
            "published": true
        }
    },
    {
        "pk": 10,
        "model": "cms.page",
        "fields": {
            "rght": 2,
            "navigation_extenders": "",
            "site": 1,
            "creation_date": "2011-07-04 14:44:41",
            "lft": 1,
            "in_navigation": true,
            "reverse_id": null,
            "login_required": false,
            "created_by": "admin",
            "publication_end_date": null,
            "moderator_state": 0,
            "template": "base/twocol.html",
            "tree_id": 7,
            "placeholders": [
                123,
                124
            ],
            "limit_visibility_in_menu": null,
            "parent": null,
            "publisher_state": 1,
            "soft_root": false,
            "publication_date": null,
            "publisher_public": null,
            "level": 0,
            "changed_by": "admin",
            "publisher_is_draft": true,
            "published": false
        }
    },
    {
        "pk": 11,
        "model": "cms.page",
        "fields": {
            "rght": 2,
            "navigation_extenders": "",
            "site": 1,
            "creation_date": "2011-07-04 14:45:03",
            "lft": 1,
            "in_navigation": true,
            "reverse_id": null,
            "login_required": false,
            "created_by": "admin",
            "publication_end_date": null,
            "moderator_state": 0,
            "template": "base/twocol.html",
            "tree_id": 8,
            "placeholders": [
                125,
                126,
                143
            ],
            "limit_visibility_in_menu": null,
            "parent": null,
            "publisher_state": 1,
            "soft_root": false,
            "publication_date": "2011-08-06 11:55:58",
            "publisher_public": null,
            "level": 0,
            "changed_by": "admin",
            "publisher_is_draft": true,
            "published": true
        }
    },
    {
        "pk": 5,
        "model": "cms.page",
        "fields": {
            "rght": 2,
            "navigation_extenders": "",
            "site": 1,
            "creation_date": "2011-04-07 21:53:08",
            "lft": 1,
            "in_navigation": true,
            "reverse_id": null,
            "login_required": false,
            "created_by": "admin",
            "publication_end_date": null,
            "moderator_state": 0,
            "template": "base/twocol.html",
            "tree_id": 9,
            "placeholders": [
                16,
                17,
                18,
                118,
                119
            ],
            "limit_visibility_in_menu": null,
            "parent": null,
            "publisher_state": 1,
            "soft_root": false,
            "publication_date": "2011-07-04 14:13:28",
            "publisher_public": null,
            "level": 0,
            "changed_by": "admin",
            "publisher_is_draft": true,
            "published": true
        }
    },
    {
        "pk": 7,
        "model": "cms.page",
        "fields": {
            "rght": 2,
            "navigation_extenders": "",
            "site": 1,
            "creation_date": "2011-04-07 21:54:26",
            "lft": 1,
            "in_navigation": true,
            "reverse_id": null,
            "login_required": false,
            "created_by": "admin",
            "publication_end_date": null,
            "moderator_state": 0,
            "template": "base/threecol.html",
            "tree_id": 11,
            "placeholders": [
                22,
                23,
                24,
                137,
                138,
                139
            ],
            "limit_visibility_in_menu": null,
            "parent": null,
            "publisher_state": 1,
            "soft_root": false,
            "publication_date": "2011-07-04 14:13:30",
            "publisher_public": null,
            "level": 0,
            "changed_by": "admin",
            "publisher_is_draft": true,
            "published": true
        }
    },
    {
        "pk": 8,
        "model": "cms.page",
        "fields": {
            "rght": 2,
            "navigation_extenders": "",
            "site": 1,
            "creation_date": "2011-04-07 21:54:40",
            "lft": 1,
            "in_navigation": true,
            "reverse_id": null,
            "login_required": false,
            "created_by": "admin",
            "publication_end_date": null,
            "moderator_state": 0,
            "template": "base/twocol.html",
            "tree_id": 12,
            "placeholders": [
                25,
                26,
                27,
                120,
                121,
                122
            ],
            "limit_visibility_in_menu": null,
            "parent": null,
            "publisher_state": 1,
            "soft_root": false,
            "publication_date": "2011-07-04 14:13:31",
            "publisher_public": null,
            "level": 0,
            "changed_by": "admin",
            "publisher_is_draft": true,
            "published": true
        }
    },
    {
        "pk": 9,
        "model": "cms.page",
        "fields": {
            "rght": 4,
            "navigation_extenders": "",
            "site": 1,
            "creation_date": "2011-07-04 14:37:33",
            "lft": 1,
            "in_navigation": true,
            "reverse_id": "contact",
            "login_required": false,
            "created_by": "admin",
            "publication_end_date": null,
            "moderator_state": 0,
            "template": "base/threecol.html",
            "tree_id": 13,
            "placeholders": [
                115,
                116,
                117,
                127,
                128,
                129
            ],
            "limit_visibility_in_menu": null,
            "parent": null,
            "publisher_state": 1,
            "soft_root": false,
            "publication_date": "2011-07-04 14:37:42",
            "publisher_public": null,
            "level": 0,
            "changed_by": "admin",
            "publisher_is_draft": true,
            "published": true
        }
    },
    {
        "pk": 14,
        "model": "cms.page",
        "fields": {
            "rght": 3,
            "navigation_extenders": "",
            "site": 1,
            "creation_date": "2011-07-12 15:03:58",
            "lft": 2,
            "in_navigation": false,
            "reverse_id": null,
            "login_required": false,
            "created_by": "admin",
            "publication_end_date": null,
            "moderator_state": 0,
            "template": "INHERIT",
            "tree_id": 13,
            "placeholders": [
                140,
                141,
                142
            ],
            "limit_visibility_in_menu": null,
            "parent": 9,
            "publisher_state": 1,
            "soft_root": false,
            "publication_date": "2011-07-12 15:04:13",
            "publisher_public": null,
            "level": 1,
            "changed_by": "admin",
            "publisher_is_draft": true,
            "published": true
        }
    },
    {
        "pk": 15,
        "model": "cms.page",
        "fields": {
            "rght": 2,
            "navigation_extenders": "",
            "site": 1,
            "creation_date": "2011-08-27 13:20:52",
            "lft": 1,
            "in_navigation": false,
            "reverse_id": null,
            "login_required": false,
            "created_by": "admin",
            "publication_end_date": null,
            "moderator_state": 0,
            "template": "base/threecol.html",
            "tree_id": 14,
            "placeholders": [
                144,
                145,
                146
            ],
            "limit_visibility_in_menu": null,
            "parent": null,
            "publisher_state": 1,
            "soft_root": false,
            "publication_date": "2011-08-27 13:21:09",
            "publisher_public": null,
            "level": 0,
            "changed_by": "admin",
            "publisher_is_draft": true,
            "published": true
        }
    },
    {
        "pk": 16,
        "model": "cms.page",
        "fields": {
            "rght": 2,
            "navigation_extenders": "SurveyMenu",
            "site": 1,
            "creation_date": "2011-09-26 12:38:55",
            "lft": 1,
            "in_navigation": true,
            "reverse_id": null,
            "login_required": false,
            "created_by": "admin",
            "publication_end_date": null,
            "moderator_state": 0,
            "template": "base/threecol.html",
            "tree_id": 15,
            "placeholders": [
                147,
                148,
                149
            ],
            "limit_visibility_in_menu": null,
            "parent": null,
            "publisher_state": 1,
            "soft_root": false,
            "publication_date": "2011-09-26 12:39:00",
            "publisher_public": null,
            "level": 0,
            "changed_by": "admin",
            "publisher_is_draft": true,
            "published": true
        }
    },
    {
        "pk": 1,
        "model": "cms.title",
        "fields": {
            "menu_title": "",
            "redirect": "",
            "meta_keywords": "",
            "page_title": "",
            "language": "en",
            "title": "Home",
            "has_url_overwrite": false,
            "application_urls": "",
            "creation_date": "2010-03-15 15:47:44",
            "page": 1,
            "path": "home",
            "meta_description": "",
            "slug": "home"
        }
    },
    {
        "pk": 21,
        "model": "cms.title",
        "fields": {
            "menu_title": "",
            "redirect": "",
            "meta_keywords": "",
            "page_title": "",
            "language": "nl",
            "title": "Home",
            "has_url_overwrite": false,
            "application_urls": "",
            "creation_date": "2010-09-25 22:02:30",
            "page": 1,
            "path": "home",
            "meta_description": "",
            "slug": "home"
        }
    },
    {
        "pk": 28,
        "model": "cms.title",
        "fields": {
            "menu_title": "",
            "redirect": "",
            "meta_keywords": "",
            "page_title": "",
            "language": "nl",
            "title": "Griepprijsvraag",
            "has_url_overwrite": false,
            "application_urls": "",
            "creation_date": "2011-04-07 21:53:08",
            "page": 5,
            "path": "griepprijsvraag",
            "meta_description": "",
            "slug": "griepprijsvraag"
        }
    },
    {
        "pk": 30,
        "model": "cms.title",
        "fields": {
            "menu_title": "",
            "redirect": "",
            "meta_keywords": "",
            "page_title": "",
            "language": "nl",
            "title": "Forum",
            "has_url_overwrite": false,
            "application_urls": "",
            "creation_date": "2011-04-07 21:54:26",
            "page": 7,
            "path": "forum",
            "meta_description": "",
            "slug": "forum"
        }
    },
    {
        "pk": 31,
        "model": "cms.title",
        "fields": {
            "menu_title": "",
            "redirect": "",
            "meta_keywords": "",
            "page_title": "",
            "language": "nl",
            "title": "Links",
            "has_url_overwrite": false,
            "application_urls": "",
            "creation_date": "2011-04-07 21:54:41",
            "page": 8,
            "path": "links",
            "meta_description": "",
            "slug": "links"
        }
    },
    {
        "pk": 61,
        "model": "cms.title",
        "fields": {
            "menu_title": "",
            "redirect": "",
            "meta_keywords": "",
            "page_title": "",
            "language": "en",
            "title": "Method",
            "has_url_overwrite": false,
            "application_urls": "",
            "creation_date": "2011-07-04 14:35:51",
            "page": 5,
            "path": "method",
            "meta_description": "",
            "slug": "method"
        }
    },
    {
        "pk": 62,
        "model": "cms.title",
        "fields": {
            "menu_title": "",
            "redirect": "",
            "meta_keywords": "",
            "page_title": "",
            "language": "en",
            "title": "Data",
            "has_url_overwrite": false,
            "application_urls": "",
            "creation_date": "2011-07-04 14:36:12",
            "page": 7,
            "path": "data",
            "meta_description": "",
            "slug": "data"
        }
    },
    {
        "pk": 63,
        "model": "cms.title",
        "fields": {
            "menu_title": "",
            "redirect": "",
            "meta_keywords": "",
            "page_title": "",
            "language": "en",
            "title": "Publications",
            "has_url_overwrite": false,
            "application_urls": "",
            "creation_date": "2011-07-04 14:36:35",
            "page": 8,
            "path": "publications",
            "meta_description": "",
            "slug": "publications"
        }
    },
    {
        "pk": 64,
        "model": "cms.title",
        "fields": {
            "menu_title": "",
            "redirect": "",
            "meta_keywords": "",
            "page_title": "",
            "language": "en",
            "title": "Contact",
            "has_url_overwrite": false,
            "application_urls": "",
            "creation_date": "2011-07-04 14:37:33",
            "page": 9,
            "path": "contact",
            "meta_description": "",
            "slug": "contact"
        }
    },
    {
        "pk": 65,
        "model": "cms.title",
        "fields": {
            "menu_title": null,
            "redirect": null,
            "meta_keywords": null,
            "page_title": null,
            "language": "en",
            "title": "Map",
            "has_url_overwrite": false,
            "application_urls": null,
            "creation_date": "2011-07-04 14:44:41",
            "page": 10,
            "path": "map",
            "meta_description": null,
            "slug": "map"
        }
    },
    {
        "pk": 66,
        "model": "cms.title",
        "fields": {
            "menu_title": null,
            "redirect": null,
            "meta_keywords": null,
            "page_title": null,
            "language": "en",
            "title": "Results",
            "has_url_overwrite": false,
            "application_urls": null,
            "creation_date": "2011-07-04 14:45:03",
            "page": 11,
            "path": "results",
            "meta_description": null,
            "slug": "results"
        }
    },
    {
        "pk": 67,
        "model": "cms.title",
        "fields": {
            "menu_title": "",
            "redirect": "",
            "meta_keywords": "",
            "page_title": "",
            "language": "en",
            "title": "Newsitem 1",
            "has_url_overwrite": false,
            "application_urls": "",
            "creation_date": "2011-07-11 15:32:37",
            "page": 12,
            "path": "home/newsitem-1",
            "meta_description": "",
            "slug": "newsitem-1"
        }
    },
    {
        "pk": 68,
        "model": "cms.title",
        "fields": {
            "menu_title": "",
            "redirect": "",
            "meta_keywords": "",
            "page_title": "",
            "language": "en",
            "title": "Newsitem 2",
            "has_url_overwrite": false,
            "application_urls": "",
            "creation_date": "2011-07-11 15:34:04",
            "page": 13,
            "path": "home/newsitem-2",
            "meta_description": "",
            "slug": "newsitem-2"
        }
    },
    {
        "pk": 69,
        "model": "cms.title",
        "fields": {
            "menu_title": null,
            "redirect": null,
            "meta_keywords": null,
            "page_title": null,
            "language": "en",
            "title": "Sent",
            "has_url_overwrite": false,
            "application_urls": null,
            "creation_date": "2011-07-12 15:03:59",
            "page": 14,
            "path": "contact/sent",
            "meta_description": null,
            "slug": "sent"
        }
    },
    {
        "pk": 70,
        "model": "cms.title",
        "fields": {
            "menu_title": "",
            "redirect": "",
            "meta_keywords": "",
            "page_title": "",
            "language": "en",
            "title": "News",
            "has_url_overwrite": false,
            "application_urls": "JournalApphook",
            "creation_date": "2011-08-27 13:20:52",
            "page": 15,
            "path": "news",
            "meta_description": "",
            "slug": "news"
        }
    },
    {
        "pk": 71,
        "model": "cms.title",
        "fields": {
            "menu_title": "",
            "redirect": "",
            "meta_keywords": "",
            "page_title": "",
            "language": "en",
            "title": "Surveys",
            "has_url_overwrite": false,
            "application_urls": "",
            "creation_date": "2011-09-26 12:38:55",
            "page": 16,
            "path": "survey",
            "meta_description": "",
            "slug": "survey"
        }
    },
    {
        "pk": 2,
        "model": "text.text",
        "fields": {
            "body": "<p><img src=\"/+media-ggm/maps/griep_in_nederland_week.png\" width=\"460\" /></p><h1>De Grote Griepmeting 8</h1><h3>De Grote Griepmeting 7 start op 1 november 2009. Met uw hulp brengen wij in 2009/2010 weer de seizoensgriep, en dit jaar ook de Mexicaanse griep, in kaart.&#160;</h3><p>De afgelopen maanden is hard gewerkt aan het verbeteren van de vragenlijsten en het opbouwen van een geheel vernieuwde website. De opmerkingen van onze deelnemers zijn daarbij van groot belang geweest. Komt u nog verbeterpunten tegen? Laat dit dan weten via het forum of via info@degrotegriepmeting.nl&#160;</p><p>Word griepmeter!</p>"
        }
    },
    {
        "pk": 67,
        "model": "text.text",
        "fields": {
            "body": "<p><img src=\"/+media-ggm/maps/griep_in_nederland_week.png\" width=\"460\" /></p><h1>De Grote Griepmeting 8</h1><h3>De Grote Griepmeting 7 start op 1 november 2009. Met uw hulp brengen wij in 2009/2010 weer de seizoensgriep, en dit jaar ook de Mexicaanse griep, in kaart.&#160;</h3><p>De afgelopen maanden is hard gewerkt aan het verbeteren van de vragenlijsten en het opbouwen van een geheel vernieuwde website. De opmerkingen van onze deelnemers zijn daarbij van groot belang geweest. Komt u nog verbeterpunten tegen? Laat dit dan weten via het forum of via info@degrotegriepmeting.nl&#160;</p><p>Word griepmeter!</p>"
        }
    },
    {
        "pk": 113,
        "model": "text.text",
        "fields": {
            "body": "<h1>Influenzanet</h1> \r\n<p>Influenzanet is a system to monitor the activity of influenza-like-illness (ILI) with the aid of volunteers via the internet. It has been operational in The Netherlands and Belgium (since 2003), Portugal (since 2005), Italy (since 2008) and United Kingdom (since 2009), and the current objective is to implement Influenzanet in more European countries. In contrast with the traditional system of sentinel networks of mainly primary care physicians, Influenzanet obtains its data directly from the population. This creates a fast and flexible monitoring system whose uniformity allows for direct comparison of ILI rates between countries.</p> \r\n<p>Any resident of a country where Influenzanet is implemented can participate by completing an online application form, which contains various medical, geographic and behavioural questions. Participants are reminded weekly to report any symptoms they have experienced since their last visit. The incidence of ILI is determined on the basis of a uniform case definition.<br /><br /><strong>All results are updated daily.</strong></p> "
        }
    },
    {
        "pk": 116,
        "model": "text.text",
        "fields": {
            "body": "<p>Test</p>"
        }
    },
    {
        "pk": 119,
        "model": "text.text",
        "fields": {
            "body": "<h1>Newsitem #1</h1>"
        }
    },
    {
        "pk": 122,
        "model": "text.text",
        "fields": {
            "body": "<h1>Newsitem #2</h1><p>newsitem 2</p>"
        }
    },
    {
        "pk": 126,
        "model": "text.text",
        "fields": {
            "body": "<h1>Method</h1>\r\n\t\t\t\t\t\t\t\t\t<h2>Intake questionnaire and Weekly symptoms' questionnaire</h2>\r\n\t\t\t\t\t\t\t\t\t<p>At the beginning of each season, each participant is required to complete an intake questionnaire once. Additionally, every participant is reminded weekly to complete a symptoms questionnaire. Not all questions were present in every country or season. The last version of these questionnaires is available as a PDF-file:\r\n\t\t\t\t\t\t\t\t\t</p>"
        }
    },
    {
        "pk": 131,
        "model": "text.text",
        "fields": {
            "body": "<h2>Influenza-like Illness (ILI)</h2>\r\n\t<p>A case of ILI is defined based on a the sudden onset of reported symptoms and at least one of the four systemic symptoms:</p>\r\n\t\t<ul class=\"bullets\">\r\n\t\t\t<li>Fever and/or chills</li>\r\n\t\t\t<li>Feeling tired or exhausted</li>\r\n\t\t\t<li>Headache</li>\r\n\t\t\t<li>Muscle pain</li>\r\n\t\t</ul>\r\n\t<p>And at least one of the three respiratory symptoms:</p>\r\n\t\t<ul class=\"bullets\">\r\n\t\t\t<li>Cough</li>\r\n\t\t\t<li>Sore throat</li>\r\n\t\t\t<li>Shortness of breath (dyspnoea)</li>\r\n\t\t</ul>\r\n\t<p>This ILI case definition is derived from the <a href=\"http://www.ecdc.europa.eu/en/healthtopics/avian_influenza/epidemiological_data/Pages/case_definition_influenza_AH5N1.aspx\" title=\"ECDC ILI case definition\">ECDC definition</a>. The day on which ILI starts is determined by the day on which the fever started. Influenzanet is collecting an enormous amount of data each day. To extract meaningfull information about ILI activity, certain assumptions have to be made.</p>\r\n"
        }
    },
    {
        "pk": 132,
        "model": "text.text",
        "fields": {
            "body": "\t\t\t\t\t\t\t\t\t<img src=\"../media/base/img/temp/clipboard.jpg\" alt=\"Symptoms\" class=\"imgleft\" height=\"274\" /><h2>Bias</h2>\r\n\t\t\t\t\t\t\t\t\t<p>People who are experiencing ILI symptoms are more inclined to register in Influenzanet. Therefore, the first symptoms' questionnaire of each participant is ignored. This removes any symptoms a participant already had when joining the system. Only participants who have completed at least three symptoms' questionnaires are included in the data analysis. When a participant fits the case definition in two consecutive symptoms' questionnaires, they are considered the same episode and only the first report is included in the data analysis.</p>\r\n\t\t\t\t\t\t\t\t\t<h2>Incidence</h2>\r\n\t\t\t\t\t\t\t\t\t<p>There are two ways to determine the incidence of influenza-like illness (ILI) in Influenzanet: based on the day the symptoms were reported, and based on the day on which the symptoms started (as reported by the participant). Because disease dynamics in a population are best represented by the day of onset, all incidence curves on this website are based on this day, as reported by participants.</p>\r\n\t\t\t\t\t\t\t\t\t<p>The weekly incidence is defined as the number of participants who reported the onset of ILI in that week, divided by the person-time of active participation during the same week. For each season, a participant is active between the day the participant registered in Influenzanet and the day the participant completed the last symptoms' questionnaire. The person-time of active participation per week is defined as the number of participants who were active during that week multiplied by the percentage of the week each participant was active. The weekly incidence (Monday - Sunday) is plotted on the Sunday of the week. Weekly incidence plotted on other days of the week are determined by defining the week as 7-day period ending on that day.</p>\r\n\t\t\t\t\t\t\t\t\t<p>In real-time monitoring, not all information for the most recent days will be available, since participants will continue completing their weekly questionnaires in the days following and could report an onset of symptoms in that period. Therefore, the calculated ILI incidence for the most recent days could substantially change in the days that follow.</p>"
        }
    },
    {
        "pk": 134,
        "model": "text.text",
        "fields": {
            "body": "<p class=\"title\">Influenzanet Science Committee</p>\r\n<p>\r\n<strong>Dr. Daniela Paolotti</strong><br />\r\nISI, Turin, Italy<br /><br />\r\n<strong>Prof. dr. John Edmunds</strong><br />\r\nLSHTM, London, UK<br /><br />\r\n<strong>Prof. dr. Olof Nyren</strong><br />\r\nKarolinska Institutet, Stockholm, Sweden<br /><br />\r\n<strong>Prof. Marc van Ranst</strong><br />\r\nRega Instituut, KU, Leuven, Belgium<br /><br />\r\n<strong>Drs. Sander van Noort</strong><br />\r\nIGC, Oeiras, Portugal<br />\r\nGrote Griepmeting, Amsterdam, Netherlands<br /><br />\r\n<strong>Secretary: Ronald Smallenburg</strong><br />\r\ndirectie [at] grotegriepmeting.nl\r\n</p>"
        }
    },
    {
        "pk": 136,
        "model": "text.text",
        "fields": {
            "body": "\t\t\t\t\t\t\t\t<h1>Incidence data</h1>\r\n\t\t\t\t\t\t\t\t<p>The incidence for Influenza-like Illness (ILI) can be downloaded as CSV files (importable into Excel). The number of active participants, the number of ILI onsets and the calculated incidence are listed for each week. When using these data please attribute it to Influenzanet as follows: <strong>\"Data Source: Influenzanet (http://www.influenzanet.org)\"</strong>.</p>\r\n\t\t\t\t\t\t\t\t<p><a href=\"http://beta.influenzanet.com/csv/nl.csv\">The Netherlands</a><br />\r\n\t\t\t\t\t\t\t\t<a href=\"http://beta.influenzanet.com/csv/be.csv\">Belgium</a><br />\r\n\t\t\t\t\t\t\t\t<a href=\"http://beta.influenzanet.com/csv/pt.csv\">Portugal</a><br />\r\n\t\t\t\t\t\t\t\t<a href=\"http://beta.influenzanet.com/csv/it.csv\">Italy</a><br />\r\n\t\t\t\t\t\t\t\t<a href=\"data/RCGP_NPFS_behaviour.XLSX\">UK</a></p>"
        }
    },
    {
        "pk": 137,
        "model": "text.text",
        "fields": {
            "body": "\t\t\t\t\t\t\t\t<h3>Other sources</h3>\r\n\t\t\t\t\t\t\t\t<p> \r\n\t\t\t\t\t\t\t    Influenzanet uses data from various other sources:<br /><br />\r\n\t\t\t\t\t\t\t    <a href=\"http://ecdc.europa.eu/en/Activities/Surveillance/EISN/Pages/home.aspx\">ECDC</a>: European Influenza Surveillance Network<br />\r\n\t\t\t\t\t\t\t    <a href=\"http://www.google.org/flutrends/\">Google Flu Trends</a><br />\r\n\t\t\t\t\t\t\t    <a href=\"http://www.cdc.gov/flu/news.htm\">CDC</a>: Centers for Disease Control and Prevention<br /> \r\n\t\t\t\t\t\t\t    <a href=\"http://www.geonames.org\">GeoNames</a>: Geographical coordinates of postal codes\r\n</p>"
        }
    },
    {
        "pk": 138,
        "model": "text.text",
        "fields": {
            "body": "\t\t\t\t\t\t\t    <h3>Restricted access</h3>\r\n\t\t\t\t\t\t\t\t<p>To obtain access to the more detailed Influenzanet data, please <strong>contact the national organisers</strong> of the Influenzanet systems. Any privacy sensitive information, such as email-addresses, will not be shared with third parties.</p>\r\n\t\t\t\t\t\t\t\t<p>Influenzanet welcomes collaboration with scientists and researchers outside our consortium. If you are interested, in particular in international Influenzanet data, please fill in the application form. Your application is subject to approval from the Influenzanet Scientific Committee, which aims to react within short notice to your request:</p>"
        }
    },
    {
        "pk": 143,
        "model": "text.text",
        "fields": {
            "body": "\t\t\t\t\t\t\t\t<h1>Scientific publications</h1>\r\n\t\t\t\t\t\t\t\t<p class=\"specialitem\"><a href=\"../media/docs/publications/BrooksPollockEamesBMCInfDis11.pdf\">Using an online survey of healthcare-seeking behaviour to estimate the magnitude and severity of the 2009 H1N1v influenza epidemic in England.</a><br /><em>E. Brooks-Pollock, N. Tilston, W.J. Edmunds, K.T. Eames</em><br /><strong>BMC Infectious Diseases, 16 March 2011.</strong></p>\r\n\t\t\t\t\t\t\t\t<p class=\"specialitem\"><a href=\"../media/docs/publications/influweb-ehealth2010_submitted.pdf\">Internet-based monitoring system for influenza-like illness: H1N1 surveillance in Italy.</a><br /><em>D. Paolotti, C. Gioannini, V. Colizza, A. Vespignani</em><br /><strong>Proceedings of the 3rd International ICST Conference on Electronic Healthcare for the 21st century, Casablanca 13-15 December 2010.</strong></p>\r\n\t\t\t\t\t\t\t\t<p class=\"specialitem\"><a href=\"../media/docs/publications/TilsonEamesetalBMCPubHealth10.pdf\">Internet-based surveillance of Influenza-like-illness in the UK during the 2009 H1N1 influenza pandemic.</a><br /><em>N.L. Tilston, K.T. Eames, D. Paolotti, T. Ealden, W.J. Edmunds</em><br /><strong>BMC Public Health, 27 October 2010.</strong></p>\r\n\t\t\t\t\t\t\t\t<p class=\"specialitem\"><a href=\"http://www.sciencedirect.com/science/article/pii/S0264410X10000320\">Vaccination against pandemic influenza A/H1N1v in England: a real-time economic evaluation.</a><br /><em>M. Baguelin, A.J. van Hoek, M. Jit, S. Flasche, P.J. White, W.J. Edmunds</em><br /><strong>Vaccine 2010, Volume 28, Pages 2370-2384.</strong></p>\t\r\n\t\t\t\t\t\t\t\t<p class=\"specialitem\"><a href=\"../media/docs/publications/friesema2009.pdf\">Internet-based monitoring of influenza-like illness in the general population: Experience of five influenza seasons in the Netherlands.</a><br /><em>I.H.M. Friesema, C.E. Koppeschaar, G.A. Donker, F. Dijkstra, S.P. van Noort, R. Smallenburg, W. van der Hoek, M.A.B. van der Sande</em><br /><strong>Vaccine 2009, Volume 27, Issue 45, 23 October 2009, Pages 6353-6357.</strong></p>\r\n\t\t\t\t\t\t\t\t<p class=\"specialitem\"><a href=\"../media/docs/publications/smolderen2007.pdf\">Personality, psychological stress, and self-reported influenza symptomatology.</a><br /><em>K.G. Smolderen, A.J. Vingerhoets, M.A. Croon, J. Denollet</em><br /><strong>BMC Public Health, 23 November 2007</strong></p>\r\n\t\t\t\t\t\t\t\t<p class=\"specialitem\"><a href=\"../media/docs/publications/vannoort2007.pdf\">Gripenet: an internet-based system to monitor influenza-like illness uniformly across Europe.</a><br /><em>S.P. van Noort, M. Muehlen, H. Rebelo de Andrade, C.E. Koppeschaar, J.M. Lima Lourenco, M.G. Gomes</em><br /><strong>Euro Surveillance, 1 Juli 2007.</strong></p>\r\n\t\t\t\t\t\t\t\t<p class=\"specialitem\"><a href=\"../media/docs/publications/marquet2006.pdf\">Internet-based monitoring of influenza-like illness (ILI) in the general population of the Netherlands during the 2003-2004 influenza season.</a><br /><em>R.L. Marquet, A.I. Bartelds, S.P. van Noort, C.E. Koppeschaar, J. Paget, F.G. Schellevis, J. van der Zee</em><br /><strong>BMC Public Health, 4 October 2006.</strong></p>\r\n"
        }
    },
    {
        "pk": 145,
        "model": "text.text",
        "fields": {
            "body": ""
        }
    },
    {
        "pk": 146,
        "model": "text.text",
        "fields": {
            "body": "<h1>General contact information</h1>\r\n<p><strong>Influenzanet coordination</strong><br />\r\nRonald Smallenburg<br />\r\ndirectie [at] grotegriepmeting.nl<br /><br />\r\n<strong>Influenzanet analysis</strong><br />\r\nSander van Noort<br />\r\nvnoort [at] igc.gulbenkian.pt<br /><br />\r\n<strong>Influenzanet webdevelopment</strong><br />\r\nAntwan Wiersma<br />\r\nwebdev [at] grotegriepmeting.nl<br /><br />\r\n<strong>Influenzanet database management</strong><br />\r\nKlaas van Schelven<br />\r\ndbmgt [at] grotegriepmeting.nl<br />\r\n</p>\r\n<h2>Send us a comment</h2>"
        }
    },
    {
        "pk": 147,
        "model": "text.text",
        "fields": {
            "body": "<h1>Message sent</h1>\r\n<p>Thank you very much for your feedback.</p>"
        }
    },
    {
        "pk": 148,
        "model": "text.text",
        "fields": {
            "body": ""
        }
    },
    {
        "pk": 149,
        "model": "text.text",
        "fields": {
            "body": "<p class=\"title\">Partners</p>\r\n<p>\r\n<strong>The Netherlands and Belgium</strong><br />\r\nProject leader: Carl Koppeschaar<br />\r\nOrganisers Grote Griepmeting<br />\r\nredactie [at] grotegriepmeting.nl<br /><br />\r\n<strong>Portugal</strong><br />\r\nProject leader: Vitor Faustino<br />\r\nOrganisers Gripenet<br />\r\ninfo [at] gripenet.pt<br /><br />\r\n<strong>Italy</strong><br />\r\nProject leader: Daniela Paolotti<br />\r\nOrganisers InfluWeb<br />\r\ninfo [at] influweb.it<br /><br />\r\n<strong>United Kingdom</strong><br />\r\nProject leader: John Edmunds<br />\r\norganisers FluSurvey<br />\r\nwebmaster [at] flusurvey.org.uk<br /><br />\r\n<strong>Sweden</strong><br />\r\nProject leader: Annasara Carnahan<br />\r\norganisers Influensakoll<br />\r\ninfluensakoll [at] smi.se<br /><br />\r\n<strong>Austria, Germany and Switzerland</strong><br />\r\nProject leader: Markus Schwehm<br />\r\norganisers Aktiv gegen Grippe<br />\r\nmarkus.schwehm [at] explosys.de<br /><br />\r\n<strong>France (coming soon)</strong><br />\r\nProject leader: Vittoria Colizza<br />\r\nvittoria.colizza [at] inserm.fr\r\n</p>"
        }
    },
    {
        "pk": 13,
        "model": "snippet.snippet",
        "fields": {
            "html": "<p><a href=\"{{ MEDIA_URL }}docs/110627-Data_Application.pdf\" title=\"Application form\" rel=\"external\"><img src=\"{{ MEDIA_URL }}base/img/main/pdf.png\" alt=\"PDF file\" class=\"dlicon\" />110627-Data_Application.pdf</a> (260 Kb.)</p>",
            "name": "Data application (Link)",
            "template": ""
        }
    },
    {
        "pk": 8,
        "model": "snippet.snippet",
        "fields": {
            "html": "<a href=\"http://www.epiwork.eu/\" rel=\"external\" title=\"Developing the framework for an epidemic forecast infrastructure\"><img src=\"{{ MEDIA_URL }}base/img/main/epibanner.jpg\" alt=\"Epiwork\" /></a>",
            "name": "Epiwork banner (Right bar)",
            "template": ""
        }
    },
    {
        "pk": 11,
        "model": "snippet.snippet",
        "fields": {
            "html": "<p><img src=\"{{ MEDIA_URL }}base/img/temp/right-petridishes.jpg\" alt=\"Virus cultivation\" /></p><p><strong>Influenzanet is part of the Epiwork WP5. This Work Package intends to overcome the limitation of the state of the art surveillance systems for Influenza by proposing an innovative ICT approach based on Web2.0 tools. (<a href=\"http://www.epiwork.eu/resources/wp5-ict-monitoring-and-reporting-systems/\" rel=\"external\">Epiwork WP5</a>)</strong></p>",
            "name": "Epiwork text (Right bar)",
            "template": ""
        }
    },
    {
        "pk": 9,
        "model": "snippet.snippet",
        "fields": {
            "html": "<iframe class=\"facebook\" src=\"http://www.facebook.com/plugins/likebox.php?href=http%3A%2F%2Fwww.facebook.com%2Fpages%2FInfluenzanet%2F158090077593369&amp;width=182&amp;colorscheme=light&amp;show_faces=true&amp;border_color=white&amp;stream=false&amp;header=false&amp;height=230\" scrolling=\"no\" frameborder=\"0\" style=\"border:none; overflow:hidden; width:182px; height:230px;\" allowTransparency=\"true\"></iframe>",
            "name": "Facebook \"Like\" box (Right bar)",
            "template": ""
        }
    },
    {
        "pk": 12,
        "model": "snippet.snippet",
        "fields": {
            "html": "<p><a href=\"{{ MEDIA_URL }}docs/110609-Questionnaires_UK.pdf\" title=\"Influenzanet questionnaires UK\"><img src=\"{{ MEDIA_URL }}base/img/main/pdf.png\" alt=\"PDF file\" class=\"dlicon\" />110609-Questionnaires_UK.pdf</a> (452 Kb.) Note: this is the UK version of the questionnaire.</p>",
            "name": "Questionnaire (Link)",
            "template": ""
        }
    },
    {
        "pk": 114,
        "model": "snippet.snippetptr",
        "fields": {
            "snippet": 8
        }
    },
    {
        "pk": 120,
        "model": "snippet.snippetptr",
        "fields": {
            "snippet": 9
        }
    },
    {
        "pk": 123,
        "model": "snippet.snippetptr",
        "fields": {
            "snippet": 9
        }
    },
    {
        "pk": 124,
        "model": "snippet.snippetptr",
        "fields": {
            "snippet": 8
        }
    },
    {
        "pk": 125,
        "model": "snippet.snippetptr",
        "fields": {
            "snippet": 8
        }
    },
    {
        "pk": 127,
        "model": "snippet.snippetptr",
        "fields": {
            "snippet": 8
        }
    },
    {
        "pk": 128,
        "model": "snippet.snippetptr",
        "fields": {
            "snippet": 11
        }
    },
    {
        "pk": 130,
        "model": "snippet.snippetptr",
        "fields": {
            "snippet": 12
        }
    },
    {
        "pk": 139,
        "model": "snippet.snippetptr",
        "fields": {
            "snippet": 13
        }
    },
    {
        "pk": 140,
        "model": "snippet.snippetptr",
        "fields": {
            "snippet": 8
        }
    },
    {
        "pk": 141,
        "model": "snippet.snippetptr",
        "fields": {
            "snippet": 8
        }
    },
    {
        "pk": 142,
        "model": "snippet.snippetptr",
        "fields": {
            "snippet": 11
        }
    },
    {
        "pk": 144,
        "model": "snippet.snippetptr",
        "fields": {
            "snippet": 9
        }
    },
    {
        "pk": 150,
        "model": "snippet.snippetptr",
        "fields": {
            "snippet": 9
        }
    },
    {
        "pk": 151,
        "model": "snippet.snippetptr",
        "fields": {
            "snippet": 11
        }
    },
    {
        "pk": 1,
        "model": "menus.cachekey",
        "fields": {
            "key": "cms-menu_nodes_en_1",
            "site": 1,
            "language": "en"
        }
    },
    {
        "pk": 2,
        "model": "menus.cachekey",
        "fields": {
            "key": "cms-menu_nodes_en_1",
            "site": 1,
            "language": "en"
        }
    },
    {
        "pk": 1,
        "model": "pollster.survey",
        "fields": {
            "status": "PUBLISHED",
            "updated": "2011-09-26 12:42:10",
            "parent": null,
            "created": "2011-09-26 12:41:05",
            "title": "Intake",
            "version": "",
            "shortname": "intake"
        }
    },
    {
        "pk": 2,
        "model": "pollster.survey",
        "fields": {
            "status": "PUBLISHED",
            "updated": "2011-09-26 12:42:07",
            "parent": null,
            "created": "2011-09-26 12:41:43",
            "title": "Weekly",
            "version": "",
            "shortname": "weekly"
        }
    },
    {
        "pk": 1,
        "model": "pollster.ruletype",
        "fields": {
            "js_class": "wok.pollster.rules.ShowQuestion",
            "title": "Show Question"
        }
    },
    {
        "pk": 2,
        "model": "pollster.ruletype",
        "fields": {
            "js_class": "wok.pollster.rules.HideQuestion",
            "title": "Hide Question"
        }
    },
    {
        "pk": 3,
        "model": "pollster.ruletype",
        "fields": {
            "js_class": "wok.pollster.rules.ShowOptions",
            "title": "Show Options"
        }
    },
    {
        "pk": 4,
        "model": "pollster.ruletype",
        "fields": {
            "js_class": "wok.pollster.rules.HideOptions",
            "title": "Hide Options"
        }
    },
    {
        "pk": 5,
        "model": "pollster.ruletype",
        "fields": {
            "js_class": "wok.pollster.rules.CheckOptions",
            "title": "Check Options"
        }
    },
    {
        "pk": 6,
        "model": "pollster.ruletype",
        "fields": {
            "js_class": "wok.pollster.rules.UncheckOptions",
            "title": "Uncheck Options"
        }
    },
    {
        "pk": 7,
        "model": "pollster.ruletype",
        "fields": {
            "js_class": "wok.pollster.rules.Exclusive",
            "title": "Exclusive"
        }
    },
    {
        "pk": 8,
        "model": "pollster.ruletype",
        "fields": {
            "js_class": "wok.pollster.rules.FutureFill",
            "title": "Future Fill"
        }
    },
    {
        "pk": 9,
        "model": "pollster.ruletype",
        "fields": {
            "js_class": "wok.pollster.rules.FutureShowQuestion",
            "title": "Future Show Question"
        }
    },
    {
        "pk": 10,
        "model": "pollster.ruletype",
        "fields": {
            "js_class": "wok.pollster.rules.FutureHideQuestion",
            "title": "Future Hide Question"
        }
    },
    {
        "pk": 11,
        "model": "pollster.ruletype",
        "fields": {
            "js_class": "wok.pollster.rules.FutureShowOptions",
            "title": "Future Show Options"
        }
    },
    {
        "pk": 12,
        "model": "pollster.ruletype",
        "fields": {
            "js_class": "wok.pollster.rules.FutureHideOptions",
            "title": "Future Hide Options"
        }
    },
    {
        "pk": 13,
        "model": "pollster.ruletype",
        "fields": {
            "js_class": "wok.pollster.rules.Fill",
            "title": "Fill"
        }
    },
    {
        "pk": 1,
        "model": "pollster.questiondatatype",
        "fields": {
            "js_class": "wok.pollster.datatypes.Text",
            "css_class": "text-type",
            "db_type": "django.db.models.TextField(null=True, blank=True)",
            "title": "Text"
        }
    },
    {
        "pk": 2,
        "model": "pollster.questiondatatype",
        "fields": {
            "js_class": "wok.pollster.datatypes.Numeric",
            "css_class": "numeric-type",
            "db_type": "django.db.models.PositiveIntegerField(null=True, blank=True)",
            "title": "Numeric"
        }
    },
    {
        "pk": 3,
        "model": "pollster.questiondatatype",
        "fields": {
            "js_class": "wok.pollster.datatypes.Date",
            "css_class": "date-type",
            "db_type": "django.db.models.DateField(null=True, blank=True)",
            "title": "Date"
        }
    },
    {
        "pk": 4,
        "model": "pollster.questiondatatype",
        "fields": {
            "js_class": "wok.pollster.datatypes.YearMonth",
            "css_class": "yearmonth-type",
            "db_type": "db.models.YearMonthField(null=True, blank=True)",
            "title": "YearMonth"
        }
    },
    {
        "pk": 5,
        "model": "pollster.questiondatatype",
        "fields": {
            "js_class": "wok.pollster.datatypes.Timestamp",
            "css_class": "timestamp-type",
            "db_type": "django.db.models.DateTimeField(null=True, blank=True)",
            "title": "Timestamp"
        }
    },
    {
        "pk": 6,
        "model": "pollster.questiondatatype",
        "fields": {
            "js_class": "wok.pollster.datatypes.PostalCode",
            "css_class": "postalcode-type",
            "db_type": "db.models.PostalCodeField(null=True, blank=True)",
            "title": "PostalCode"
        }
    },
    {
        "pk": 1,
        "model": "pollster.virtualoptiontype",
        "fields": {
            "js_class": "wok.pollster.virtualoptions.TextRange",
            "question_data_type": 1,
            "title": "Range"
        }
    },
    {
        "pk": 2,
        "model": "pollster.virtualoptiontype",
        "fields": {
            "js_class": "wok.pollster.virtualoptions.NumericRange",
            "question_data_type": 2,
            "title": "Range"
        }
    },
    {
        "pk": 3,
        "model": "pollster.virtualoptiontype",
        "fields": {
            "js_class": "wok.pollster.virtualoptions.DateRange",
            "question_data_type": 3,
            "title": "Range"
        }
    },
    {
        "pk": 4,
        "model": "pollster.virtualoptiontype",
        "fields": {
            "js_class": "wok.pollster.virtualoptions.DateYearsAgo",
            "question_data_type": 3,
            "title": "Years ago"
        }
    },
    {
        "pk": 5,
        "model": "pollster.virtualoptiontype",
        "fields": {
            "js_class": "wok.pollster.virtualoptions.YearMonthYearsAgo",
            "question_data_type": 4,
            "title": "Years ago"
        }
    },
    {
        "pk": 6,
        "model": "pollster.virtualoptiontype",
        "fields": {
            "js_class": "wok.pollster.virtualoptions.TimestampWeeksAgo",
            "question_data_type": 5,
            "title": "Weeks ago"
        }
    },
    {
        "pk": 7,
        "model": "pollster.virtualoptiontype",
        "fields": {
            "js_class": "wok.pollster.virtualoptions.RegularExpression",
            "question_data_type": 1,
            "title": "Regular expression"
        }
    },
    {
        "pk": 1,
        "model": "pollster.question",
        "fields": {
            "ordinal": 0,
            "regex": "",
            "data_name": "timestamp",
            "is_mandatory": false,
            "description": "",
            "data_type": 5,
            "title": "Compilation Date",
            "open_option_data_type": null,
            "visual": "",
            "survey": 1,
            "error_message": "",
            "starts_hidden": false,
            "type": "builtin",
            "tags": ""
        }
    },
    {
        "pk": 2,
        "model": "pollster.question",
        "fields": {
            "ordinal": 2,
            "regex": "",
            "data_name": "intake",
            "is_mandatory": false,
            "description": "This is the dummy for 'intake'",
            "data_type": 1,
            "title": "Intake: dummy",
            "open_option_data_type": null,
            "visual": "",
            "survey": 1,
            "error_message": "",
            "starts_hidden": false,
            "type": "text",
            "tags": ""
        }
    },
    {
        "pk": 3,
        "model": "pollster.question",
        "fields": {
            "ordinal": 0,
            "regex": "",
            "data_name": "timestamp",
            "is_mandatory": false,
            "description": "",
            "data_type": 5,
            "title": "Compilation Date",
            "open_option_data_type": null,
            "visual": "",
            "survey": 2,
            "error_message": "",
            "starts_hidden": false,
            "type": "builtin",
            "tags": ""
        }
    },
    {
        "pk": 4,
        "model": "pollster.question",
        "fields": {
            "ordinal": 2,
            "regex": "",
            "data_name": "weekly",
            "is_mandatory": false,
            "description": "",
            "data_type": 1,
            "title": "Weekly: dummy",
            "open_option_data_type": null,
            "visual": "",
            "survey": 2,
            "error_message": "",
            "starts_hidden": false,
            "type": "text",
            "tags": ""
        }
    },
    {
        "pk": 1,
        "model": "pollster.charttype",
        "fields": {
            "shortname": "google-charts",
            "description": "Google Chart"
        }
    },
    {
        "pk": 2,
        "model": "pollster.charttype",
        "fields": {
            "shortname": "google-fusion-map",
            "description": "Google Fusion Map"
        }
    },
    {
        "pk": 3,
        "model": "pollster.charttype",
        "fields": {
            "shortname": "google-map-centered",
            "description": "Google Map (centered on user)"
        }
    },
    {
        "pk": 22,
        "model": "auth.permission",
        "fields": {
            "codename": "add_logentry",
            "name": "Can add log entry",
            "content_type": 8
        }
    },
    {
        "pk": 23,
        "model": "auth.permission",
        "fields": {
            "codename": "change_logentry",
            "name": "Can change log entry",
            "content_type": 8
        }
    },
    {
        "pk": 24,
        "model": "auth.permission",
        "fields": {
            "codename": "delete_logentry",
            "name": "Can delete log entry",
            "content_type": 8
        }
    },
    {
        "pk": 4,
        "model": "auth.permission",
        "fields": {
            "codename": "add_group",
            "name": "Can add group",
            "content_type": 2
        }
    },
    {
        "pk": 5,
        "model": "auth.permission",
        "fields": {
            "codename": "change_group",
            "name": "Can change group",
            "content_type": 2
        }
    },
    {
        "pk": 6,
        "model": "auth.permission",
        "fields": {
            "codename": "delete_group",
            "name": "Can delete group",
            "content_type": 2
        }
    },
    {
        "pk": 10,
        "model": "auth.permission",
        "fields": {
            "codename": "add_message",
            "name": "Can add message",
            "content_type": 4
        }
    },
    {
        "pk": 11,
        "model": "auth.permission",
        "fields": {
            "codename": "change_message",
            "name": "Can change message",
            "content_type": 4
        }
    },
    {
        "pk": 12,
        "model": "auth.permission",
        "fields": {
            "codename": "delete_message",
            "name": "Can delete message",
            "content_type": 4
        }
    },
    {
        "pk": 1,
        "model": "auth.permission",
        "fields": {
            "codename": "add_permission",
            "name": "Can add permission",
            "content_type": 1
        }
    },
    {
        "pk": 2,
        "model": "auth.permission",
        "fields": {
            "codename": "change_permission",
            "name": "Can change permission",
            "content_type": 1
        }
    },
    {
        "pk": 3,
        "model": "auth.permission",
        "fields": {
            "codename": "delete_permission",
            "name": "Can delete permission",
            "content_type": 1
        }
    },
    {
        "pk": 7,
        "model": "auth.permission",
        "fields": {
            "codename": "add_user",
            "name": "Can add user",
            "content_type": 3
        }
    },
    {
        "pk": 8,
        "model": "auth.permission",
        "fields": {
            "codename": "change_user",
            "name": "Can change user",
            "content_type": 3
        }
    },
    {
        "pk": 9,
        "model": "auth.permission",
        "fields": {
            "codename": "delete_user",
            "name": "Can delete user",
            "content_type": 3
        }
    },
    {
        "pk": 52,
        "model": "auth.permission",
        "fields": {
            "codename": "add_category",
            "name": "Can add category",
            "content_type": 18
        }
    },
    {
        "pk": 53,
        "model": "auth.permission",
        "fields": {
            "codename": "change_category",
            "name": "Can change category",
            "content_type": 18
        }
    },
    {
        "pk": 54,
        "model": "auth.permission",
        "fields": {
            "codename": "delete_category",
            "name": "Can delete category",
            "content_type": 18
        }
    },
    {
        "pk": 55,
        "model": "auth.permission",
        "fields": {
            "codename": "add_image",
            "name": "Can add image",
            "content_type": 19
        }
    },
    {
        "pk": 56,
        "model": "auth.permission",
        "fields": {
            "codename": "change_image",
            "name": "Can change image",
            "content_type": 19
        }
    },
    {
        "pk": 57,
        "model": "auth.permission",
        "fields": {
            "codename": "delete_image",
            "name": "Can delete image",
            "content_type": 19
        }
    },
    {
        "pk": 112,
        "model": "auth.permission",
        "fields": {
            "codename": "add_cmsplugin",
            "name": "Can add cms plugin",
            "content_type": 38
        }
    },
    {
        "pk": 113,
        "model": "auth.permission",
        "fields": {
            "codename": "change_cmsplugin",
            "name": "Can change cms plugin",
            "content_type": 38
        }
    },
    {
        "pk": 114,
        "model": "auth.permission",
        "fields": {
            "codename": "delete_cmsplugin",
            "name": "Can delete cms plugin",
            "content_type": 38
        }
    },
    {
        "pk": 100,
        "model": "auth.permission",
        "fields": {
            "codename": "add_globalpagepermission",
            "name": "Can add Page global permission",
            "content_type": 34
        }
    },
    {
        "pk": 101,
        "model": "auth.permission",
        "fields": {
            "codename": "change_globalpagepermission",
            "name": "Can change Page global permission",
            "content_type": 34
        }
    },
    {
        "pk": 102,
        "model": "auth.permission",
        "fields": {
            "codename": "delete_globalpagepermission",
            "name": "Can delete Page global permission",
            "content_type": 34
        }
    },
    {
        "pk": 91,
        "model": "auth.permission",
        "fields": {
            "codename": "add_page",
            "name": "Can add page",
            "content_type": 31
        }
    },
    {
        "pk": 92,
        "model": "auth.permission",
        "fields": {
            "codename": "change_page",
            "name": "Can change page",
            "content_type": 31
        }
    },
    {
        "pk": 93,
        "model": "auth.permission",
        "fields": {
            "codename": "delete_page",
            "name": "Can delete page",
            "content_type": 31
        }
    },
    {
        "pk": 94,
        "model": "auth.permission",
        "fields": {
            "codename": "add_pagemoderator",
            "name": "Can add PageModerator",
            "content_type": 32
        }
    },
    {
        "pk": 95,
        "model": "auth.permission",
        "fields": {
            "codename": "change_pagemoderator",
            "name": "Can change PageModerator",
            "content_type": 32
        }
    },
    {
        "pk": 96,
        "model": "auth.permission",
        "fields": {
            "codename": "delete_pagemoderator",
            "name": "Can delete PageModerator",
            "content_type": 32
        }
    },
    {
        "pk": 97,
        "model": "auth.permission",
        "fields": {
            "codename": "add_pagemoderatorstate",
            "name": "Can add Page moderator state",
            "content_type": 33
        }
    },
    {
        "pk": 98,
        "model": "auth.permission",
        "fields": {
            "codename": "change_pagemoderatorstate",
            "name": "Can change Page moderator state",
            "content_type": 33
        }
    },
    {
        "pk": 99,
        "model": "auth.permission",
        "fields": {
            "codename": "delete_pagemoderatorstate",
            "name": "Can delete Page moderator state",
            "content_type": 33
        }
    },
    {
        "pk": 103,
        "model": "auth.permission",
        "fields": {
            "codename": "add_pagepermission",
            "name": "Can add Page permission",
            "content_type": 35
        }
    },
    {
        "pk": 104,
        "model": "auth.permission",
        "fields": {
            "codename": "change_pagepermission",
            "name": "Can change Page permission",
            "content_type": 35
        }
    },
    {
        "pk": 105,
        "model": "auth.permission",
        "fields": {
            "codename": "delete_pagepermission",
            "name": "Can delete Page permission",
            "content_type": 35
        }
    },
    {
        "pk": 106,
        "model": "auth.permission",
        "fields": {
            "codename": "add_pageuser",
            "name": "Can add User (page)",
            "content_type": 36
        }
    },
    {
        "pk": 107,
        "model": "auth.permission",
        "fields": {
            "codename": "change_pageuser",
            "name": "Can change User (page)",
            "content_type": 36
        }
    },
    {
        "pk": 108,
        "model": "auth.permission",
        "fields": {
            "codename": "delete_pageuser",
            "name": "Can delete User (page)",
            "content_type": 36
        }
    },
    {
        "pk": 109,
        "model": "auth.permission",
        "fields": {
            "codename": "add_pageusergroup",
            "name": "Can add User group (page)",
            "content_type": 37
        }
    },
    {
        "pk": 110,
        "model": "auth.permission",
        "fields": {
            "codename": "change_pageusergroup",
            "name": "Can change User group (page)",
            "content_type": 37
        }
    },
    {
        "pk": 111,
        "model": "auth.permission",
        "fields": {
            "codename": "delete_pageusergroup",
            "name": "Can delete User group (page)",
            "content_type": 37
        }
    },
    {
        "pk": 136,
        "model": "auth.permission",
        "fields": {
            "codename": "add_placeholder",
            "name": "Can add placeholder",
            "content_type": 46
        }
    },
    {
        "pk": 137,
        "model": "auth.permission",
        "fields": {
            "codename": "change_placeholder",
            "name": "Can change placeholder",
            "content_type": 46
        }
    },
    {
        "pk": 138,
        "model": "auth.permission",
        "fields": {
            "codename": "delete_placeholder",
            "name": "Can delete placeholder",
            "content_type": 46
        }
    },
    {
        "pk": 115,
        "model": "auth.permission",
        "fields": {
            "codename": "add_title",
            "name": "Can add title",
            "content_type": 39
        }
    },
    {
        "pk": 116,
        "model": "auth.permission",
        "fields": {
            "codename": "change_title",
            "name": "Can change title",
            "content_type": 39
        }
    },
    {
        "pk": 117,
        "model": "auth.permission",
        "fields": {
            "codename": "delete_title",
            "name": "Can delete title",
            "content_type": 39
        }
    },
    {
        "pk": 118,
        "model": "auth.permission",
        "fields": {
            "codename": "add_includetemplateplugin",
            "name": "Can add include template plugin",
            "content_type": 40
        }
    },
    {
        "pk": 119,
        "model": "auth.permission",
        "fields": {
            "codename": "change_includetemplateplugin",
            "name": "Can change include template plugin",
            "content_type": 40
        }
    },
    {
        "pk": 120,
        "model": "auth.permission",
        "fields": {
            "codename": "delete_includetemplateplugin",
            "name": "Can delete include template plugin",
            "content_type": 40
        }
    },
    {
        "pk": 142,
        "model": "auth.permission",
        "fields": {
            "codename": "add_feedback",
            "name": "Can add feedback",
            "content_type": 49
        }
    },
    {
        "pk": 143,
        "model": "auth.permission",
        "fields": {
            "codename": "change_feedback",
            "name": "Can change feedback",
            "content_type": 49
        }
    },
    {
        "pk": 144,
        "model": "auth.permission",
        "fields": {
            "codename": "delete_feedback",
            "name": "Can delete feedback",
            "content_type": 49
        }
    },
    {
        "pk": 13,
        "model": "auth.permission",
        "fields": {
            "codename": "add_contenttype",
            "name": "Can add content type",
            "content_type": 5
        }
    },
    {
        "pk": 14,
        "model": "auth.permission",
        "fields": {
            "codename": "change_contenttype",
            "name": "Can change content type",
            "content_type": 5
        }
    },
    {
        "pk": 15,
        "model": "auth.permission",
        "fields": {
            "codename": "delete_contenttype",
            "name": "Can delete content type",
            "content_type": 5
        }
    },
    {
        "pk": 70,
        "model": "auth.permission",
        "fields": {
            "codename": "add_file",
            "name": "Can add file",
            "content_type": 24
        }
    },
    {
        "pk": 71,
        "model": "auth.permission",
        "fields": {
            "codename": "change_file",
            "name": "Can change file",
            "content_type": 24
        }
    },
    {
        "pk": 72,
        "model": "auth.permission",
        "fields": {
            "codename": "delete_file",
            "name": "Can delete file",
            "content_type": 24
        }
    },
    {
        "pk": 79,
        "model": "auth.permission",
        "fields": {
            "codename": "add_googlemap",
            "name": "Can add google map",
            "content_type": 27
        }
    },
    {
        "pk": 80,
        "model": "auth.permission",
        "fields": {
            "codename": "change_googlemap",
            "name": "Can change google map",
            "content_type": 27
        }
    },
    {
        "pk": 81,
        "model": "auth.permission",
        "fields": {
            "codename": "delete_googlemap",
            "name": "Can delete google map",
            "content_type": 27
        }
    },
    {
        "pk": 82,
        "model": "auth.permission",
        "fields": {
            "codename": "add_category",
            "name": "Can add Category",
            "content_type": 28
        }
    },
    {
        "pk": 83,
        "model": "auth.permission",
        "fields": {
            "codename": "change_category",
            "name": "Can change Category",
            "content_type": 28
        }
    },
    {
        "pk": 84,
        "model": "auth.permission",
        "fields": {
            "codename": "delete_category",
            "name": "Can delete Category",
            "content_type": 28
        }
    },
    {
        "pk": 226,
        "model": "auth.permission",
        "fields": {
            "codename": "add_categorytranslation",
            "name": "Can add category translation",
            "content_type": 77
        }
    },
    {
        "pk": 227,
        "model": "auth.permission",
        "fields": {
            "codename": "change_categorytranslation",
            "name": "Can change category translation",
            "content_type": 77
        }
    },
    {
        "pk": 228,
        "model": "auth.permission",
        "fields": {
            "codename": "delete_categorytranslation",
            "name": "Can delete category translation",
            "content_type": 77
        }
    },
    {
        "pk": 85,
        "model": "auth.permission",
        "fields": {
            "codename": "add_entry",
            "name": "Can add Entry",
            "content_type": 29
        }
    },
    {
        "pk": 86,
        "model": "auth.permission",
        "fields": {
            "codename": "change_entry",
            "name": "Can change Entry",
            "content_type": 29
        }
    },
    {
        "pk": 87,
        "model": "auth.permission",
        "fields": {
            "codename": "delete_entry",
            "name": "Can delete Entry",
            "content_type": 29
        }
    },
    {
        "pk": 229,
        "model": "auth.permission",
        "fields": {
            "codename": "add_entrytranslation",
            "name": "Can add entry translation",
            "content_type": 78
        }
    },
    {
        "pk": 230,
        "model": "auth.permission",
        "fields": {
            "codename": "change_entrytranslation",
            "name": "Can change entry translation",
            "content_type": 78
        }
    },
    {
        "pk": 231,
        "model": "auth.permission",
        "fields": {
            "codename": "delete_entrytranslation",
            "name": "Can delete entry translation",
            "content_type": 78
        }
    },
    {
        "pk": 88,
        "model": "auth.permission",
        "fields": {
            "codename": "add_latestentryplugin",
            "name": "Can add latest entry plugin",
            "content_type": 30
        }
    },
    {
        "pk": 89,
        "model": "auth.permission",
        "fields": {
            "codename": "change_latestentryplugin",
            "name": "Can change latest entry plugin",
            "content_type": 30
        }
    },
    {
        "pk": 90,
        "model": "auth.permission",
        "fields": {
            "codename": "delete_latestentryplugin",
            "name": "Can delete latest entry plugin",
            "content_type": 30
        }
    },
    {
        "pk": 67,
        "model": "auth.permission",
        "fields": {
            "codename": "add_link",
            "name": "Can add link",
            "content_type": 23
        }
    },
    {
        "pk": 68,
        "model": "auth.permission",
        "fields": {
            "codename": "change_link",
            "name": "Can change link",
            "content_type": 23
        }
    },
    {
        "pk": 69,
        "model": "auth.permission",
        "fields": {
            "codename": "delete_link",
            "name": "Can delete link",
            "content_type": 23
        }
    },
    {
        "pk": 28,
        "model": "auth.permission",
        "fields": {
            "codename": "add_key",
            "name": "Can add key",
            "content_type": 10
        }
    },
    {
        "pk": 29,
        "model": "auth.permission",
        "fields": {
            "codename": "change_key",
            "name": "Can change key",
            "content_type": 10
        }
    },
    {
        "pk": 30,
        "model": "auth.permission",
        "fields": {
            "codename": "delete_key",
            "name": "Can delete key",
            "content_type": 10
        }
    },
    {
        "pk": 139,
        "model": "auth.permission",
        "fields": {
            "codename": "add_cachekey",
            "name": "Can add cache key",
            "content_type": 47
        }
    },
    {
        "pk": 140,
        "model": "auth.permission",
        "fields": {
            "codename": "change_cachekey",
            "name": "Can change cache key",
            "content_type": 47
        }
    },
    {
        "pk": 141,
        "model": "auth.permission",
        "fields": {
            "codename": "delete_cachekey",
            "name": "Can delete cache key",
            "content_type": 47
        }
    },
    {
        "pk": 145,
        "model": "auth.permission",
        "fields": {
            "codename": "add_sitesettings",
            "name": "Can add Site settings",
            "content_type": 50
        }
    },
    {
        "pk": 146,
        "model": "auth.permission",
        "fields": {
            "codename": "change_sitesettings",
            "name": "Can change Site settings",
            "content_type": 50
        }
    },
    {
        "pk": 147,
        "model": "auth.permission",
        "fields": {
            "codename": "delete_sitesettings",
            "name": "Can delete Site settings",
            "content_type": 50
        }
    },
    {
        "pk": 64,
        "model": "auth.permission",
        "fields": {
            "codename": "add_picture",
            "name": "Can add picture",
            "content_type": 22
        }
    },
    {
        "pk": 65,
        "model": "auth.permission",
        "fields": {
            "codename": "change_picture",
            "name": "Can change picture",
            "content_type": 22
        }
    },
    {
        "pk": 66,
        "model": "auth.permission",
        "fields": {
            "codename": "delete_picture",
            "name": "Can delete picture",
            "content_type": 22
        }
    },
    {
        "pk": 220,
        "model": "auth.permission",
        "fields": {
            "codename": "add_chart",
            "name": "Can add chart",
            "content_type": 75
        }
    },
    {
        "pk": 221,
        "model": "auth.permission",
        "fields": {
            "codename": "change_chart",
            "name": "Can change chart",
            "content_type": 75
        }
    },
    {
        "pk": 222,
        "model": "auth.permission",
        "fields": {
            "codename": "delete_chart",
            "name": "Can delete chart",
            "content_type": 75
        }
    },
    {
        "pk": 217,
        "model": "auth.permission",
        "fields": {
            "codename": "add_charttype",
            "name": "Can add chart type",
            "content_type": 74
        }
    },
    {
        "pk": 218,
        "model": "auth.permission",
        "fields": {
            "codename": "change_charttype",
            "name": "Can change chart type",
            "content_type": 74
        }
    },
    {
        "pk": 219,
        "model": "auth.permission",
        "fields": {
            "codename": "delete_charttype",
            "name": "Can delete chart type",
            "content_type": 74
        }
    },
    {
        "pk": 169,
        "model": "auth.permission",
        "fields": {
            "codename": "add_option",
            "name": "Can add option",
            "content_type": 58
        }
    },
    {
        "pk": 170,
        "model": "auth.permission",
        "fields": {
            "codename": "change_option",
            "name": "Can change option",
            "content_type": 58
        }
    },
    {
        "pk": 171,
        "model": "auth.permission",
        "fields": {
            "codename": "delete_option",
            "name": "Can delete option",
            "content_type": 58
        }
    },
    {
        "pk": 160,
        "model": "auth.permission",
        "fields": {
            "codename": "add_question",
            "name": "Can add question",
            "content_type": 55
        }
    },
    {
        "pk": 161,
        "model": "auth.permission",
        "fields": {
            "codename": "change_question",
            "name": "Can change question",
            "content_type": 55
        }
    },
    {
        "pk": 162,
        "model": "auth.permission",
        "fields": {
            "codename": "delete_question",
            "name": "Can delete question",
            "content_type": 55
        }
    },
    {
        "pk": 166,
        "model": "auth.permission",
        "fields": {
            "codename": "add_questioncolumn",
            "name": "Can add question column",
            "content_type": 57
        }
    },
    {
        "pk": 167,
        "model": "auth.permission",
        "fields": {
            "codename": "change_questioncolumn",
            "name": "Can change question column",
            "content_type": 57
        }
    },
    {
        "pk": 168,
        "model": "auth.permission",
        "fields": {
            "codename": "delete_questioncolumn",
            "name": "Can delete question column",
            "content_type": 57
        }
    },
    {
        "pk": 154,
        "model": "auth.permission",
        "fields": {
            "codename": "add_questiondatatype",
            "name": "Can add question data type",
            "content_type": 53
        }
    },
    {
        "pk": 155,
        "model": "auth.permission",
        "fields": {
            "codename": "change_questiondatatype",
            "name": "Can change question data type",
            "content_type": 53
        }
    },
    {
        "pk": 156,
        "model": "auth.permission",
        "fields": {
            "codename": "delete_questiondatatype",
            "name": "Can delete question data type",
            "content_type": 53
        }
    },
    {
        "pk": 163,
        "model": "auth.permission",
        "fields": {
            "codename": "add_questionrow",
            "name": "Can add question row",
            "content_type": 56
        }
    },
    {
        "pk": 164,
        "model": "auth.permission",
        "fields": {
            "codename": "change_questionrow",
            "name": "Can change question row",
            "content_type": 56
        }
    },
    {
        "pk": 165,
        "model": "auth.permission",
        "fields": {
            "codename": "delete_questionrow",
            "name": "Can delete question row",
            "content_type": 56
        }
    },
    {
        "pk": 172,
        "model": "auth.permission",
        "fields": {
            "codename": "add_rule",
            "name": "Can add rule",
            "content_type": 59
        }
    },
    {
        "pk": 173,
        "model": "auth.permission",
        "fields": {
            "codename": "change_rule",
            "name": "Can change rule",
            "content_type": 59
        }
    },
    {
        "pk": 174,
        "model": "auth.permission",
        "fields": {
            "codename": "delete_rule",
            "name": "Can delete rule",
            "content_type": 59
        }
    },
    {
        "pk": 151,
        "model": "auth.permission",
        "fields": {
            "codename": "add_ruletype",
            "name": "Can add rule type",
            "content_type": 52
        }
    },
    {
        "pk": 152,
        "model": "auth.permission",
        "fields": {
            "codename": "change_ruletype",
            "name": "Can change rule type",
            "content_type": 52
        }
    },
    {
        "pk": 153,
        "model": "auth.permission",
        "fields": {
            "codename": "delete_ruletype",
            "name": "Can delete rule type",
            "content_type": 52
        }
    },
    {
        "pk": 148,
        "model": "auth.permission",
        "fields": {
            "codename": "add_survey",
            "name": "Can add survey",
            "content_type": 51
        }
    },
    {
        "pk": 149,
        "model": "auth.permission",
        "fields": {
            "codename": "change_survey",
            "name": "Can change survey",
            "content_type": 51
        }
    },
    {
        "pk": 150,
        "model": "auth.permission",
        "fields": {
            "codename": "delete_survey",
            "name": "Can delete survey",
            "content_type": 51
        }
    },
    {
        "pk": 223,
        "model": "auth.permission",
        "fields": {
            "codename": "add_surveychartplugin",
            "name": "Can add survey chart plugin",
            "content_type": 76
        }
    },
    {
        "pk": 224,
        "model": "auth.permission",
        "fields": {
            "codename": "change_surveychartplugin",
            "name": "Can change survey chart plugin",
            "content_type": 76
        }
    },
    {
        "pk": 225,
        "model": "auth.permission",
        "fields": {
            "codename": "delete_surveychartplugin",
            "name": "Can delete survey chart plugin",
            "content_type": 76
        }
    },
    {
        "pk": 187,
        "model": "auth.permission",
        "fields": {
            "codename": "add_translationoption",
            "name": "Can add translation option",
            "content_type": 64
        }
    },
    {
        "pk": 188,
        "model": "auth.permission",
        "fields": {
            "codename": "change_translationoption",
            "name": "Can change translation option",
            "content_type": 64
        }
    },
    {
        "pk": 189,
        "model": "auth.permission",
        "fields": {
            "codename": "delete_translationoption",
            "name": "Can delete translation option",
            "content_type": 64
        }
    },
    {
        "pk": 178,
        "model": "auth.permission",
        "fields": {
            "codename": "add_translationquestion",
            "name": "Can add translation question",
            "content_type": 61
        }
    },
    {
        "pk": 179,
        "model": "auth.permission",
        "fields": {
            "codename": "change_translationquestion",
            "name": "Can change translation question",
            "content_type": 61
        }
    },
    {
        "pk": 180,
        "model": "auth.permission",
        "fields": {
            "codename": "delete_translationquestion",
            "name": "Can delete translation question",
            "content_type": 61
        }
    },
    {
        "pk": 184,
        "model": "auth.permission",
        "fields": {
            "codename": "add_translationquestioncolumn",
            "name": "Can add translation question column",
            "content_type": 63
        }
    },
    {
        "pk": 185,
        "model": "auth.permission",
        "fields": {
            "codename": "change_translationquestioncolumn",
            "name": "Can change translation question column",
            "content_type": 63
        }
    },
    {
        "pk": 186,
        "model": "auth.permission",
        "fields": {
            "codename": "delete_translationquestioncolumn",
            "name": "Can delete translation question column",
            "content_type": 63
        }
    },
    {
        "pk": 181,
        "model": "auth.permission",
        "fields": {
            "codename": "add_translationquestionrow",
            "name": "Can add translation question row",
            "content_type": 62
        }
    },
    {
        "pk": 182,
        "model": "auth.permission",
        "fields": {
            "codename": "change_translationquestionrow",
            "name": "Can change translation question row",
            "content_type": 62
        }
    },
    {
        "pk": 183,
        "model": "auth.permission",
        "fields": {
            "codename": "delete_translationquestionrow",
            "name": "Can delete translation question row",
            "content_type": 62
        }
    },
    {
        "pk": 175,
        "model": "auth.permission",
        "fields": {
            "codename": "add_translationsurvey",
            "name": "Can add translation survey",
            "content_type": 60
        }
    },
    {
        "pk": 176,
        "model": "auth.permission",
        "fields": {
            "codename": "change_translationsurvey",
            "name": "Can change translation survey",
            "content_type": 60
        }
    },
    {
        "pk": 177,
        "model": "auth.permission",
        "fields": {
            "codename": "delete_translationsurvey",
            "name": "Can delete translation survey",
            "content_type": 60
        }
    },
    {
        "pk": 157,
        "model": "auth.permission",
        "fields": {
            "codename": "add_virtualoptiontype",
            "name": "Can add virtual option type",
            "content_type": 54
        }
    },
    {
        "pk": 158,
        "model": "auth.permission",
        "fields": {
            "codename": "change_virtualoptiontype",
            "name": "Can change virtual option type",
            "content_type": 54
        }
    },
    {
        "pk": 159,
        "model": "auth.permission",
        "fields": {
            "codename": "delete_virtualoptiontype",
            "name": "Can delete virtual option type",
            "content_type": 54
        }
    },
    {
        "pk": 25,
        "model": "auth.permission",
        "fields": {
            "codename": "add_registrationprofile",
            "name": "Can add registration profile",
            "content_type": 9
        }
    },
    {
        "pk": 26,
        "model": "auth.permission",
        "fields": {
            "codename": "change_registrationprofile",
            "name": "Can change registration profile",
            "content_type": 9
        }
    },
    {
        "pk": 27,
        "model": "auth.permission",
        "fields": {
            "codename": "delete_registrationprofile",
            "name": "Can delete registration profile",
            "content_type": 9
        }
    },
    {
        "pk": 211,
        "model": "auth.permission",
        "fields": {
            "codename": "add_newsletter",
            "name": "Can add news letter",
            "content_type": 72
        }
    },
    {
        "pk": 212,
        "model": "auth.permission",
        "fields": {
            "codename": "change_newsletter",
            "name": "Can change news letter",
            "content_type": 72
        }
    },
    {
        "pk": 213,
        "model": "auth.permission",
        "fields": {
            "codename": "delete_newsletter",
            "name": "Can delete news letter",
            "content_type": 72
        }
    },
    {
        "pk": 205,
        "model": "auth.permission",
        "fields": {
            "codename": "add_newslettertemplate",
            "name": "Can add news letter template",
            "content_type": 70
        }
    },
    {
        "pk": 206,
        "model": "auth.permission",
        "fields": {
            "codename": "change_newslettertemplate",
            "name": "Can change news letter template",
            "content_type": 70
        }
    },
    {
        "pk": 207,
        "model": "auth.permission",
        "fields": {
            "codename": "delete_newslettertemplate",
            "name": "Can delete news letter template",
            "content_type": 70
        }
    },
    {
        "pk": 202,
        "model": "auth.permission",
        "fields": {
            "codename": "add_newslettertemplatetranslation",
            "name": "Can add news letter template translation",
            "content_type": 69
        }
    },
    {
        "pk": 203,
        "model": "auth.permission",
        "fields": {
            "codename": "change_newslettertemplatetranslation",
            "name": "Can change news letter template translation",
            "content_type": 69
        }
    },
    {
        "pk": 204,
        "model": "auth.permission",
        "fields": {
            "codename": "delete_newslettertemplatetranslation",
            "name": "Can delete news letter template translation",
            "content_type": 69
        }
    },
    {
        "pk": 208,
        "model": "auth.permission",
        "fields": {
            "codename": "add_newslettertranslation",
            "name": "Can add news letter translation",
            "content_type": 71
        }
    },
    {
        "pk": 209,
        "model": "auth.permission",
        "fields": {
            "codename": "change_newslettertranslation",
            "name": "Can change news letter translation",
            "content_type": 71
        }
    },
    {
        "pk": 210,
        "model": "auth.permission",
        "fields": {
            "codename": "delete_newslettertranslation",
            "name": "Can delete news letter translation",
            "content_type": 71
        }
    },
    {
        "pk": 214,
        "model": "auth.permission",
        "fields": {
            "codename": "add_remindererror",
            "name": "Can add reminder error",
            "content_type": 73
        }
    },
    {
        "pk": 215,
        "model": "auth.permission",
        "fields": {
            "codename": "change_remindererror",
            "name": "Can change reminder error",
            "content_type": 73
        }
    },
    {
        "pk": 216,
        "model": "auth.permission",
        "fields": {
            "codename": "delete_remindererror",
            "name": "Can delete reminder error",
            "content_type": 73
        }
    },
    {
        "pk": 199,
        "model": "auth.permission",
        "fields": {
            "codename": "add_remindersettings",
            "name": "Can add reminder settings",
            "content_type": 68
        }
    },
    {
        "pk": 200,
        "model": "auth.permission",
        "fields": {
            "codename": "change_remindersettings",
            "name": "Can change reminder settings",
            "content_type": 68
        }
    },
    {
        "pk": 201,
        "model": "auth.permission",
        "fields": {
            "codename": "delete_remindersettings",
            "name": "Can delete reminder settings",
            "content_type": 68
        }
    },
    {
        "pk": 196,
        "model": "auth.permission",
        "fields": {
            "codename": "add_userreminderinfo",
            "name": "Can add user reminder info",
            "content_type": 67
        }
    },
    {
        "pk": 197,
        "model": "auth.permission",
        "fields": {
            "codename": "change_userreminderinfo",
            "name": "Can change user reminder info",
            "content_type": 67
        }
    },
    {
        "pk": 198,
        "model": "auth.permission",
        "fields": {
            "codename": "delete_userreminderinfo",
            "name": "Can delete user reminder info",
            "content_type": 67
        }
    },
    {
        "pk": 16,
        "model": "auth.permission",
        "fields": {
            "codename": "add_session",
            "name": "Can add session",
            "content_type": 6
        }
    },
    {
        "pk": 17,
        "model": "auth.permission",
        "fields": {
            "codename": "change_session",
            "name": "Can change session",
            "content_type": 6
        }
    },
    {
        "pk": 18,
        "model": "auth.permission",
        "fields": {
            "codename": "delete_session",
            "name": "Can delete session",
            "content_type": 6
        }
    },
    {
        "pk": 19,
        "model": "auth.permission",
        "fields": {
            "codename": "add_site",
            "name": "Can add site",
            "content_type": 7
        }
    },
    {
        "pk": 20,
        "model": "auth.permission",
        "fields": {
            "codename": "change_site",
            "name": "Can change site",
            "content_type": 7
        }
    },
    {
        "pk": 21,
        "model": "auth.permission",
        "fields": {
            "codename": "delete_site",
            "name": "Can delete site",
            "content_type": 7
        }
    },
    {
        "pk": 73,
        "model": "auth.permission",
        "fields": {
            "codename": "add_snippet",
            "name": "Can add Snippet",
            "content_type": 25
        }
    },
    {
        "pk": 74,
        "model": "auth.permission",
        "fields": {
            "codename": "change_snippet",
            "name": "Can change Snippet",
            "content_type": 25
        }
    },
    {
        "pk": 75,
        "model": "auth.permission",
        "fields": {
            "codename": "delete_snippet",
            "name": "Can delete Snippet",
            "content_type": 25
        }
    },
    {
        "pk": 76,
        "model": "auth.permission",
        "fields": {
            "codename": "add_snippetptr",
            "name": "Can add Snippet",
            "content_type": 26
        }
    },
    {
        "pk": 77,
        "model": "auth.permission",
        "fields": {
            "codename": "change_snippetptr",
            "name": "Can change Snippet",
            "content_type": 26
        }
    },
    {
        "pk": 78,
        "model": "auth.permission",
        "fields": {
            "codename": "delete_snippetptr",
            "name": "Can delete Snippet",
            "content_type": 26
        }
    },
    {
        "pk": 133,
        "model": "auth.permission",
        "fields": {
            "codename": "add_migrationhistory",
            "name": "Can add migration history",
            "content_type": 45
        }
    },
    {
        "pk": 134,
        "model": "auth.permission",
        "fields": {
            "codename": "change_migrationhistory",
            "name": "Can change migration history",
            "content_type": 45
        }
    },
    {
        "pk": 135,
        "model": "auth.permission",
        "fields": {
            "codename": "delete_migrationhistory",
            "name": "Can delete migration history",
            "content_type": 45
        }
    },
    {
        "pk": 130,
        "model": "auth.permission",
        "fields": {
            "codename": "add_extraresponse",
            "name": "Can add extra response",
            "content_type": 44
        }
    },
    {
        "pk": 131,
        "model": "auth.permission",
        "fields": {
            "codename": "change_extraresponse",
            "name": "Can change extra response",
            "content_type": 44
        }
    },
    {
        "pk": 132,
        "model": "auth.permission",
        "fields": {
            "codename": "delete_extraresponse",
            "name": "Can delete extra response",
            "content_type": 44
        }
    },
    {
        "pk": 121,
        "model": "auth.permission",
        "fields": {
            "codename": "add_lastresponse",
            "name": "Can add last response",
            "content_type": 41
        }
    },
    {
        "pk": 122,
        "model": "auth.permission",
        "fields": {
            "codename": "change_lastresponse",
            "name": "Can change last response",
            "content_type": 41
        }
    },
    {
        "pk": 123,
        "model": "auth.permission",
        "fields": {
            "codename": "delete_lastresponse",
            "name": "Can delete last response",
            "content_type": 41
        }
    },
    {
        "pk": 193,
        "model": "auth.permission",
        "fields": {
            "codename": "add_localflusurvey",
            "name": "Can add local flu survey",
            "content_type": 66
        }
    },
    {
        "pk": 194,
        "model": "auth.permission",
        "fields": {
            "codename": "change_localflusurvey",
            "name": "Can change local flu survey",
            "content_type": 66
        }
    },
    {
        "pk": 195,
        "model": "auth.permission",
        "fields": {
            "codename": "delete_localflusurvey",
            "name": "Can delete local flu survey",
            "content_type": 66
        }
    },
    {
        "pk": 190,
        "model": "auth.permission",
        "fields": {
            "codename": "add_localprofile",
            "name": "Can add local profile",
            "content_type": 65
        }
    },
    {
        "pk": 191,
        "model": "auth.permission",
        "fields": {
            "codename": "change_localprofile",
            "name": "Can change local profile",
            "content_type": 65
        }
    },
    {
        "pk": 192,
        "model": "auth.permission",
        "fields": {
            "codename": "delete_localprofile",
            "name": "Can delete local profile",
            "content_type": 65
        }
    },
    {
        "pk": 124,
        "model": "auth.permission",
        "fields": {
            "codename": "add_localresponse",
            "name": "Can add local response",
            "content_type": 42
        }
    },
    {
        "pk": 125,
        "model": "auth.permission",
        "fields": {
            "codename": "change_localresponse",
            "name": "Can change local response",
            "content_type": 42
        }
    },
    {
        "pk": 126,
        "model": "auth.permission",
        "fields": {
            "codename": "delete_localresponse",
            "name": "Can delete local response",
            "content_type": 42
        }
    },
    {
        "pk": 34,
        "model": "auth.permission",
        "fields": {
            "codename": "add_participation",
            "name": "Can add participation",
            "content_type": 12
        }
    },
    {
        "pk": 35,
        "model": "auth.permission",
        "fields": {
            "codename": "change_participation",
            "name": "Can change participation",
            "content_type": 12
        }
    },
    {
        "pk": 36,
        "model": "auth.permission",
        "fields": {
            "codename": "delete_participation",
            "name": "Can delete participation",
            "content_type": 12
        }
    },
    {
        "pk": 46,
        "model": "auth.permission",
        "fields": {
            "codename": "add_profile",
            "name": "Can add profile",
            "content_type": 16
        }
    },
    {
        "pk": 47,
        "model": "auth.permission",
        "fields": {
            "codename": "change_profile",
            "name": "Can change profile",
            "content_type": 16
        }
    },
    {
        "pk": 48,
        "model": "auth.permission",
        "fields": {
            "codename": "delete_profile",
            "name": "Can delete profile",
            "content_type": 16
        }
    },
    {
        "pk": 40,
        "model": "auth.permission",
        "fields": {
            "codename": "add_profilesendqueue",
            "name": "Can add profile send queue",
            "content_type": 14
        }
    },
    {
        "pk": 41,
        "model": "auth.permission",
        "fields": {
            "codename": "change_profilesendqueue",
            "name": "Can change profile send queue",
            "content_type": 14
        }
    },
    {
        "pk": 42,
        "model": "auth.permission",
        "fields": {
            "codename": "delete_profilesendqueue",
            "name": "Can delete profile send queue",
            "content_type": 14
        }
    },
    {
        "pk": 37,
        "model": "auth.permission",
        "fields": {
            "codename": "add_responsesendqueue",
            "name": "Can add response send queue",
            "content_type": 13
        }
    },
    {
        "pk": 38,
        "model": "auth.permission",
        "fields": {
            "codename": "change_responsesendqueue",
            "name": "Can change response send queue",
            "content_type": 13
        }
    },
    {
        "pk": 39,
        "model": "auth.permission",
        "fields": {
            "codename": "delete_responsesendqueue",
            "name": "Can delete response send queue",
            "content_type": 13
        }
    },
    {
        "pk": 31,
        "model": "auth.permission",
        "fields": {
            "codename": "add_survey",
            "name": "Can add survey",
            "content_type": 11
        }
    },
    {
        "pk": 32,
        "model": "auth.permission",
        "fields": {
            "codename": "change_survey",
            "name": "Can change survey",
            "content_type": 11
        }
    },
    {
        "pk": 33,
        "model": "auth.permission",
        "fields": {
            "codename": "delete_survey",
            "name": "Can delete survey",
            "content_type": 11
        }
    },
    {
        "pk": 43,
        "model": "auth.permission",
        "fields": {
            "codename": "add_surveyuser",
            "name": "Can add survey user",
            "content_type": 15
        }
    },
    {
        "pk": 44,
        "model": "auth.permission",
        "fields": {
            "codename": "change_surveyuser",
            "name": "Can change survey user",
            "content_type": 15
        }
    },
    {
        "pk": 45,
        "model": "auth.permission",
        "fields": {
            "codename": "delete_surveyuser",
            "name": "Can delete survey user",
            "content_type": 15
        }
    },
    {
        "pk": 61,
        "model": "auth.permission",
        "fields": {
            "codename": "add_text",
            "name": "Can add text",
            "content_type": 21
        }
    },
    {
        "pk": 62,
        "model": "auth.permission",
        "fields": {
            "codename": "change_text",
            "name": "Can change text",
            "content_type": 21
        }
    },
    {
        "pk": 63,
        "model": "auth.permission",
        "fields": {
            "codename": "delete_text",
            "name": "Can delete text",
            "content_type": 21
        }
    },
    {
        "pk": 1,
        "model": "auth.group",
        "fields": {
            "name": "Administrator",
            "permissions": [
                22,
                23,
                24,
                4,
                5,
                6,
                10,
                11,
                12,
                1,
                2,
                3,
                7,
                8,
                9,
                52,
                53,
                54,
                55,
                56,
                57,
                112,
                113,
                114,
                100,
                101,
                102,
                91,
                92,
                93,
                94,
                95,
                96,
                97,
                98,
                99,
                103,
                104,
                105,
                106,
                107,
                108,
                109,
                110,
                111,
                136,
                137,
                138,
                115,
                116,
                117,
                118,
                119,
                120,
                13,
                14,
                15,
                70,
                71,
                72,
                79,
                80,
                81,
                82,
                83,
                84,
                85,
                86,
                87,
                88,
                89,
                90,
                67,
                68,
                69,
                28,
                29,
                30,
                139,
                140,
                141,
                64,
                65,
                66,
                25,
                26,
                27,
                16,
                17,
                18,
                19,
                20,
                21,
                73,
                74,
                75,
                76,
                77,
                78,
                133,
                134,
                135,
                130,
                131,
                132,
                121,
                122,
                123,
                124,
                125,
                126,
                34,
                35,
                36,
                46,
                47,
                48,
                40,
                41,
                42,
                37,
                38,
                39,
                31,
                32,
                33,
                43,
                44,
                45,
                61,
                62,
                63
            ]
        }
    },
    {
        "pk": 1,
        "model": "auth.user",
        "fields": {
            "username": "admin",
            "first_name": "Antwan",
            "last_name": "Wiersma",
            "is_active": true,
            "is_superuser": true,
            "is_staff": true,
            "last_login": "2011-09-26 12:46:55",
            "groups": [
                1
            ],
            "user_permissions": [],
            "password": "sha1$9a794$7d458663b94c49ccbf34c56023e0078a7d80d8fd",
            "email": "antwan@prime-creation.com",
            "date_joined": "2010-03-15 15:45:01"
        }
    }
]