[
    {
        "pk": 1,
        "model": "south.migrationhistory",
        "fields": {
            "applied": "2011-06-27 07:55:17",
            "app_name": "cms",
            "migration": "0001_initial"
        }
    },
    {
        "pk": 2,
        "model": "south.migrationhistory",
        "fields": {
            "applied": "2011-06-27 07:55:17",
            "app_name": "picture",
            "migration": "0001_initial"
        }
    },
    {
        "pk": 3,
        "model": "south.migrationhistory",
        "fields": {
            "applied": "2011-06-27 07:55:17",
            "app_name": "picture",
            "migration": "0002_link_rename"
        }
    },
    {
        "pk": 4,
        "model": "south.migrationhistory",
        "fields": {
            "applied": "2011-06-27 07:55:17",
            "app_name": "picture",
            "migration": "0003_freeze"
        }
    },
    {
        "pk": 5,
        "model": "south.migrationhistory",
        "fields": {
            "applied": "2011-06-27 07:55:17",
            "app_name": "cms",
            "migration": "0002_auto_start"
        }
    },
    {
        "pk": 6,
        "model": "south.migrationhistory",
        "fields": {
            "applied": "2011-06-27 07:55:17",
            "app_name": "cms",
            "migration": "0003_remove_placeholder"
        }
    },
    {
        "pk": 7,
        "model": "south.migrationhistory",
        "fields": {
            "applied": "2011-06-27 07:55:17",
            "app_name": "cms",
            "migration": "0004_textobjects"
        }
    },
    {
        "pk": 8,
        "model": "south.migrationhistory",
        "fields": {
            "applied": "2011-06-27 07:55:17",
            "app_name": "cms",
            "migration": "0005_mptt_added_to_plugins"
        }
    },
    {
        "pk": 9,
        "model": "south.migrationhistory",
        "fields": {
            "applied": "2011-06-27 07:55:17",
            "app_name": "cms",
            "migration": "0006_apphook"
        }
    },
    {
        "pk": 10,
        "model": "south.migrationhistory",
        "fields": {
            "applied": "2011-06-27 07:55:17",
            "app_name": "cms",
            "migration": "0007_apphook_longer"
        }
    },
    {
        "pk": 11,
        "model": "south.migrationhistory",
        "fields": {
            "applied": "2011-06-27 07:55:17",
            "app_name": "cms",
            "migration": "0008_redirects"
        }
    },
    {
        "pk": 12,
        "model": "south.migrationhistory",
        "fields": {
            "applied": "2011-06-27 07:55:17",
            "app_name": "cms",
            "migration": "0009_added_meta_fields"
        }
    },
    {
        "pk": 13,
        "model": "south.migrationhistory",
        "fields": {
            "applied": "2011-06-27 07:55:17",
            "app_name": "cms",
            "migration": "0010_5char_language"
        }
    },
    {
        "pk": 14,
        "model": "south.migrationhistory",
        "fields": {
            "applied": "2011-06-27 07:55:17",
            "app_name": "cms",
            "migration": "0011_title_overwrites"
        }
    },
    {
        "pk": 15,
        "model": "south.migrationhistory",
        "fields": {
            "applied": "2011-06-27 07:55:17",
            "app_name": "cms",
            "migration": "0012_publisher"
        }
    },
    {
        "pk": 16,
        "model": "south.migrationhistory",
        "fields": {
            "applied": "2011-06-27 07:55:17",
            "app_name": "picture",
            "migration": "0004_publisher"
        }
    },
    {
        "pk": 17,
        "model": "south.migrationhistory",
        "fields": {
            "applied": "2011-06-27 07:55:17",
            "app_name": "picture",
            "migration": "0005_table_rename"
        }
    },
    {
        "pk": 18,
        "model": "south.migrationhistory",
        "fields": {
            "applied": "2011-06-27 07:55:17",
            "app_name": "text",
            "migration": "0001_initial"
        }
    },
    {
        "pk": 19,
        "model": "south.migrationhistory",
        "fields": {
            "applied": "2011-06-27 07:55:17",
            "app_name": "text",
            "migration": "0002_freeze"
        }
    },
    {
        "pk": 20,
        "model": "south.migrationhistory",
        "fields": {
            "applied": "2011-06-27 07:55:17",
            "app_name": "text",
            "migration": "0003_publisher"
        }
    },
    {
        "pk": 21,
        "model": "south.migrationhistory",
        "fields": {
            "applied": "2011-06-27 07:55:17",
            "app_name": "snippet",
            "migration": "0001_initial"
        }
    },
    {
        "pk": 22,
        "model": "south.migrationhistory",
        "fields": {
            "applied": "2011-06-27 07:55:17",
            "app_name": "snippet",
            "migration": "0002_publisher"
        }
    },
    {
        "pk": 23,
        "model": "south.migrationhistory",
        "fields": {
            "applied": "2011-06-27 07:55:17",
            "app_name": "cms",
            "migration": "0013_site_copy"
        }
    },
    {
        "pk": 24,
        "model": "south.migrationhistory",
        "fields": {
            "applied": "2011-06-27 07:55:17",
            "app_name": "cms",
            "migration": "0014_sites_removed"
        }
    },
    {
        "pk": 25,
        "model": "south.migrationhistory",
        "fields": {
            "applied": "2011-06-27 07:55:17",
            "app_name": "cms",
            "migration": "0015_modified_by_added"
        }
    },
    {
        "pk": 26,
        "model": "south.migrationhistory",
        "fields": {
            "applied": "2011-06-27 07:55:17",
            "app_name": "cms",
            "migration": "0016_author_copy"
        }
    },
    {
        "pk": 27,
        "model": "south.migrationhistory",
        "fields": {
            "applied": "2011-06-27 07:55:17",
            "app_name": "cms",
            "migration": "0017_author_removed"
        }
    },
    {
        "pk": 28,
        "model": "south.migrationhistory",
        "fields": {
            "applied": "2011-06-27 07:55:17",
            "app_name": "cms",
            "migration": "0018_site_permissions"
        }
    },
    {
        "pk": 29,
        "model": "south.migrationhistory",
        "fields": {
            "applied": "2011-06-27 07:55:17",
            "app_name": "cms",
            "migration": "0019_public_table_renames"
        }
    },
    {
        "pk": 30,
        "model": "south.migrationhistory",
        "fields": {
            "applied": "2011-06-27 07:55:17",
            "app_name": "picture",
            "migration": "0006_float_added"
        }
    },
    {
        "pk": 31,
        "model": "south.migrationhistory",
        "fields": {
            "applied": "2011-06-27 07:55:17",
            "app_name": "picture",
            "migration": "0007_publisher2"
        }
    },
    {
        "pk": 32,
        "model": "south.migrationhistory",
        "fields": {
            "applied": "2011-06-27 07:55:17",
            "app_name": "picture",
            "migration": "0008_longdesc_added"
        }
    },
    {
        "pk": 33,
        "model": "south.migrationhistory",
        "fields": {
            "applied": "2011-06-27 07:55:17",
            "app_name": "snippet",
            "migration": "0003_table_rename"
        }
    },
    {
        "pk": 34,
        "model": "south.migrationhistory",
        "fields": {
            "applied": "2011-06-27 07:55:17",
            "app_name": "snippet",
            "migration": "0004_publisher2"
        }
    },
    {
        "pk": 35,
        "model": "south.migrationhistory",
        "fields": {
            "applied": "2011-06-27 07:55:17",
            "app_name": "snippet",
            "migration": "0005_template_added"
        }
    },
    {
        "pk": 36,
        "model": "south.migrationhistory",
        "fields": {
            "applied": "2011-06-27 07:55:17",
            "app_name": "text",
            "migration": "0004_table_rename"
        }
    },
    {
        "pk": 37,
        "model": "south.migrationhistory",
        "fields": {
            "applied": "2011-06-27 07:55:17",
            "app_name": "text",
            "migration": "0005_publisher2"
        }
    },
    {
        "pk": 38,
        "model": "south.migrationhistory",
        "fields": {
            "applied": "2011-06-27 07:55:19",
            "app_name": "cms",
            "migration": "0020_advanced_permissions"
        }
    },
    {
        "pk": 39,
        "model": "south.migrationhistory",
        "fields": {
            "applied": "2011-06-27 07:55:19",
            "app_name": "cms",
            "migration": "0021_publisher2"
        }
    },
    {
        "pk": 40,
        "model": "south.migrationhistory",
        "fields": {
            "applied": "2011-06-27 07:55:19",
            "app_name": "cms",
            "migration": "0022_login_required_added"
        }
    },
    {
        "pk": 41,
        "model": "south.migrationhistory",
        "fields": {
            "applied": "2011-06-27 07:55:19",
            "app_name": "cms",
            "migration": "0023_plugin_table_naming_function_changed"
        }
    },
    {
        "pk": 42,
        "model": "south.migrationhistory",
        "fields": {
            "applied": "2011-06-27 07:55:24",
            "app_name": "journal",
            "migration": "0001_initial"
        }
    },
    {
        "pk": 43,
        "model": "south.migrationhistory",
        "fields": {
            "applied": "2011-06-27 07:56:38",
            "app_name": "cms",
            "migration": "0024_added_placeholder_model"
        }
    },
    {
        "pk": 44,
        "model": "south.migrationhistory",
        "fields": {
            "applied": "2011-06-27 07:56:39",
            "app_name": "cms",
            "migration": "0025_placeholder_migration"
        }
    },
    {
        "pk": 45,
        "model": "south.migrationhistory",
        "fields": {
            "applied": "2011-06-27 07:56:39",
            "app_name": "cms",
            "migration": "0026_finish_placeholder_migration"
        }
    },
    {
        "pk": 46,
        "model": "south.migrationhistory",
        "fields": {
            "applied": "2011-06-27 07:56:39",
            "app_name": "cms",
            "migration": "0027_added_width_to_placeholder"
        }
    },
    {
        "pk": 47,
        "model": "south.migrationhistory",
        "fields": {
            "applied": "2011-06-27 07:56:39",
            "app_name": "cms",
            "migration": "0028_limit_visibility_in_menu_step1of3"
        }
    },
    {
        "pk": 48,
        "model": "south.migrationhistory",
        "fields": {
            "applied": "2011-06-27 07:56:39",
            "app_name": "cms",
            "migration": "0029_limit_visibility_in_menu_step2of3_data"
        }
    },
    {
        "pk": 49,
        "model": "south.migrationhistory",
        "fields": {
            "applied": "2011-06-27 07:56:39",
            "app_name": "cms",
            "migration": "0030_limit_visibility_in_menu_step3of3"
        }
    },
    {
        "pk": 50,
        "model": "south.migrationhistory",
        "fields": {
            "applied": "2011-06-27 07:56:39",
            "app_name": "cms",
            "migration": "0031_improved_language_code_support"
        }
    },
    {
        "pk": 51,
        "model": "south.migrationhistory",
        "fields": {
            "applied": "2011-06-27 07:56:39",
            "app_name": "cms",
            "migration": "0032_auto__del_field_cmsplugin_publisher_public__del_field_cmsplugin_publis"
        }
    },
    {
        "pk": 52,
        "model": "south.migrationhistory",
        "fields": {
            "applied": "2011-06-27 07:56:39",
            "app_name": "cms",
            "migration": "0033_auto__del_field_title_publisher_is_draft__del_field_title_publisher_st"
        }
    },
    {
        "pk": 53,
        "model": "south.migrationhistory",
        "fields": {
            "applied": "2011-06-27 07:56:40",
            "app_name": "menus",
            "migration": "0001_initial"
        }
    },
    {
        "pk": 28,
        "model": "contenttypes.contenttype",
        "fields": {
            "model": "category",
            "name": "Category",
            "app_label": "journal"
        }
    },
    {
        "pk": 29,
        "model": "contenttypes.contenttype",
        "fields": {
            "model": "entry",
            "name": "Entry",
            "app_label": "journal"
        }
    },
    {
        "pk": 34,
        "model": "contenttypes.contenttype",
        "fields": {
            "model": "globalpagepermission",
            "name": "Page global permission",
            "app_label": "cms"
        }
    },
    {
        "pk": 33,
        "model": "contenttypes.contenttype",
        "fields": {
            "model": "pagemoderatorstate",
            "name": "Page moderator state",
            "app_label": "cms"
        }
    },
    {
        "pk": 35,
        "model": "contenttypes.contenttype",
        "fields": {
            "model": "pagepermission",
            "name": "Page permission",
            "app_label": "cms"
        }
    },
    {
        "pk": 32,
        "model": "contenttypes.contenttype",
        "fields": {
            "model": "pagemoderator",
            "name": "PageModerator",
            "app_label": "cms"
        }
    },
    {
        "pk": 25,
        "model": "contenttypes.contenttype",
        "fields": {
            "model": "snippet",
            "name": "Snippet",
            "app_label": "snippet"
        }
    },
    {
        "pk": 26,
        "model": "contenttypes.contenttype",
        "fields": {
            "model": "snippetptr",
            "name": "Snippet",
            "app_label": "snippet"
        }
    },
    {
        "pk": 36,
        "model": "contenttypes.contenttype",
        "fields": {
            "model": "pageuser",
            "name": "User (page)",
            "app_label": "cms"
        }
    },
    {
        "pk": 37,
        "model": "contenttypes.contenttype",
        "fields": {
            "model": "pageusergroup",
            "name": "User group (page)",
            "app_label": "cms"
        }
    },
    {
        "pk": 47,
        "model": "contenttypes.contenttype",
        "fields": {
            "model": "cachekey",
            "name": "cache key",
            "app_label": "menus"
        }
    },
    {
        "pk": 18,
        "model": "contenttypes.contenttype",
        "fields": {
            "model": "category",
            "name": "category",
            "app_label": "banner"
        }
    },
    {
        "pk": 38,
        "model": "contenttypes.contenttype",
        "fields": {
            "model": "cmsplugin",
            "name": "cms plugin",
            "app_label": "cms"
        }
    },
    {
        "pk": 5,
        "model": "contenttypes.contenttype",
        "fields": {
            "model": "contenttype",
            "name": "content type",
            "app_label": "contenttypes"
        }
    },
    {
        "pk": 44,
        "model": "contenttypes.contenttype",
        "fields": {
            "model": "extraresponse",
            "name": "extra response",
            "app_label": "survey"
        }
    },
    {
        "pk": 49,
        "model": "contenttypes.contenttype",
        "fields": {
            "model": "feedback",
            "name": "feedback",
            "app_label": "contact_form"
        }
    },
    {
        "pk": 24,
        "model": "contenttypes.contenttype",
        "fields": {
            "model": "file",
            "name": "file",
            "app_label": "file"
        }
    },
    {
        "pk": 27,
        "model": "contenttypes.contenttype",
        "fields": {
            "model": "googlemap",
            "name": "google map",
            "app_label": "googlemap"
        }
    },
    {
        "pk": 2,
        "model": "contenttypes.contenttype",
        "fields": {
            "model": "group",
            "name": "group",
            "app_label": "auth"
        }
    },
    {
        "pk": 19,
        "model": "contenttypes.contenttype",
        "fields": {
            "model": "image",
            "name": "image",
            "app_label": "banner"
        }
    },
    {
        "pk": 40,
        "model": "contenttypes.contenttype",
        "fields": {
            "model": "includetemplateplugin",
            "name": "include template plugin",
            "app_label": "cmsmisc"
        }
    },
    {
        "pk": 10,
        "model": "contenttypes.contenttype",
        "fields": {
            "model": "key",
            "name": "key",
            "app_label": "loginurl"
        }
    },
    {
        "pk": 41,
        "model": "contenttypes.contenttype",
        "fields": {
            "model": "lastresponse",
            "name": "last response",
            "app_label": "survey"
        }
    },
    {
        "pk": 30,
        "model": "contenttypes.contenttype",
        "fields": {
            "model": "latestentryplugin",
            "name": "latest entry plugin",
            "app_label": "journal"
        }
    },
    {
        "pk": 48,
        "model": "contenttypes.contenttype",
        "fields": {
            "model": "latestentryplugin",
            "name": "latest entry plugin",
            "app_label": "cmsplugin"
        }
    },
    {
        "pk": 23,
        "model": "contenttypes.contenttype",
        "fields": {
            "model": "link",
            "name": "link",
            "app_label": "link"
        }
    },
    {
        "pk": 42,
        "model": "contenttypes.contenttype",
        "fields": {
            "model": "localresponse",
            "name": "local response",
            "app_label": "survey"
        }
    },
    {
        "pk": 8,
        "model": "contenttypes.contenttype",
        "fields": {
            "model": "logentry",
            "name": "log entry",
            "app_label": "admin"
        }
    },
    {
        "pk": 4,
        "model": "contenttypes.contenttype",
        "fields": {
            "model": "message",
            "name": "message",
            "app_label": "auth"
        }
    },
    {
        "pk": 45,
        "model": "contenttypes.contenttype",
        "fields": {
            "model": "migrationhistory",
            "name": "migration history",
            "app_label": "south"
        }
    },
    {
        "pk": 31,
        "model": "contenttypes.contenttype",
        "fields": {
            "model": "page",
            "name": "page",
            "app_label": "cms"
        }
    },
    {
        "pk": 12,
        "model": "contenttypes.contenttype",
        "fields": {
            "model": "participation",
            "name": "participation",
            "app_label": "survey"
        }
    },
    {
        "pk": 1,
        "model": "contenttypes.contenttype",
        "fields": {
            "model": "permission",
            "name": "permission",
            "app_label": "auth"
        }
    },
    {
        "pk": 22,
        "model": "contenttypes.contenttype",
        "fields": {
            "model": "picture",
            "name": "picture",
            "app_label": "picture"
        }
    },
    {
        "pk": 46,
        "model": "contenttypes.contenttype",
        "fields": {
            "model": "placeholder",
            "name": "placeholder",
            "app_label": "cms"
        }
    },
    {
        "pk": 16,
        "model": "contenttypes.contenttype",
        "fields": {
            "model": "profile",
            "name": "profile",
            "app_label": "survey"
        }
    },
    {
        "pk": 14,
        "model": "contenttypes.contenttype",
        "fields": {
            "model": "profilesendqueue",
            "name": "profile send queue",
            "app_label": "survey"
        }
    },
    {
        "pk": 9,
        "model": "contenttypes.contenttype",
        "fields": {
            "model": "registrationprofile",
            "name": "registration profile",
            "app_label": "registration"
        }
    },
    {
        "pk": 17,
        "model": "contenttypes.contenttype",
        "fields": {
            "model": "reminder",
            "name": "reminder",
            "app_label": "reminder"
        }
    },
    {
        "pk": 13,
        "model": "contenttypes.contenttype",
        "fields": {
            "model": "responsesendqueue",
            "name": "response send queue",
            "app_label": "survey"
        }
    },
    {
        "pk": 6,
        "model": "contenttypes.contenttype",
        "fields": {
            "model": "session",
            "name": "session",
            "app_label": "sessions"
        }
    },
    {
        "pk": 7,
        "model": "contenttypes.contenttype",
        "fields": {
            "model": "site",
            "name": "site",
            "app_label": "sites"
        }
    },
    {
        "pk": 11,
        "model": "contenttypes.contenttype",
        "fields": {
            "model": "survey",
            "name": "survey",
            "app_label": "survey"
        }
    },
    {
        "pk": 15,
        "model": "contenttypes.contenttype",
        "fields": {
            "model": "surveyuser",
            "name": "survey user",
            "app_label": "survey"
        }
    },
    {
        "pk": 21,
        "model": "contenttypes.contenttype",
        "fields": {
            "model": "text",
            "name": "text",
            "app_label": "text"
        }
    },
    {
        "pk": 39,
        "model": "contenttypes.contenttype",
        "fields": {
            "model": "title",
            "name": "title",
            "app_label": "cms"
        }
    },
    {
        "pk": 3,
        "model": "contenttypes.contenttype",
        "fields": {
            "model": "user",
            "name": "user",
            "app_label": "auth"
        }
    },
    {
        "pk": "3d827ef465150cce272992c59e81e1bd",
        "model": "sessions.session",
        "fields": {
            "expire_date": "2010-03-29 22:57:24",
            "session_data": "gAJ9cQEoVQ5jbXNfYWRtaW5fc2l0ZXECSwFVEl9hdXRoX3VzZXJfYmFja2VuZHEDVSlkamFuZ28u\nY29udHJpYi5hdXRoLmJhY2tlbmRzLk1vZGVsQmFja2VuZHEEVQ1fYXV0aF91c2VyX2lkcQVLAXUu\nMjQxZGEzY2RjZWY5ZTRmYzNiMzVlNGFjMzVhY2MwYzA=\n"
        }
    },
    {
        "pk": "02d556e23d68cf23b73eca0d1469213d",
        "model": "sessions.session",
        "fields": {
            "expire_date": "2010-04-04 10:42:12",
            "session_data": "gAJ9cQEoVQ5jbXNfYWRtaW5fc2l0ZXECSwFVEl9hdXRoX3VzZXJfYmFja2VuZHEDVSlkamFuZ28u\nY29udHJpYi5hdXRoLmJhY2tlbmRzLk1vZGVsQmFja2VuZHEEVQ1fYXV0aF91c2VyX2lkcQVLAXUu\nMjQxZGEzY2RjZWY5ZTRmYzNiMzVlNGFjMzVhY2MwYzA=\n"
        }
    },
    {
        "pk": "3f396a24461a404b934e12496ff391d1",
        "model": "sessions.session",
        "fields": {
            "expire_date": "2010-08-30 14:42:52",
            "session_data": "gAJ9cQEuYjdkNmFjNmM4YzczODc3OTRiZDFmYTcwMTIwYTI0NjQ=\n"
        }
    },
    {
        "pk": "ab80c3d156fd1f69cdf07d039e858265",
        "model": "sessions.session",
        "fields": {
            "expire_date": "2010-09-01 04:26:54",
            "session_data": "gAJ9cQEoVQ5jbXNfYWRtaW5fc2l0ZXECSwFVDV9hdXRoX3VzZXJfaWRxA0sBVRJfYXV0aF91c2Vy\nX2JhY2tlbmRxBFUpZGphbmdvLmNvbnRyaWIuYXV0aC5iYWNrZW5kcy5Nb2RlbEJhY2tlbmRxBXUu\nNTc4MGI1OTllOTE0ZjljYTBlYTVjZmMyMTFjNjc2YWY=\n"
        }
    },
    {
        "pk": "feff59767ef353875666b582da2b27c2",
        "model": "sessions.session",
        "fields": {
            "expire_date": "2010-09-20 15:06:27",
            "session_data": "gAJ9cQEoVQ5jbXNfYWRtaW5fc2l0ZXECSwFVDV9hdXRoX3VzZXJfaWRxA0sBVRJfYXV0aF91c2Vy\nX2JhY2tlbmRxBFUpZGphbmdvLmNvbnRyaWIuYXV0aC5iYWNrZW5kcy5Nb2RlbEJhY2tlbmRxBXUu\nNTc4MGI1OTllOTE0ZjljYTBlYTVjZmMyMTFjNjc2YWY=\n"
        }
    },
    {
        "pk": "0290d5765d7f5d438962937141db9aff",
        "model": "sessions.session",
        "fields": {
            "expire_date": "2010-09-20 23:27:05",
            "session_data": "gAJ9cQEoVQ5jbXNfYWRtaW5fc2l0ZXECSwFVDV9hdXRoX3VzZXJfaWRxA0sBVRJfYXV0aF91c2Vy\nX2JhY2tlbmRxBFUpZGphbmdvLmNvbnRyaWIuYXV0aC5iYWNrZW5kcy5Nb2RlbEJhY2tlbmRxBXUu\nNTc4MGI1OTllOTE0ZjljYTBlYTVjZmMyMTFjNjc2YWY=\n"
        }
    },
    {
        "pk": "d838565edbb3aa5dfc0dd2e52e95b46d",
        "model": "sessions.session",
        "fields": {
            "expire_date": "2010-10-12 08:42:05",
            "session_data": "gAJ9cQEoVQ5jbXNfYWRtaW5fc2l0ZXECSwFVEl9hdXRoX3VzZXJfYmFja2VuZHEDVSlkamFuZ28u\nY29udHJpYi5hdXRoLmJhY2tlbmRzLk1vZGVsQmFja2VuZHEEVQ1fYXV0aF91c2VyX2lkcQVLAXUu\nMjQxZGEzY2RjZWY5ZTRmYzNiMzVlNGFjMzVhY2MwYzA=\n"
        }
    },
    {
        "pk": "07550187ceabafab45141e8b4a4bc417",
        "model": "sessions.session",
        "fields": {
            "expire_date": "2010-10-28 14:17:53",
            "session_data": "gAJ9cQEoVQ5jbXNfYWRtaW5fc2l0ZXECSwFVEl9hdXRoX3VzZXJfYmFja2VuZHEDVSlkamFuZ28u\nY29udHJpYi5hdXRoLmJhY2tlbmRzLk1vZGVsQmFja2VuZHEEVQ1fYXV0aF91c2VyX2lkcQVLAXUu\nMjQxZGEzY2RjZWY5ZTRmYzNiMzVlNGFjMzVhY2MwYzA=\n"
        }
    },
    {
        "pk": "68c1819652e05f4d86fbc4fbd43df297",
        "model": "sessions.session",
        "fields": {
            "expire_date": "2010-10-28 14:11:01",
            "session_data": "gAJ9cQEoVQ5jbXNfYWRtaW5fc2l0ZXECSwFVDV9hdXRoX3VzZXJfaWRxA0sBVRJfYXV0aF91c2Vy\nX2JhY2tlbmRxBFUpZGphbmdvLmNvbnRyaWIuYXV0aC5iYWNrZW5kcy5Nb2RlbEJhY2tlbmRxBXUu\nNTc4MGI1OTllOTE0ZjljYTBlYTVjZmMyMTFjNjc2YWY=\n"
        }
    },
    {
        "pk": "2ddb6c65b39de4d5d389af0886df8179",
        "model": "sessions.session",
        "fields": {
            "expire_date": "2010-11-19 10:20:05",
            "session_data": "gAJ9cQEoVRJfYXV0aF91c2VyX2JhY2tlbmRxAlUpZGphbmdvLmNvbnRyaWIuYXV0aC5iYWNrZW5k\ncy5Nb2RlbEJhY2tlbmRxA1UNX2F1dGhfdXNlcl9pZHEESwJ1LmFjN2Q2ZjBkNjE3YmRlY2M0MDM2\nY2IyYTUyZmIwNThm\n"
        }
    },
    {
        "pk": "f75f8eab4c0342bed743d079eed2a262",
        "model": "sessions.session",
        "fields": {
            "expire_date": "2010-11-22 13:57:45",
            "session_data": "gAJ9cQEoVRJfYXV0aF91c2VyX2JhY2tlbmRxAlUpZGphbmdvLmNvbnRyaWIuYXV0aC5iYWNrZW5k\ncy5Nb2RlbEJhY2tlbmRxA1UNX2F1dGhfdXNlcl9pZHEESwJ1LmFjN2Q2ZjBkNjE3YmRlY2M0MDM2\nY2IyYTUyZmIwNThm\n"
        }
    },
    {
        "pk": "8673c8b805a7fb6648b37b05caf2be88",
        "model": "sessions.session",
        "fields": {
            "expire_date": "2010-11-22 15:35:01",
            "session_data": "gAJ9cQEoVRJfYXV0aF91c2VyX2JhY2tlbmRxAlUpZGphbmdvLmNvbnRyaWIuYXV0aC5iYWNrZW5k\ncy5Nb2RlbEJhY2tlbmRxA1UNX2F1dGhfdXNlcl9pZHEESwF1LjFjYmRhZmQ2MDBkZGNhNWJkOThh\nZDljNDFiNmVjZDIw\n"
        }
    },
    {
        "pk": "87d89e418366f438f8d2a6357577a1ac",
        "model": "sessions.session",
        "fields": {
            "expire_date": "2011-01-05 15:31:28",
            "session_data": "gAJ9cQEoVRJfYXV0aF91c2VyX2JhY2tlbmRxAlUpZGphbmdvLmNvbnRyaWIuYXV0aC5iYWNrZW5k\ncy5Nb2RlbEJhY2tlbmRxA1UNX2F1dGhfdXNlcl9pZHEESwF1LjFjYmRhZmQ2MDBkZGNhNWJkOThh\nZDljNDFiNmVjZDIw\n"
        }
    },
    {
        "pk": "873a9332777e3533f9ab7db4621dbb91",
        "model": "sessions.session",
        "fields": {
            "expire_date": "2011-01-06 11:20:57",
            "session_data": "gAJ9cQFVCnRlc3Rjb29raWVxAlUGd29ya2VkcQNzLmI4N2M0ZTcyNDE0OWU2NmI0MmQ5ODJkYTIx\nNDhhMTk1\n"
        }
    },
    {
        "pk": "c505c0b0c9f2c150515e58b1017a197e",
        "model": "sessions.session",
        "fields": {
            "expire_date": "2011-01-06 11:20:50",
            "session_data": "gAJ9cQEoVQ5jbXNfYWRtaW5fc2l0ZXECSwFVDV9hdXRoX3VzZXJfaWRxA0sBVRJfYXV0aF91c2Vy\nX2JhY2tlbmRxBFUpZGphbmdvLmNvbnRyaWIuYXV0aC5iYWNrZW5kcy5Nb2RlbEJhY2tlbmRxBXUu\nNTc4MGI1OTllOTE0ZjljYTBlYTVjZmMyMTFjNjc2YWY=\n"
        }
    },
    {
        "pk": "8000b9d45978def6372ca8a560e46d0c",
        "model": "sessions.session",
        "fields": {
            "expire_date": "2011-02-11 13:28:47",
            "session_data": "gAJ9cQEoVRJfYXV0aF91c2VyX2JhY2tlbmRxAlUpZGphbmdvLmNvbnRyaWIuYXV0aC5iYWNrZW5k\ncy5Nb2RlbEJhY2tlbmRxA1UNX2F1dGhfdXNlcl9pZHEESwF1LjFjYmRhZmQ2MDBkZGNhNWJkOThh\nZDljNDFiNmVjZDIw\n"
        }
    },
    {
        "pk": "349550cccf20adae961eee166d973ffb",
        "model": "sessions.session",
        "fields": {
            "expire_date": "2011-04-03 16:10:21",
            "session_data": "gAJ9cQEuYjdkNmFjNmM4YzczODc3OTRiZDFmYTcwMTIwYTI0NjQ=\n"
        }
    },
    {
        "pk": "a5cec0387d2423925e9f5870fe30dff6",
        "model": "sessions.session",
        "fields": {
            "expire_date": "2011-04-05 14:55:10",
            "session_data": "gAJ9cQEoVQ5jbXNfYWRtaW5fc2l0ZXECSwFVDV9hdXRoX3VzZXJfaWRxA0sBVRJfYXV0aF91c2Vy\nX2JhY2tlbmRxBFUpZGphbmdvLmNvbnRyaWIuYXV0aC5iYWNrZW5kcy5Nb2RlbEJhY2tlbmRxBXUu\nNTc4MGI1OTllOTE0ZjljYTBlYTVjZmMyMTFjNjc2YWY=\n"
        }
    },
    {
        "pk": "d1f076ffa52d660eb908038fb5ca33f3",
        "model": "sessions.session",
        "fields": {
            "expire_date": "2011-04-06 11:17:40",
            "session_data": "gAJ9cQFVCnRlc3Rjb29raWVxAlUGd29ya2VkcQNzLmI4N2M0ZTcyNDE0OWU2NmI0MmQ5ODJkYTIx\nNDhhMTk1\n"
        }
    },
    {
        "pk": "c09a6707d1894e955637fb4d6ccd5e79",
        "model": "sessions.session",
        "fields": {
            "expire_date": "2011-04-06 11:18:31",
            "session_data": "gAJ9cQEoVRJfYXV0aF91c2VyX2JhY2tlbmRxAlUpZGphbmdvLmNvbnRyaWIuYXV0aC5iYWNrZW5k\ncy5Nb2RlbEJhY2tlbmRxA1UNX2F1dGhfdXNlcl9pZHEESwF1LjFjYmRhZmQ2MDBkZGNhNWJkOThh\nZDljNDFiNmVjZDIw\n"
        }
    },
    {
        "pk": "fd8ddbb6df744157294e452372911ffb",
        "model": "sessions.session",
        "fields": {
            "expire_date": "2011-04-06 13:07:34",
            "session_data": "gAJ9cQEuYjdkNmFjNmM4YzczODc3OTRiZDFmYTcwMTIwYTI0NjQ=\n"
        }
    },
    {
        "pk": "e95888a465f0d2e3cc7d5b776506bbb2",
        "model": "sessions.session",
        "fields": {
            "expire_date": "2011-04-06 18:27:16",
            "session_data": "gAJ9cQFVCnRlc3Rjb29raWVxAlUGd29ya2VkcQNzLmI4N2M0ZTcyNDE0OWU2NmI0MmQ5ODJkYTIx\nNDhhMTk1\n"
        }
    },
    {
        "pk": "3e135b31e357e33a2d79d56531c608f4",
        "model": "sessions.session",
        "fields": {
            "expire_date": "2011-04-12 16:51:08",
            "session_data": "gAJ9cQEoVQ5jbXNfYWRtaW5fc2l0ZXECSwFVDV9hdXRoX3VzZXJfaWRxA0sBVRJfYXV0aF91c2Vy\nX2JhY2tlbmRxBFUpZGphbmdvLmNvbnRyaWIuYXV0aC5iYWNrZW5kcy5Nb2RlbEJhY2tlbmRxBXUu\nNTc4MGI1OTllOTE0ZjljYTBlYTVjZmMyMTFjNjc2YWY=\n"
        }
    },
    {
        "pk": "828b289742c29618f80973aff6f1f11c",
        "model": "sessions.session",
        "fields": {
            "expire_date": "2011-04-20 14:48:05",
            "session_data": "gAJ9cQFVCnRlc3Rjb29raWVxAlUGd29ya2VkcQNzLmI4N2M0ZTcyNDE0OWU2NmI0MmQ5ODJkYTIx\nNDhhMTk1\n"
        }
    },
    {
        "pk": "a39bd9a22f723a8edd60051e35d52038",
        "model": "sessions.session",
        "fields": {
            "expire_date": "2011-04-20 14:48:29",
            "session_data": "gAJ9cQFVCnRlc3Rjb29raWVxAlUGd29ya2VkcQNzLmI4N2M0ZTcyNDE0OWU2NmI0MmQ5ODJkYTIx\nNDhhMTk1\n"
        }
    },
    {
        "pk": "c667c4ed3be1bba6067cf1b23e538810",
        "model": "sessions.session",
        "fields": {
            "expire_date": "2011-04-20 14:50:05",
            "session_data": "gAJ9cQFVCnRlc3Rjb29raWVxAlUGd29ya2VkcQNzLmI4N2M0ZTcyNDE0OWU2NmI0MmQ5ODJkYTIx\nNDhhMTk1\n"
        }
    },
    {
        "pk": "80e71700fcca1cd5df15b665cfe0a2c7",
        "model": "sessions.session",
        "fields": {
            "expire_date": "2011-04-20 14:52:38",
            "session_data": "gAJ9cQFVCnRlc3Rjb29raWVxAlUGd29ya2VkcQNzLmI4N2M0ZTcyNDE0OWU2NmI0MmQ5ODJkYTIx\nNDhhMTk1\n"
        }
    },
    {
        "pk": "88e4c1a3df9f7c4221ebb35381e04652",
        "model": "sessions.session",
        "fields": {
            "expire_date": "2011-04-21 23:40:55",
            "session_data": "gAJ9cQEoVQ5jbXNfYWRtaW5fc2l0ZXECSwFVDV9hdXRoX3VzZXJfaWRxA0sBVRJfYXV0aF91c2Vy\nX2JhY2tlbmRxBFUpZGphbmdvLmNvbnRyaWIuYXV0aC5iYWNrZW5kcy5Nb2RlbEJhY2tlbmRxBXUu\nNTc4MGI1OTllOTE0ZjljYTBlYTVjZmMyMTFjNjc2YWY=\n"
        }
    },
    {
        "pk": "a94c6f33f793d785a0d04f0a44b59b11",
        "model": "sessions.session",
        "fields": {
            "expire_date": "2011-07-11 09:56:55",
            "session_data": "ZmM3NDNiMWJiZmJiMDcyNjY5NDIxYzhhMmU4ZTQzNDZkZDIxYjY2NTqAAn1xAShVEl9hdXRoX3Vz\nZXJfYmFja2VuZHECVSlkamFuZ28uY29udHJpYi5hdXRoLmJhY2tlbmRzLk1vZGVsQmFja2VuZHED\nVQ1fYXV0aF91c2VyX2lkcQRLAXUu\n"
        }
    },
    {
        "pk": "81704ae7f31c3a836802fc37e1f2ad87",
        "model": "sessions.session",
        "fields": {
            "expire_date": "2011-07-11 14:54:33",
            "session_data": "YzFlNjFhMzY4MzgwM2ZmNzk2NWZlZjJiOGY5MmNlZTRkNTk3MWY5MDqAAn1xAShVEl9hdXRoX3Vz\nZXJfYmFja2VuZHECVSlkamFuZ28uY29udHJpYi5hdXRoLmJhY2tlbmRzLk1vZGVsQmFja2VuZHED\nVQ1fYXV0aF91c2VyX2lkcQRLAVUIY21zX2VkaXRxBYh1Lg==\n"
        }
    },
    {
        "pk": "7485ba5f90cbd763ae124124e831135b",
        "model": "sessions.session",
        "fields": {
            "expire_date": "2011-07-23 09:57:33",
            "session_data": "ZmM3NDNiMWJiZmJiMDcyNjY5NDIxYzhhMmU4ZTQzNDZkZDIxYjY2NTqAAn1xAShVEl9hdXRoX3Vz\nZXJfYmFja2VuZHECVSlkamFuZ28uY29udHJpYi5hdXRoLmJhY2tlbmRzLk1vZGVsQmFja2VuZHED\nVQ1fYXV0aF91c2VyX2lkcQRLAXUu\n"
        }
    },
    {
        "pk": "bcb81d53b028650627b0f6a1ace887b3",
        "model": "sessions.session",
        "fields": {
            "expire_date": "2011-07-26 17:36:55",
            "session_data": "OTBlZjQ0NzNhMzEzN2EyN2EwZjc4OTFkMTg4OWNlMDdiYzg4YTk4MjqAAn1xAShVDmNtc19hZG1p\nbl9zaXRlcQJLAVUSX2F1dGhfdXNlcl9iYWNrZW5kcQNVKWRqYW5nby5jb250cmliLmF1dGguYmFj\na2VuZHMuTW9kZWxCYWNrZW5kcQRVDV9hdXRoX3VzZXJfaWRxBUsBVQhjbXNfZWRpdHEGiHUu\n"
        }
    },
    {
        "pk": "2b2085244f084f0fce5e4c90a243a2bf",
        "model": "sessions.session",
        "fields": {
            "expire_date": "2011-07-26 15:40:02",
            "session_data": "Y2I1ZjQ0ODMyYTUxYmM0ZTAyYmYxNDEzNDIyNGY0ZTEzOTk5YjNlMTqAAn1xAS4=\n"
        }
    },
    {
        "pk": 1,
        "model": "sites.site",
        "fields": {
            "domain": "degrotegriepmeting.nl",
            "name": "degrotegriepmeting.nl"
        }
    },
    {
        "pk": 354,
        "model": "admin.logentry",
        "fields": {
            "action_flag": 1,
            "action_time": "2011-07-12 15:03:59",
            "object_repr": "Sent",
            "object_id": "14",
            "change_message": "",
            "user": 1,
            "content_type": 31
        }
    },
    {
        "pk": 353,
        "model": "admin.logentry",
        "fields": {
            "action_flag": 2,
            "action_time": "2011-07-11 17:17:39",
            "object_repr": "Data application (Link)",
            "object_id": "13",
            "change_message": "Changed html.",
            "user": 1,
            "content_type": 25
        }
    },
    {
        "pk": 352,
        "model": "admin.logentry",
        "fields": {
            "action_flag": 2,
            "action_time": "2011-07-11 17:16:39",
            "object_repr": "Data application (Link)",
            "object_id": "13",
            "change_message": "Changed html.",
            "user": 1,
            "content_type": 25
        }
    },
    {
        "pk": 351,
        "model": "admin.logentry",
        "fields": {
            "action_flag": 2,
            "action_time": "2011-07-11 17:15:57",
            "object_repr": "Data application (Link)",
            "object_id": "13",
            "change_message": "Changed name.",
            "user": 1,
            "content_type": 25
        }
    },
    {
        "pk": 350,
        "model": "admin.logentry",
        "fields": {
            "action_flag": 1,
            "action_time": "2011-07-11 17:15:48",
            "object_repr": "Data application (link)",
            "object_id": "13",
            "change_message": "",
            "user": 1,
            "content_type": 25
        }
    },
    {
        "pk": 349,
        "model": "admin.logentry",
        "fields": {
            "action_flag": 1,
            "action_time": "2011-07-11 16:36:25",
            "object_repr": "Questionnaire (Link)",
            "object_id": "12",
            "change_message": "",
            "user": 1,
            "content_type": 25
        }
    },
    {
        "pk": 348,
        "model": "admin.logentry",
        "fields": {
            "action_flag": 2,
            "action_time": "2011-07-11 15:59:55",
            "object_repr": "Method",
            "object_id": "5",
            "change_message": "Changed moderator_state.",
            "user": 1,
            "content_type": 31
        }
    },
    {
        "pk": 347,
        "model": "admin.logentry",
        "fields": {
            "action_flag": 2,
            "action_time": "2011-07-11 15:54:55",
            "object_repr": "Method",
            "object_id": "5",
            "change_message": "Changed moderator_state.",
            "user": 1,
            "content_type": 31
        }
    },
    {
        "pk": 346,
        "model": "admin.logentry",
        "fields": {
            "action_flag": 2,
            "action_time": "2011-07-11 15:53:26",
            "object_repr": "Epiwork text (Right bar)",
            "object_id": "11",
            "change_message": "Changed html.",
            "user": 1,
            "content_type": 25
        }
    },
    {
        "pk": 345,
        "model": "admin.logentry",
        "fields": {
            "action_flag": 1,
            "action_time": "2011-07-11 15:53:01",
            "object_repr": "Epiwork text (Right bar)",
            "object_id": "11",
            "change_message": "",
            "user": 1,
            "content_type": 25
        }
    },
    {
        "pk": 344,
        "model": "admin.logentry",
        "fields": {
            "action_flag": 2,
            "action_time": "2011-07-11 15:41:40",
            "object_repr": "News snippet (Left bar)",
            "object_id": "10",
            "change_message": "Changed html.",
            "user": 1,
            "content_type": 25
        }
    },
    {
        "pk": 343,
        "model": "admin.logentry",
        "fields": {
            "action_flag": 2,
            "action_time": "2011-07-11 15:40:31",
            "object_repr": "Epiwork banner (Right bar)",
            "object_id": "8",
            "change_message": "Changed html.",
            "user": 1,
            "content_type": 25
        }
    },
    {
        "pk": 342,
        "model": "admin.logentry",
        "fields": {
            "action_flag": 2,
            "action_time": "2011-07-11 15:38:59",
            "object_repr": "Newsitem 2",
            "object_id": "13",
            "change_message": "Changed moderator_state.",
            "user": 1,
            "content_type": 31
        }
    },
    {
        "pk": 341,
        "model": "admin.logentry",
        "fields": {
            "action_flag": 2,
            "action_time": "2011-07-11 15:38:41",
            "object_repr": "Newsitem 1",
            "object_id": "12",
            "change_message": "Changed moderator_state.",
            "user": 1,
            "content_type": 31
        }
    },
    {
        "pk": 340,
        "model": "admin.logentry",
        "fields": {
            "action_flag": 2,
            "action_time": "2011-07-11 15:37:45",
            "object_repr": "News snippet (Left bar)",
            "object_id": "10",
            "change_message": "Changed html.",
            "user": 1,
            "content_type": 25
        }
    },
    {
        "pk": 339,
        "model": "admin.logentry",
        "fields": {
            "action_flag": 2,
            "action_time": "2011-07-11 15:34:50",
            "object_repr": "Newsitem 2",
            "object_id": "13",
            "change_message": "Changed moderator_state.",
            "user": 1,
            "content_type": 31
        }
    },
    {
        "pk": 338,
        "model": "admin.logentry",
        "fields": {
            "action_flag": 1,
            "action_time": "2011-07-11 15:34:04",
            "object_repr": "Newsitem 2",
            "object_id": "13",
            "change_message": "",
            "user": 1,
            "content_type": 31
        }
    },
    {
        "pk": 337,
        "model": "admin.logentry",
        "fields": {
            "action_flag": 2,
            "action_time": "2011-07-11 15:33:49",
            "object_repr": "Newsitem 1",
            "object_id": "12",
            "change_message": "Changed moderator_state.",
            "user": 1,
            "content_type": 31
        }
    },
    {
        "pk": 336,
        "model": "admin.logentry",
        "fields": {
            "action_flag": 1,
            "action_time": "2011-07-11 15:32:37",
            "object_repr": "Newsitem 1",
            "object_id": "12",
            "change_message": "",
            "user": 1,
            "content_type": 31
        }
    },
    {
        "pk": 335,
        "model": "admin.logentry",
        "fields": {
            "action_flag": 2,
            "action_time": "2011-07-11 15:30:32",
            "object_repr": "News snippet (Left bar)",
            "object_id": "10",
            "change_message": "Changed html.",
            "user": 1,
            "content_type": 25
        }
    },
    {
        "pk": 334,
        "model": "admin.logentry",
        "fields": {
            "action_flag": 2,
            "action_time": "2011-07-11 15:23:44",
            "object_repr": "News snippet (Left bar)",
            "object_id": "10",
            "change_message": "Changed name.",
            "user": 1,
            "content_type": 25
        }
    },
    {
        "pk": 333,
        "model": "admin.logentry",
        "fields": {
            "action_flag": 1,
            "action_time": "2011-07-11 15:23:31",
            "object_repr": "News snippet",
            "object_id": "10",
            "change_message": "",
            "user": 1,
            "content_type": 25
        }
    },
    {
        "pk": 332,
        "model": "admin.logentry",
        "fields": {
            "action_flag": 2,
            "action_time": "2011-07-11 15:21:04",
            "object_repr": "Home",
            "object_id": "1",
            "change_message": "Changed moderator_state.",
            "user": 1,
            "content_type": 31
        }
    },
    {
        "pk": 331,
        "model": "admin.logentry",
        "fields": {
            "action_flag": 2,
            "action_time": "2011-07-09 07:50:20",
            "object_repr": "Facebook \"Like\" box (Right bar)",
            "object_id": "9",
            "change_message": "Changed html.",
            "user": 1,
            "content_type": 25
        }
    },
    {
        "pk": 330,
        "model": "admin.logentry",
        "fields": {
            "action_flag": 2,
            "action_time": "2011-07-09 07:49:06",
            "object_repr": "Facebook \"Like\" box (Right bar)",
            "object_id": "9",
            "change_message": "Changed html.",
            "user": 1,
            "content_type": 25
        }
    },
    {
        "pk": 329,
        "model": "admin.logentry",
        "fields": {
            "action_flag": 2,
            "action_time": "2011-07-09 07:48:48",
            "object_repr": "Facebook \"Like\" box (Right bar)",
            "object_id": "9",
            "change_message": "Changed html.",
            "user": 1,
            "content_type": 25
        }
    },
    {
        "pk": 328,
        "model": "admin.logentry",
        "fields": {
            "action_flag": 2,
            "action_time": "2011-07-09 07:48:26",
            "object_repr": "Facebook \"Like\" box (Right bar)",
            "object_id": "9",
            "change_message": "Changed html.",
            "user": 1,
            "content_type": 25
        }
    },
    {
        "pk": 327,
        "model": "admin.logentry",
        "fields": {
            "action_flag": 2,
            "action_time": "2011-07-08 17:00:50",
            "object_repr": "Facebook \"Like\" box (Right bar)",
            "object_id": "9",
            "change_message": "Changed html.",
            "user": 1,
            "content_type": 25
        }
    },
    {
        "pk": 326,
        "model": "admin.logentry",
        "fields": {
            "action_flag": 2,
            "action_time": "2011-07-08 16:59:23",
            "object_repr": "Facebook \"Like\" box (Right bar)",
            "object_id": "9",
            "change_message": "Changed html.",
            "user": 1,
            "content_type": 25
        }
    },
    {
        "pk": 325,
        "model": "admin.logentry",
        "fields": {
            "action_flag": 2,
            "action_time": "2011-07-04 17:17:18",
            "object_repr": "Contact",
            "object_id": "9",
            "change_message": "Changed reverse_id and moderator_state.",
            "user": 1,
            "content_type": 31
        }
    },
    {
        "pk": 324,
        "model": "admin.logentry",
        "fields": {
            "action_flag": 2,
            "action_time": "2011-07-04 14:55:42",
            "object_repr": "Epiwork banner (Right bar)",
            "object_id": "8",
            "change_message": "Changed html.",
            "user": 1,
            "content_type": 25
        }
    },
    {
        "pk": 323,
        "model": "admin.logentry",
        "fields": {
            "action_flag": 2,
            "action_time": "2011-07-04 14:53:54",
            "object_repr": "Epiwork banner (Right bar)",
            "object_id": "8",
            "change_message": "Changed html.",
            "user": 1,
            "content_type": 25
        }
    },
    {
        "pk": 322,
        "model": "admin.logentry",
        "fields": {
            "action_flag": 3,
            "action_time": "2011-07-04 14:52:21",
            "object_repr": "submenu",
            "object_id": "7",
            "change_message": "",
            "user": 1,
            "content_type": 25
        }
    },
    {
        "pk": 321,
        "model": "admin.logentry",
        "fields": {
            "action_flag": 3,
            "action_time": "2011-07-04 14:51:10",
            "object_repr": "Wat is griep - Side",
            "object_id": "6",
            "change_message": "",
            "user": 1,
            "content_type": 25
        }
    },
    {
        "pk": 320,
        "model": "admin.logentry",
        "fields": {
            "action_flag": 3,
            "action_time": "2011-07-04 14:51:10",
            "object_repr": "Sponsors en Partijen",
            "object_id": "4",
            "change_message": "",
            "user": 1,
            "content_type": 25
        }
    },
    {
        "pk": 319,
        "model": "admin.logentry",
        "fields": {
            "action_flag": 3,
            "action_time": "2011-07-04 14:51:10",
            "object_repr": "Het Project - Side",
            "object_id": "3",
            "change_message": "",
            "user": 1,
            "content_type": 25
        }
    },
    {
        "pk": 318,
        "model": "admin.logentry",
        "fields": {
            "action_flag": 3,
            "action_time": "2011-07-04 14:51:10",
            "object_repr": "Deelnemende partijen - Info",
            "object_id": "5",
            "change_message": "",
            "user": 1,
            "content_type": 25
        }
    },
    {
        "pk": 317,
        "model": "admin.logentry",
        "fields": {
            "action_flag": 1,
            "action_time": "2011-07-04 14:50:53",
            "object_repr": "Facebook \"Like\" box (Right bar)",
            "object_id": "9",
            "change_message": "",
            "user": 1,
            "content_type": 25
        }
    },
    {
        "pk": 316,
        "model": "admin.logentry",
        "fields": {
            "action_flag": 1,
            "action_time": "2011-07-04 14:49:52",
            "object_repr": "Epiwork banner (Right bar)",
            "object_id": "8",
            "change_message": "",
            "user": 1,
            "content_type": 25
        }
    },
    {
        "pk": 315,
        "model": "admin.logentry",
        "fields": {
            "action_flag": 1,
            "action_time": "2011-07-04 14:45:03",
            "object_repr": "Results",
            "object_id": "11",
            "change_message": "",
            "user": 1,
            "content_type": 31
        }
    },
    {
        "pk": 314,
        "model": "admin.logentry",
        "fields": {
            "action_flag": 1,
            "action_time": "2011-07-04 14:44:41",
            "object_repr": "Map",
            "object_id": "10",
            "change_message": "",
            "user": 1,
            "content_type": 31
        }
    },
    {
        "pk": 313,
        "model": "admin.logentry",
        "fields": {
            "action_flag": 2,
            "action_time": "2011-07-04 14:41:20",
            "object_repr": "Publications",
            "object_id": "8",
            "change_message": "Changed template and moderator_state.",
            "user": 1,
            "content_type": 31
        }
    },
    {
        "pk": 312,
        "model": "admin.logentry",
        "fields": {
            "action_flag": 1,
            "action_time": "2011-07-04 14:37:33",
            "object_repr": "Contact",
            "object_id": "9",
            "change_message": "",
            "user": 1,
            "content_type": 31
        }
    },
    {
        "pk": 311,
        "model": "admin.logentry",
        "fields": {
            "action_flag": 3,
            "action_time": "2011-07-04 14:37:13",
            "object_repr": "",
            "object_id": "10",
            "change_message": "",
            "user": 1,
            "content_type": 31
        }
    },
    {
        "pk": 310,
        "model": "admin.logentry",
        "fields": {
            "action_flag": 3,
            "action_time": "2011-07-04 14:37:07",
            "object_repr": "",
            "object_id": "9",
            "change_message": "",
            "user": 1,
            "content_type": 31
        }
    },
    {
        "pk": 309,
        "model": "admin.logentry",
        "fields": {
            "action_flag": 3,
            "action_time": "2011-07-04 14:36:54",
            "object_repr": "",
            "object_id": "15",
            "change_message": "",
            "user": 1,
            "content_type": 31
        }
    },
    {
        "pk": 308,
        "model": "admin.logentry",
        "fields": {
            "action_flag": 2,
            "action_time": "2011-07-04 14:36:35",
            "object_repr": "Publications",
            "object_id": "8",
            "change_message": "Changed title, slug and moderator_state.",
            "user": 1,
            "content_type": 31
        }
    },
    {
        "pk": 307,
        "model": "admin.logentry",
        "fields": {
            "action_flag": 2,
            "action_time": "2011-07-04 14:36:12",
            "object_repr": "Data",
            "object_id": "7",
            "change_message": "Changed title, slug and moderator_state.",
            "user": 1,
            "content_type": 31
        }
    },
    {
        "pk": 306,
        "model": "admin.logentry",
        "fields": {
            "action_flag": 3,
            "action_time": "2011-07-04 14:35:59",
            "object_repr": "",
            "object_id": "6",
            "change_message": "",
            "user": 1,
            "content_type": 31
        }
    },
    {
        "pk": 305,
        "model": "admin.logentry",
        "fields": {
            "action_flag": 2,
            "action_time": "2011-07-04 14:35:51",
            "object_repr": "Method",
            "object_id": "5",
            "change_message": "Changed title, slug, template and moderator_state.",
            "user": 1,
            "content_type": 31
        }
    },
    {
        "pk": 304,
        "model": "admin.logentry",
        "fields": {
            "action_flag": 3,
            "action_time": "2011-07-04 14:34:53",
            "object_repr": "",
            "object_id": "4",
            "change_message": "",
            "user": 1,
            "content_type": 31
        }
    },
    {
        "pk": 303,
        "model": "admin.logentry",
        "fields": {
            "action_flag": 3,
            "action_time": "2011-07-04 14:34:47",
            "object_repr": "",
            "object_id": "3",
            "change_message": "",
            "user": 1,
            "content_type": 31
        }
    },
    {
        "pk": 302,
        "model": "admin.logentry",
        "fields": {
            "action_flag": 3,
            "action_time": "2011-07-04 14:34:39",
            "object_repr": "Nieuws",
            "object_id": "2",
            "change_message": "",
            "user": 1,
            "content_type": 31
        }
    },
    {
        "pk": 301,
        "model": "admin.logentry",
        "fields": {
            "action_flag": 2,
            "action_time": "2011-07-04 14:08:02",
            "object_repr": "Latest news",
            "object_id": "1",
            "change_message": "Changed title and slug.",
            "user": 1,
            "content_type": 28
        }
    },
    {
        "pk": 300,
        "model": "admin.logentry",
        "fields": {
            "action_flag": 2,
            "action_time": "2011-07-04 13:57:21",
            "object_repr": "Home",
            "object_id": "1",
            "change_message": "moderator_state gewijzigd.",
            "user": 1,
            "content_type": 31
        }
    },
    {
        "pk": 299,
        "model": "admin.logentry",
        "fields": {
            "action_flag": 2,
            "action_time": "2011-07-04 13:21:02",
            "object_repr": "Home",
            "object_id": "1",
            "change_message": "template en moderator_state gewijzigd.",
            "user": 1,
            "content_type": 31
        }
    },
    {
        "pk": 298,
        "model": "admin.logentry",
        "fields": {
            "action_flag": 3,
            "action_time": "2011-07-04 13:17:54",
            "object_repr": "Privacy/Disclaimer",
            "object_id": "13",
            "change_message": "",
            "user": 1,
            "content_type": 31
        }
    },
    {
        "pk": 297,
        "model": "admin.logentry",
        "fields": {
            "action_flag": 3,
            "action_time": "2011-07-04 13:17:48",
            "object_repr": "Inlogproblemen",
            "object_id": "11",
            "change_message": "",
            "user": 1,
            "content_type": 31
        }
    },
    {
        "pk": 296,
        "model": "admin.logentry",
        "fields": {
            "action_flag": 3,
            "action_time": "2011-07-04 13:17:40",
            "object_repr": "Archief",
            "object_id": "12",
            "change_message": "",
            "user": 1,
            "content_type": 31
        }
    },
    {
        "pk": 295,
        "model": "admin.logentry",
        "fields": {
            "action_flag": 2,
            "action_time": "2011-07-04 12:04:50",
            "object_repr": "admin",
            "object_id": "1",
            "change_message": "groups gewijzigd.",
            "user": 1,
            "content_type": 3
        }
    },
    {
        "pk": 294,
        "model": "admin.logentry",
        "fields": {
            "action_flag": 1,
            "action_time": "2011-07-04 12:04:30",
            "object_repr": "Administrator",
            "object_id": "1",
            "change_message": "",
            "user": 1,
            "content_type": 2
        }
    },
    {
        "pk": 293,
        "model": "admin.logentry",
        "fields": {
            "action_flag": 2,
            "action_time": "2011-04-07 23:34:56",
            "object_repr": "+Privacy/Disclaimer",
            "object_id": "13",
            "change_message": "template, language en moderator_state gewijzigd.",
            "user": 1,
            "content_type": 31
        }
    },
    {
        "pk": 292,
        "model": "admin.logentry",
        "fields": {
            "action_flag": 2,
            "action_time": "2011-04-07 23:13:43",
            "object_repr": "+Inlogproblemen",
            "object_id": "11",
            "change_message": "template, language en moderator_state gewijzigd.",
            "user": 1,
            "content_type": 31
        }
    },
    {
        "pk": 291,
        "model": "admin.logentry",
        "fields": {
            "action_flag": 3,
            "action_time": "2011-04-07 22:43:51",
            "object_repr": "How to make news",
            "object_id": "6",
            "change_message": "",
            "user": 1,
            "content_type": 29
        }
    },
    {
        "pk": 290,
        "model": "admin.logentry",
        "fields": {
            "action_flag": 1,
            "action_time": "2011-04-07 22:16:20",
            "object_repr": "+English learning materials",
            "object_id": "37",
            "change_message": "",
            "user": 1,
            "content_type": 31
        }
    },
    {
        "pk": 289,
        "model": "admin.logentry",
        "fields": {
            "action_flag": 1,
            "action_time": "2011-04-07 22:15:46",
            "object_repr": "+Materiaal middelbare school",
            "object_id": "36",
            "change_message": "",
            "user": 1,
            "content_type": 31
        }
    },
    {
        "pk": 288,
        "model": "admin.logentry",
        "fields": {
            "action_flag": 1,
            "action_time": "2011-04-07 22:15:25",
            "object_repr": "+Materiaal basisschool",
            "object_id": "35",
            "change_message": "",
            "user": 1,
            "content_type": 31
        }
    },
    {
        "pk": 287,
        "model": "admin.logentry",
        "fields": {
            "action_flag": 1,
            "action_time": "2011-04-07 22:15:02",
            "object_repr": "+Vragenlijst voor in de klas",
            "object_id": "34",
            "change_message": "",
            "user": 1,
            "content_type": 31
        }
    },
    {
        "pk": 286,
        "model": "admin.logentry",
        "fields": {
            "action_flag": 1,
            "action_time": "2011-04-07 22:14:27",
            "object_repr": "+Aanmelden als groep/klas",
            "object_id": "33",
            "change_message": "",
            "user": 1,
            "content_type": 31
        }
    },
    {
        "pk": 285,
        "model": "admin.logentry",
        "fields": {
            "action_flag": 2,
            "action_time": "2011-04-07 22:13:23",
            "object_repr": "+Relevante publicaties",
            "object_id": "32",
            "change_message": "title, published, language en moderator_state gewijzigd.",
            "user": 1,
            "content_type": 31
        }
    },
    {
        "pk": 284,
        "model": "admin.logentry",
        "fields": {
            "action_flag": 1,
            "action_time": "2011-04-07 22:13:04",
            "object_repr": "+Relevante publicaties",
            "object_id": "32",
            "change_message": "",
            "user": 1,
            "content_type": 31
        }
    },
    {
        "pk": 283,
        "model": "admin.logentry",
        "fields": {
            "action_flag": 1,
            "action_time": "2011-04-07 22:12:39",
            "object_repr": "+Basisinformatie",
            "object_id": "31",
            "change_message": "",
            "user": 1,
            "content_type": 31
        }
    },
    {
        "pk": 282,
        "model": "admin.logentry",
        "fields": {
            "action_flag": 1,
            "action_time": "2011-04-07 22:12:23",
            "object_repr": "+Waarom vaccinatie?",
            "object_id": "30",
            "change_message": "",
            "user": 1,
            "content_type": 31
        }
    },
    {
        "pk": 281,
        "model": "admin.logentry",
        "fields": {
            "action_flag": 1,
            "action_time": "2011-04-07 22:11:13",
            "object_repr": "+Actueel",
            "object_id": "29",
            "change_message": "",
            "user": 1,
            "content_type": 31
        }
    },
    {
        "pk": 280,
        "model": "admin.logentry",
        "fields": {
            "action_flag": 1,
            "action_time": "2011-04-07 22:10:42",
            "object_repr": "+Griepmeting logo's",
            "object_id": "28",
            "change_message": "",
            "user": 1,
            "content_type": 31
        }
    },
    {
        "pk": 279,
        "model": "admin.logentry",
        "fields": {
            "action_flag": 1,
            "action_time": "2011-04-07 22:09:52",
            "object_repr": "+Partners/Sponsors",
            "object_id": "27",
            "change_message": "",
            "user": 1,
            "content_type": 31
        }
    },
    {
        "pk": 278,
        "model": "admin.logentry",
        "fields": {
            "action_flag": 1,
            "action_time": "2011-04-07 22:09:33",
            "object_repr": "+Het GGM team",
            "object_id": "26",
            "change_message": "",
            "user": 1,
            "content_type": 31
        }
    },
    {
        "pk": 277,
        "model": "admin.logentry",
        "fields": {
            "action_flag": 1,
            "action_time": "2011-04-07 22:09:01",
            "object_repr": "+Resultaten",
            "object_id": "25",
            "change_message": "",
            "user": 1,
            "content_type": 31
        }
    },
    {
        "pk": 276,
        "model": "admin.logentry",
        "fields": {
            "action_flag": 1,
            "action_time": "2011-04-07 22:08:49",
            "object_repr": "+Achter de schermen",
            "object_id": "24",
            "change_message": "",
            "user": 1,
            "content_type": 31
        }
    },
    {
        "pk": 275,
        "model": "admin.logentry",
        "fields": {
            "action_flag": 1,
            "action_time": "2011-04-07 22:08:24",
            "object_repr": "+Aanmelden persoon/gezin",
            "object_id": "23",
            "change_message": "",
            "user": 1,
            "content_type": 31
        }
    },
    {
        "pk": 274,
        "model": "admin.logentry",
        "fields": {
            "action_flag": 1,
            "action_time": "2011-04-07 22:07:12",
            "object_repr": "+FAQ Het project",
            "object_id": "22",
            "change_message": "",
            "user": 1,
            "content_type": 31
        }
    },
    {
        "pk": 273,
        "model": "admin.logentry",
        "fields": {
            "action_flag": 1,
            "action_time": "2011-04-07 22:06:50",
            "object_repr": "+FAQ Griepvaccinatie",
            "object_id": "21",
            "change_message": "",
            "user": 1,
            "content_type": 31
        }
    },
    {
        "pk": 272,
        "model": "admin.logentry",
        "fields": {
            "action_flag": 1,
            "action_time": "2011-04-07 22:06:35",
            "object_repr": "+FAQ Vogelgriep",
            "object_id": "20",
            "change_message": "",
            "user": 1,
            "content_type": 31
        }
    },
    {
        "pk": 271,
        "model": "admin.logentry",
        "fields": {
            "action_flag": 2,
            "action_time": "2011-04-07 22:06:18",
            "object_repr": "+FAQ Wat is griep?",
            "object_id": "19",
            "change_message": "published, language en moderator_state gewijzigd.",
            "user": 1,
            "content_type": 31
        }
    },
    {
        "pk": 270,
        "model": "admin.logentry",
        "fields": {
            "action_flag": 1,
            "action_time": "2011-04-07 22:06:13",
            "object_repr": "+FAQ Wat is griep?",
            "object_id": "19",
            "change_message": "",
            "user": 1,
            "content_type": 31
        }
    },
    {
        "pk": 269,
        "model": "admin.logentry",
        "fields": {
            "action_flag": 2,
            "action_time": "2011-04-07 22:05:03",
            "object_repr": "+Kennisbank",
            "object_id": "18",
            "change_message": "published, language en moderator_state gewijzigd.",
            "user": 1,
            "content_type": 31
        }
    },
    {
        "pk": 268,
        "model": "admin.logentry",
        "fields": {
            "action_flag": 1,
            "action_time": "2011-04-07 22:04:59",
            "object_repr": "+Kennisbank",
            "object_id": "18",
            "change_message": "",
            "user": 1,
            "content_type": 31
        }
    },
    {
        "pk": 267,
        "model": "admin.logentry",
        "fields": {
            "action_flag": 2,
            "action_time": "2011-04-07 22:04:46",
            "object_repr": "+Ziekteverloop",
            "object_id": "17",
            "change_message": "published, language en moderator_state gewijzigd.",
            "user": 1,
            "content_type": 31
        }
    },
    {
        "pk": 266,
        "model": "admin.logentry",
        "fields": {
            "action_flag": 1,
            "action_time": "2011-04-07 22:04:38",
            "object_repr": "+Ziekteverloop",
            "object_id": "17",
            "change_message": "",
            "user": 1,
            "content_type": 31
        }
    },
    {
        "pk": 265,
        "model": "admin.logentry",
        "fields": {
            "action_flag": 2,
            "action_time": "2011-04-07 22:04:23",
            "object_repr": "+Hoe voorkom ik het?",
            "object_id": "16",
            "change_message": "published, language en moderator_state gewijzigd.",
            "user": 1,
            "content_type": 31
        }
    },
    {
        "pk": 264,
        "model": "admin.logentry",
        "fields": {
            "action_flag": 1,
            "action_time": "2011-04-07 22:04:15",
            "object_repr": "+Hoe voorkom ik het?",
            "object_id": "16",
            "change_message": "",
            "user": 1,
            "content_type": 31
        }
    },
    {
        "pk": 263,
        "model": "admin.logentry",
        "fields": {
            "action_flag": 1,
            "action_time": "2011-04-07 22:01:58",
            "object_repr": "FAQ",
            "object_id": "15",
            "change_message": "",
            "user": 1,
            "content_type": 31
        }
    },
    {
        "pk": 262,
        "model": "admin.logentry",
        "fields": {
            "action_flag": 1,
            "action_time": "2011-04-07 22:00:46",
            "object_repr": "+In de media/Pers",
            "object_id": "14",
            "change_message": "",
            "user": 1,
            "content_type": 31
        }
    },
    {
        "pk": 261,
        "model": "admin.logentry",
        "fields": {
            "action_flag": 1,
            "action_time": "2011-04-07 22:00:14",
            "object_repr": "+Privacy/Disclaimer",
            "object_id": "13",
            "change_message": "",
            "user": 1,
            "content_type": 31
        }
    },
    {
        "pk": 260,
        "model": "admin.logentry",
        "fields": {
            "action_flag": 1,
            "action_time": "2011-04-07 21:59:49",
            "object_repr": "+Archief",
            "object_id": "12",
            "change_message": "",
            "user": 1,
            "content_type": 31
        }
    },
    {
        "pk": 259,
        "model": "admin.logentry",
        "fields": {
            "action_flag": 2,
            "action_time": "2011-04-07 21:59:07",
            "object_repr": "+Inlogproblemen",
            "object_id": "11",
            "change_message": "published, language en moderator_state gewijzigd.",
            "user": 1,
            "content_type": 31
        }
    },
    {
        "pk": 258,
        "model": "admin.logentry",
        "fields": {
            "action_flag": 1,
            "action_time": "2011-04-07 21:58:59",
            "object_repr": "+Inlogproblemen",
            "object_id": "11",
            "change_message": "",
            "user": 1,
            "content_type": 31
        }
    },
    {
        "pk": 257,
        "model": "admin.logentry",
        "fields": {
            "action_flag": 2,
            "action_time": "2011-04-07 21:55:18",
            "object_repr": "Educatief",
            "object_id": "10",
            "change_message": "published, in_navigation, language en moderator_state gewijzigd.",
            "user": 1,
            "content_type": 31
        }
    },
    {
        "pk": 256,
        "model": "admin.logentry",
        "fields": {
            "action_flag": 1,
            "action_time": "2011-04-07 21:55:13",
            "object_repr": "Educatief",
            "object_id": "10",
            "change_message": "",
            "user": 1,
            "content_type": 31
        }
    },
    {
        "pk": 255,
        "model": "admin.logentry",
        "fields": {
            "action_flag": 2,
            "action_time": "2011-04-07 21:55:01",
            "object_repr": "Zorg",
            "object_id": "9",
            "change_message": "published, in_navigation, language en moderator_state gewijzigd.",
            "user": 1,
            "content_type": 31
        }
    },
    {
        "pk": 254,
        "model": "admin.logentry",
        "fields": {
            "action_flag": 1,
            "action_time": "2011-04-07 21:54:55",
            "object_repr": "Zorg",
            "object_id": "9",
            "change_message": "",
            "user": 1,
            "content_type": 31
        }
    },
    {
        "pk": 253,
        "model": "admin.logentry",
        "fields": {
            "action_flag": 2,
            "action_time": "2011-04-07 21:54:45",
            "object_repr": "Links",
            "object_id": "8",
            "change_message": "published, in_navigation, language en moderator_state gewijzigd.",
            "user": 1,
            "content_type": 31
        }
    },
    {
        "pk": 252,
        "model": "admin.logentry",
        "fields": {
            "action_flag": 1,
            "action_time": "2011-04-07 21:54:41",
            "object_repr": "Links",
            "object_id": "8",
            "change_message": "",
            "user": 1,
            "content_type": 31
        }
    },
    {
        "pk": 251,
        "model": "admin.logentry",
        "fields": {
            "action_flag": 2,
            "action_time": "2011-04-07 21:54:31",
            "object_repr": "Forum",
            "object_id": "7",
            "change_message": "published, in_navigation, language en moderator_state gewijzigd.",
            "user": 1,
            "content_type": 31
        }
    },
    {
        "pk": 250,
        "model": "admin.logentry",
        "fields": {
            "action_flag": 1,
            "action_time": "2011-04-07 21:54:26",
            "object_repr": "Forum",
            "object_id": "7",
            "change_message": "",
            "user": 1,
            "content_type": 31
        }
    },
    {
        "pk": 249,
        "model": "admin.logentry",
        "fields": {
            "action_flag": 2,
            "action_time": "2011-04-07 21:53:54",
            "object_repr": "Contact",
            "object_id": "6",
            "change_message": "published, in_navigation, language en moderator_state gewijzigd.",
            "user": 1,
            "content_type": 31
        }
    },
    {
        "pk": 248,
        "model": "admin.logentry",
        "fields": {
            "action_flag": 1,
            "action_time": "2011-04-07 21:53:26",
            "object_repr": "Contact",
            "object_id": "6",
            "change_message": "",
            "user": 1,
            "content_type": 31
        }
    },
    {
        "pk": 247,
        "model": "admin.logentry",
        "fields": {
            "action_flag": 2,
            "action_time": "2011-04-07 21:53:13",
            "object_repr": "Griepprijsvraag",
            "object_id": "5",
            "change_message": "published, in_navigation, language en moderator_state gewijzigd.",
            "user": 1,
            "content_type": 31
        }
    },
    {
        "pk": 246,
        "model": "admin.logentry",
        "fields": {
            "action_flag": 1,
            "action_time": "2011-04-07 21:53:08",
            "object_repr": "Griepprijsvraag",
            "object_id": "5",
            "change_message": "",
            "user": 1,
            "content_type": 31
        }
    },
    {
        "pk": 245,
        "model": "admin.logentry",
        "fields": {
            "action_flag": 2,
            "action_time": "2011-04-07 21:52:39",
            "object_repr": "Het Project",
            "object_id": "4",
            "change_message": "published, in_navigation, language en moderator_state gewijzigd.",
            "user": 1,
            "content_type": 31
        }
    },
    {
        "pk": 244,
        "model": "admin.logentry",
        "fields": {
            "action_flag": 2,
            "action_time": "2011-04-07 21:52:28",
            "object_repr": "Wat is griep?",
            "object_id": "3",
            "change_message": "slug, language en moderator_state gewijzigd.",
            "user": 1,
            "content_type": 31
        }
    },
    {
        "pk": 243,
        "model": "admin.logentry",
        "fields": {
            "action_flag": 1,
            "action_time": "2011-04-07 21:52:18",
            "object_repr": "Het Project",
            "object_id": "4",
            "change_message": "",
            "user": 1,
            "content_type": 31
        }
    },
    {
        "pk": 242,
        "model": "admin.logentry",
        "fields": {
            "action_flag": 2,
            "action_time": "2011-04-07 21:51:46",
            "object_repr": "Wat is griep?",
            "object_id": "3",
            "change_message": "published, in_navigation, language en moderator_state gewijzigd.",
            "user": 1,
            "content_type": 31
        }
    },
    {
        "pk": 241,
        "model": "admin.logentry",
        "fields": {
            "action_flag": 1,
            "action_time": "2011-04-07 21:51:26",
            "object_repr": "Wat is griep?",
            "object_id": "3",
            "change_message": "",
            "user": 1,
            "content_type": 31
        }
    },
    {
        "pk": 240,
        "model": "admin.logentry",
        "fields": {
            "action_flag": 3,
            "action_time": "2011-04-07 21:50:40",
            "object_repr": "Vragenlijst",
            "object_id": "8",
            "change_message": "",
            "user": 1,
            "content_type": 31
        }
    },
    {
        "pk": 239,
        "model": "admin.logentry",
        "fields": {
            "action_flag": 3,
            "action_time": "2011-04-07 21:50:34",
            "object_repr": "Wat is griep",
            "object_id": "6",
            "change_message": "",
            "user": 1,
            "content_type": 31
        }
    },
    {
        "pk": 238,
        "model": "admin.logentry",
        "fields": {
            "action_flag": 3,
            "action_time": "2011-04-07 21:50:21",
            "object_repr": "Het Project",
            "object_id": "3",
            "change_message": "",
            "user": 1,
            "content_type": 31
        }
    },
    {
        "pk": 237,
        "model": "admin.logentry",
        "fields": {
            "action_flag": 3,
            "action_time": "2011-04-07 21:49:50",
            "object_repr": "test",
            "object_id": "23",
            "change_message": "",
            "user": 1,
            "content_type": 31
        }
    },
    {
        "pk": 236,
        "model": "admin.logentry",
        "fields": {
            "action_flag": 3,
            "action_time": "2011-04-07 21:49:44",
            "object_repr": "test2",
            "object_id": "24",
            "change_message": "",
            "user": 1,
            "content_type": 31
        }
    },
    {
        "pk": 235,
        "model": "admin.logentry",
        "fields": {
            "action_flag": 3,
            "action_time": "2011-04-07 21:49:37",
            "object_repr": "",
            "object_id": "26",
            "change_message": "",
            "user": 1,
            "content_type": 31
        }
    },
    {
        "pk": 234,
        "model": "admin.logentry",
        "fields": {
            "action_flag": 3,
            "action_time": "2011-04-07 21:49:30",
            "object_repr": "",
            "object_id": "27",
            "change_message": "",
            "user": 1,
            "content_type": 31
        }
    },
    {
        "pk": 233,
        "model": "admin.logentry",
        "fields": {
            "action_flag": 2,
            "action_time": "2011-04-07 21:47:58",
            "object_repr": "Actueel",
            "object_id": "2",
            "change_message": "template, language en moderator_state gewijzigd.",
            "user": 1,
            "content_type": 31
        }
    },
    {
        "pk": 232,
        "model": "admin.logentry",
        "fields": {
            "action_flag": 3,
            "action_time": "2011-03-29 16:45:40",
            "object_repr": "+",
            "object_id": "16",
            "change_message": "",
            "user": 1,
            "content_type": 31
        }
    },
    {
        "pk": 231,
        "model": "admin.logentry",
        "fields": {
            "action_flag": 2,
            "action_time": "2011-03-29 16:43:54",
            "object_repr": "Nieuws",
            "object_id": "2",
            "change_message": "title, slug, template, language en moderator_state gewijzigd.",
            "user": 1,
            "content_type": 31
        }
    },
    {
        "pk": 230,
        "model": "admin.logentry",
        "fields": {
            "action_flag": 2,
            "action_time": "2011-03-22 14:55:10",
            "object_repr": "Home",
            "object_id": "1",
            "change_message": "template, language en moderator_state gewijzigd.",
            "user": 1,
            "content_type": 31
        }
    },
    {
        "pk": 229,
        "model": "admin.logentry",
        "fields": {
            "action_flag": 2,
            "action_time": "2011-03-22 14:54:51",
            "object_repr": "Home",
            "object_id": "1",
            "change_message": "template, language en moderator_state gewijzigd.",
            "user": 1,
            "content_type": 31
        }
    },
    {
        "pk": 228,
        "model": "admin.logentry",
        "fields": {
            "action_flag": 2,
            "action_time": "2011-03-22 14:45:48",
            "object_repr": "Home",
            "object_id": "1",
            "change_message": "template, language en moderator_state gewijzigd.",
            "user": 1,
            "content_type": 31
        }
    },
    {
        "pk": 227,
        "model": "admin.logentry",
        "fields": {
            "action_flag": 2,
            "action_time": "2011-03-22 14:34:27",
            "object_repr": "Home",
            "object_id": "1",
            "change_message": "template, language en moderator_state gewijzigd.",
            "user": 1,
            "content_type": 31
        }
    },
    {
        "pk": 226,
        "model": "admin.logentry",
        "fields": {
            "action_flag": 2,
            "action_time": "2011-03-20 18:36:12",
            "object_repr": "Vragenlijst",
            "object_id": "8",
            "change_message": "template, language en moderator_state gewijzigd.",
            "user": 1,
            "content_type": 31
        }
    },
    {
        "pk": 225,
        "model": "admin.logentry",
        "fields": {
            "action_flag": 3,
            "action_time": "2011-03-20 18:18:01",
            "object_repr": "Spelen en leren van griep",
            "object_id": "21",
            "change_message": "",
            "user": 1,
            "content_type": 31
        }
    },
    {
        "pk": 224,
        "model": "admin.logentry",
        "fields": {
            "action_flag": 2,
            "action_time": "2011-03-20 13:58:21",
            "object_repr": "Home",
            "object_id": "1",
            "change_message": "template, language en moderator_state gewijzigd.",
            "user": 1,
            "content_type": 31
        }
    },
    {
        "pk": 223,
        "model": "admin.logentry",
        "fields": {
            "action_flag": 2,
            "action_time": "2011-03-20 13:52:39",
            "object_repr": "Home",
            "object_id": "1",
            "change_message": "template, language en moderator_state gewijzigd.",
            "user": 1,
            "content_type": 31
        }
    },
    {
        "pk": 222,
        "model": "admin.logentry",
        "fields": {
            "action_flag": 2,
            "action_time": "2011-03-20 13:48:10",
            "object_repr": "Home",
            "object_id": "1",
            "change_message": "template, language en moderator_state gewijzigd.",
            "user": 1,
            "content_type": 31
        }
    },
    {
        "pk": 221,
        "model": "admin.logentry",
        "fields": {
            "action_flag": 3,
            "action_time": "2011-03-20 13:42:24",
            "object_repr": "http://www.studiotakken.nl",
            "object_id": "2",
            "change_message": "",
            "user": 1,
            "content_type": 7
        }
    },
    {
        "pk": 220,
        "model": "admin.logentry",
        "fields": {
            "action_flag": 2,
            "action_time": "2011-03-20 13:39:50",
            "object_repr": "admin",
            "object_id": "1",
            "change_message": "first_name, last_name en email gewijzigd.",
            "user": 1,
            "content_type": 3
        }
    },
    {
        "pk": 219,
        "model": "admin.logentry",
        "fields": {
            "action_flag": 3,
            "action_time": "2011-03-20 13:38:53",
            "object_repr": "ema",
            "object_id": "3",
            "change_message": "",
            "user": 1,
            "content_type": 3
        }
    },
    {
        "pk": 218,
        "model": "admin.logentry",
        "fields": {
            "action_flag": 3,
            "action_time": "2011-03-20 13:38:53",
            "object_repr": "bon",
            "object_id": "2",
            "change_message": "",
            "user": 1,
            "content_type": 3
        }
    },
    {
        "pk": 217,
        "model": "admin.logentry",
        "fields": {
            "action_flag": 2,
            "action_time": "2011-01-28 13:28:55",
            "object_repr": "bon",
            "object_id": "2",
            "change_message": "Changed first_name and last_name.",
            "user": 1,
            "content_type": 3
        }
    },
    {
        "pk": 216,
        "model": "admin.logentry",
        "fields": {
            "action_flag": 2,
            "action_time": "2010-12-23 11:20:49",
            "object_repr": "Extra survey",
            "object_id": "27",
            "change_message": "Changed login_required, menu_login_required, language and moderator_state.",
            "user": 1,
            "content_type": 31
        }
    },
    {
        "pk": 215,
        "model": "admin.logentry",
        "fields": {
            "action_flag": 1,
            "action_time": "2010-12-23 11:20:35",
            "object_repr": "Extra survey",
            "object_id": "27",
            "change_message": "",
            "user": 1,
            "content_type": 31
        }
    },
    {
        "pk": 214,
        "model": "admin.logentry",
        "fields": {
            "action_flag": 1,
            "action_time": "2010-12-22 15:32:01",
            "object_repr": "ema",
            "object_id": "3",
            "change_message": "",
            "user": 1,
            "content_type": 3
        }
    },
    {
        "pk": 213,
        "model": "admin.logentry",
        "fields": {
            "action_flag": 2,
            "action_time": "2010-11-05 10:19:58",
            "object_repr": "bon",
            "object_id": "2",
            "change_message": "Changed is_active.",
            "user": 1,
            "content_type": 3
        }
    },
    {
        "pk": 212,
        "model": "admin.logentry",
        "fields": {
            "action_flag": 2,
            "action_time": "2010-11-05 10:18:59",
            "object_repr": "admin",
            "object_id": "1",
            "change_message": "Changed email.",
            "user": 1,
            "content_type": 3
        }
    },
    {
        "pk": 211,
        "model": "admin.logentry",
        "fields": {
            "action_flag": 3,
            "action_time": "2010-11-05 10:18:41",
            "object_repr": "zo",
            "object_id": "3",
            "change_message": "",
            "user": 1,
            "content_type": 3
        }
    },
    {
        "pk": 210,
        "model": "admin.logentry",
        "fields": {
            "action_flag": 3,
            "action_time": "2010-11-05 10:18:40",
            "object_repr": "bon",
            "object_id": "2",
            "change_message": "",
            "user": 1,
            "content_type": 3
        }
    },
    {
        "pk": 209,
        "model": "admin.logentry",
        "fields": {
            "action_flag": 2,
            "action_time": "2010-11-04 12:51:09",
            "object_repr": "zo",
            "object_id": "3",
            "change_message": "Changed is_active.",
            "user": 1,
            "content_type": 3
        }
    },
    {
        "pk": 208,
        "model": "admin.logentry",
        "fields": {
            "action_flag": 2,
            "action_time": "2010-11-03 16:24:26",
            "object_repr": "bon",
            "object_id": "2",
            "change_message": "Changed is_active.",
            "user": 1,
            "content_type": 3
        }
    },
    {
        "pk": 207,
        "model": "admin.logentry",
        "fields": {
            "action_flag": 1,
            "action_time": "2010-10-14 12:42:15",
            "object_repr": "ditt is me",
            "object_id": "26",
            "change_message": "",
            "user": 1,
            "content_type": 31
        }
    },
    {
        "pk": 206,
        "model": "admin.logentry",
        "fields": {
            "action_flag": 2,
            "action_time": "2010-10-14 12:01:56",
            "object_repr": "++Wat moet ik doen?",
            "object_id": "19",
            "change_message": "language en moderator_state gewijzigd.",
            "user": 1,
            "content_type": 31
        }
    },
    {
        "pk": 205,
        "model": "admin.logentry",
        "fields": {
            "action_flag": 2,
            "action_time": "2010-10-14 11:59:57",
            "object_repr": "++Hoe kan ik meedoen",
            "object_id": "19",
            "change_message": "title, slug, language en moderator_state gewijzigd.",
            "user": 1,
            "content_type": 31
        }
    },
    {
        "pk": 204,
        "model": "admin.logentry",
        "fields": {
            "action_flag": 2,
            "action_time": "2010-10-14 11:17:17",
            "object_repr": "++Aanmelden ",
            "object_id": "25",
            "change_message": "language en moderator_state gewijzigd.",
            "user": 1,
            "content_type": 31
        }
    },
    {
        "pk": 203,
        "model": "admin.logentry",
        "fields": {
            "action_flag": 1,
            "action_time": "2010-10-14 11:15:34",
            "object_repr": "++Aanmelden ",
            "object_id": "25",
            "change_message": "",
            "user": 1,
            "content_type": 31
        }
    },
    {
        "pk": 202,
        "model": "admin.logentry",
        "fields": {
            "action_flag": 3,
            "action_time": "2010-10-14 11:14:43",
            "object_repr": "++Hoe kan ik meedoen?",
            "object_id": "25",
            "change_message": "",
            "user": 1,
            "content_type": 31
        }
    },
    {
        "pk": 201,
        "model": "admin.logentry",
        "fields": {
            "action_flag": 1,
            "action_time": "2010-10-14 11:13:58",
            "object_repr": "Hoe kan ik meedoen?",
            "object_id": "25",
            "change_message": "",
            "user": 1,
            "content_type": 31
        }
    },
    {
        "pk": 200,
        "model": "admin.logentry",
        "fields": {
            "action_flag": 2,
            "action_time": "2010-10-14 11:12:58",
            "object_repr": "+Meedoen",
            "object_id": "18",
            "change_message": "language en moderator_state gewijzigd.",
            "user": 1,
            "content_type": 31
        }
    },
    {
        "pk": 199,
        "model": "admin.logentry",
        "fields": {
            "action_flag": 2,
            "action_time": "2010-10-14 11:03:22",
            "object_repr": "+Uniek",
            "object_id": "9",
            "change_message": "language en moderator_state gewijzigd.",
            "user": 1,
            "content_type": 31
        }
    },
    {
        "pk": 198,
        "model": "admin.logentry",
        "fields": {
            "action_flag": 2,
            "action_time": "2010-10-14 11:00:34",
            "object_repr": "+Partijen",
            "object_id": "5",
            "change_message": "language en moderator_state gewijzigd.",
            "user": 1,
            "content_type": 31
        }
    },
    {
        "pk": 197,
        "model": "admin.logentry",
        "fields": {
            "action_flag": 2,
            "action_time": "2010-10-14 10:52:07",
            "object_repr": "+Partijen",
            "object_id": "5",
            "change_message": "language en moderator_state gewijzigd.",
            "user": 1,
            "content_type": 31
        }
    },
    {
        "pk": 196,
        "model": "admin.logentry",
        "fields": {
            "action_flag": 2,
            "action_time": "2010-09-28 08:10:55",
            "object_repr": "test2",
            "object_id": "24",
            "change_message": "language en moderator_state gewijzigd.",
            "user": 1,
            "content_type": 31
        }
    },
    {
        "pk": 195,
        "model": "admin.logentry",
        "fields": {
            "action_flag": 2,
            "action_time": "2010-09-28 08:08:44",
            "object_repr": "test2",
            "object_id": "24",
            "change_message": "language en moderator_state gewijzigd.",
            "user": 1,
            "content_type": 31
        }
    },
    {
        "pk": 194,
        "model": "admin.logentry",
        "fields": {
            "action_flag": 2,
            "action_time": "2010-09-28 08:07:29",
            "object_repr": "test2",
            "object_id": "24",
            "change_message": "language en moderator_state gewijzigd.",
            "user": 1,
            "content_type": 31
        }
    },
    {
        "pk": 193,
        "model": "admin.logentry",
        "fields": {
            "action_flag": 2,
            "action_time": "2010-09-28 08:01:16",
            "object_repr": "test2",
            "object_id": "24",
            "change_message": "language en moderator_state gewijzigd.",
            "user": 1,
            "content_type": 31
        }
    },
    {
        "pk": 192,
        "model": "admin.logentry",
        "fields": {
            "action_flag": 2,
            "action_time": "2010-09-28 07:50:24",
            "object_repr": "test2",
            "object_id": "24",
            "change_message": "language en moderator_state gewijzigd.",
            "user": 1,
            "content_type": 31
        }
    },
    {
        "pk": 191,
        "model": "admin.logentry",
        "fields": {
            "action_flag": 2,
            "action_time": "2010-09-28 02:28:38",
            "object_repr": "test2",
            "object_id": "24",
            "change_message": "language en moderator_state gewijzigd.",
            "user": 1,
            "content_type": 31
        }
    },
    {
        "pk": 190,
        "model": "admin.logentry",
        "fields": {
            "action_flag": 2,
            "action_time": "2010-09-28 02:27:08",
            "object_repr": "test2",
            "object_id": "24",
            "change_message": "language en moderator_state gewijzigd.",
            "user": 1,
            "content_type": 31
        }
    },
    {
        "pk": 189,
        "model": "admin.logentry",
        "fields": {
            "action_flag": 1,
            "action_time": "2010-09-28 02:26:47",
            "object_repr": "test2",
            "object_id": "24",
            "change_message": "",
            "user": 1,
            "content_type": 31
        }
    },
    {
        "pk": 188,
        "model": "admin.logentry",
        "fields": {
            "action_flag": 2,
            "action_time": "2010-09-28 01:42:15",
            "object_repr": "test",
            "object_id": "23",
            "change_message": "language en moderator_state gewijzigd.",
            "user": 1,
            "content_type": 31
        }
    },
    {
        "pk": 187,
        "model": "admin.logentry",
        "fields": {
            "action_flag": 2,
            "action_time": "2010-09-28 01:36:47",
            "object_repr": "test",
            "object_id": "23",
            "change_message": "template, language en moderator_state gewijzigd.",
            "user": 1,
            "content_type": 31
        }
    },
    {
        "pk": 186,
        "model": "admin.logentry",
        "fields": {
            "action_flag": 2,
            "action_time": "2010-09-28 01:24:29",
            "object_repr": "test",
            "object_id": "23",
            "change_message": "language en moderator_state gewijzigd.",
            "user": 1,
            "content_type": 31
        }
    },
    {
        "pk": 185,
        "model": "admin.logentry",
        "fields": {
            "action_flag": 2,
            "action_time": "2010-09-28 01:19:46",
            "object_repr": "test",
            "object_id": "23",
            "change_message": "language en moderator_state gewijzigd.",
            "user": 1,
            "content_type": 31
        }
    },
    {
        "pk": 184,
        "model": "admin.logentry",
        "fields": {
            "action_flag": 1,
            "action_time": "2010-09-28 01:19:26",
            "object_repr": "test",
            "object_id": "23",
            "change_message": "",
            "user": 1,
            "content_type": 31
        }
    },
    {
        "pk": 183,
        "model": "admin.logentry",
        "fields": {
            "action_flag": 3,
            "action_time": "2010-09-26 19:44:40",
            "object_repr": "+Veel gestelde vragen over gripe",
            "object_id": "23",
            "change_message": "",
            "user": 1,
            "content_type": 31
        }
    },
    {
        "pk": 182,
        "model": "admin.logentry",
        "fields": {
            "action_flag": 1,
            "action_time": "2010-09-26 19:44:11",
            "object_repr": "+Veel gestelde vragen over gripe",
            "object_id": "23",
            "change_message": "",
            "user": 1,
            "content_type": 31
        }
    },
    {
        "pk": 181,
        "model": "admin.logentry",
        "fields": {
            "action_flag": 2,
            "action_time": "2010-09-26 19:41:46",
            "object_repr": "+Het grote griepspel",
            "object_id": "22",
            "change_message": "language en moderator_state gewijzigd.",
            "user": 1,
            "content_type": 31
        }
    },
    {
        "pk": 180,
        "model": "admin.logentry",
        "fields": {
            "action_flag": 1,
            "action_time": "2010-09-26 19:41:05",
            "object_repr": "+Het grote griepspel",
            "object_id": "22",
            "change_message": "",
            "user": 1,
            "content_type": 31
        }
    },
    {
        "pk": 179,
        "model": "admin.logentry",
        "fields": {
            "action_flag": 2,
            "action_time": "2010-09-26 19:39:33",
            "object_repr": "Spelen en leren van griep",
            "object_id": "21",
            "change_message": "template, language en moderator_state gewijzigd.",
            "user": 1,
            "content_type": 31
        }
    },
    {
        "pk": 178,
        "model": "admin.logentry",
        "fields": {
            "action_flag": 2,
            "action_time": "2010-09-26 19:39:14",
            "object_repr": "Spelen en leren van griep",
            "object_id": "21",
            "change_message": "template, language en moderator_state gewijzigd.",
            "user": 1,
            "content_type": 31
        }
    },
    {
        "pk": 177,
        "model": "admin.logentry",
        "fields": {
            "action_flag": 2,
            "action_time": "2010-09-26 19:37:31",
            "object_repr": "Spelen en leren van griep",
            "object_id": "21",
            "change_message": "language en moderator_state gewijzigd.",
            "user": 1,
            "content_type": 31
        }
    },
    {
        "pk": 176,
        "model": "admin.logentry",
        "fields": {
            "action_flag": 1,
            "action_time": "2010-09-26 19:35:49",
            "object_repr": "Spelen en leren van griep",
            "object_id": "21",
            "change_message": "",
            "user": 1,
            "content_type": 31
        }
    },
    {
        "pk": 175,
        "model": "admin.logentry",
        "fields": {
            "action_flag": 2,
            "action_time": "2010-09-26 18:09:06",
            "object_repr": "degrotegriepmeting.nl",
            "object_id": "1",
            "change_message": "domain en name gewijzigd.",
            "user": 1,
            "content_type": 7
        }
    },
    {
        "pk": 174,
        "model": "admin.logentry",
        "fields": {
            "action_flag": 3,
            "action_time": "2010-09-26 18:08:50",
            "object_repr": "degrotegriepmeting.nl",
            "object_id": "3",
            "change_message": "",
            "user": 1,
            "content_type": 7
        }
    },
    {
        "pk": 173,
        "model": "admin.logentry",
        "fields": {
            "action_flag": 1,
            "action_time": "2010-09-26 18:05:14",
            "object_repr": "degrotegriepmeting.nl",
            "object_id": "3",
            "change_message": "",
            "user": 1,
            "content_type": 7
        }
    },
    {
        "pk": 172,
        "model": "admin.logentry",
        "fields": {
            "action_flag": 2,
            "action_time": "2010-09-26 18:02:18",
            "object_repr": "Vragenlijst",
            "object_id": "8",
            "change_message": "title, slug, language en moderator_state gewijzigd.",
            "user": 1,
            "content_type": 31
        }
    },
    {
        "pk": 171,
        "model": "admin.logentry",
        "fields": {
            "action_flag": 2,
            "action_time": "2010-09-26 18:01:26",
            "object_repr": "+De oorsprong en betekenis van het woord 'Griep' ",
            "object_id": "15",
            "change_message": "title, slug, template, language en moderator_state gewijzigd.",
            "user": 1,
            "content_type": 31
        }
    },
    {
        "pk": 170,
        "model": "admin.logentry",
        "fields": {
            "action_flag": 2,
            "action_time": "2010-09-26 18:00:23",
            "object_repr": "+Het gevaar van Influenza",
            "object_id": "14",
            "change_message": "title, slug, template, language en moderator_state gewijzigd.",
            "user": 1,
            "content_type": 31
        }
    },
    {
        "pk": 169,
        "model": "admin.logentry",
        "fields": {
            "action_flag": 2,
            "action_time": "2010-09-26 17:58:51",
            "object_repr": "+Ziekteverloop",
            "object_id": "13",
            "change_message": "title, slug, template, language en moderator_state gewijzigd.",
            "user": 1,
            "content_type": 31
        }
    },
    {
        "pk": 168,
        "model": "admin.logentry",
        "fields": {
            "action_flag": 2,
            "action_time": "2010-09-26 17:55:59",
            "object_repr": "+Veel gestelde vragen over griep",
            "object_id": "12",
            "change_message": "title, language en moderator_state gewijzigd.",
            "user": 1,
            "content_type": 31
        }
    },
    {
        "pk": 167,
        "model": "admin.logentry",
        "fields": {
            "action_flag": 2,
            "action_time": "2010-09-26 17:55:10",
            "object_repr": "+Veel gestelde vragen over griep",
            "object_id": "12",
            "change_message": "template, language en moderator_state gewijzigd.",
            "user": 1,
            "content_type": 31
        }
    },
    {
        "pk": 166,
        "model": "admin.logentry",
        "fields": {
            "action_flag": 2,
            "action_time": "2010-09-26 17:53:34",
            "object_repr": "+Veel gestelde vragen over griep",
            "object_id": "12",
            "change_message": "language en moderator_state gewijzigd.",
            "user": 1,
            "content_type": 31
        }
    },
    {
        "pk": 165,
        "model": "admin.logentry",
        "fields": {
            "action_flag": 2,
            "action_time": "2010-09-26 17:52:48",
            "object_repr": "+Veel gestelde vragen over griep",
            "object_id": "12",
            "change_message": "title, slug, language en moderator_state gewijzigd.",
            "user": 1,
            "content_type": 31
        }
    },
    {
        "pk": 164,
        "model": "admin.logentry",
        "fields": {
            "action_flag": 2,
            "action_time": "2010-09-26 00:22:54",
            "object_repr": "Wat is griep",
            "object_id": "6",
            "change_message": "title, slug, template, language en moderator_state gewijzigd.",
            "user": 1,
            "content_type": 31
        }
    },
    {
        "pk": 163,
        "model": "admin.logentry",
        "fields": {
            "action_flag": 3,
            "action_time": "2010-09-25 23:07:11",
            "object_repr": "+Uniek",
            "object_id": "21",
            "change_message": "",
            "user": 1,
            "content_type": 31
        }
    },
    {
        "pk": 162,
        "model": "admin.logentry",
        "fields": {
            "action_flag": 2,
            "action_time": "2010-09-25 23:06:56",
            "object_repr": "+Uniek",
            "object_id": "21",
            "change_message": "language en moderator_state gewijzigd.",
            "user": 1,
            "content_type": 31
        }
    },
    {
        "pk": 161,
        "model": "admin.logentry",
        "fields": {
            "action_flag": 2,
            "action_time": "2010-09-25 23:05:46",
            "object_repr": "+Disclaimer / Medische vrijwaring Grote Griepmeting, juli 2010",
            "object_id": "17",
            "change_message": "title, slug, language en moderator_state gewijzigd.",
            "user": 1,
            "content_type": 31
        }
    },
    {
        "pk": 160,
        "model": "admin.logentry",
        "fields": {
            "action_flag": 2,
            "action_time": "2010-09-25 23:04:10",
            "object_repr": "++Aanmelden als individu",
            "object_id": "20",
            "change_message": "title, slug, language en moderator_state gewijzigd.",
            "user": 1,
            "content_type": 31
        }
    },
    {
        "pk": 159,
        "model": "admin.logentry",
        "fields": {
            "action_flag": 2,
            "action_time": "2010-09-25 23:03:18",
            "object_repr": "++Hoe kan ik meedoen",
            "object_id": "19",
            "change_message": "title, slug, language en moderator_state gewijzigd.",
            "user": 1,
            "content_type": 31
        }
    },
    {
        "pk": 158,
        "model": "admin.logentry",
        "fields": {
            "action_flag": 2,
            "action_time": "2010-09-25 23:01:53",
            "object_repr": "++Sponsors",
            "object_id": "4",
            "change_message": "language en moderator_state gewijzigd.",
            "user": 1,
            "content_type": 31
        }
    },
    {
        "pk": 157,
        "model": "admin.logentry",
        "fields": {
            "action_flag": 2,
            "action_time": "2010-09-25 23:00:56",
            "object_repr": "Deelnemende partijen - Info",
            "object_id": "5",
            "change_message": "html gewijzigd.",
            "user": 1,
            "content_type": 25
        }
    },
    {
        "pk": 156,
        "model": "admin.logentry",
        "fields": {
            "action_flag": 2,
            "action_time": "2010-09-25 22:59:26",
            "object_repr": "Deelnemende partijen - Info",
            "object_id": "5",
            "change_message": "Geen velden gewijzigd.",
            "user": 1,
            "content_type": 25
        }
    },
    {
        "pk": 155,
        "model": "admin.logentry",
        "fields": {
            "action_flag": 2,
            "action_time": "2010-09-25 22:59:26",
            "object_repr": "Deelnemende partijen - Info",
            "object_id": "5",
            "change_message": "Geen velden gewijzigd.",
            "user": 1,
            "content_type": 25
        }
    },
    {
        "pk": 154,
        "model": "admin.logentry",
        "fields": {
            "action_flag": 2,
            "action_time": "2010-09-25 22:58:54",
            "object_repr": "++Deelnemende partijen",
            "object_id": "10",
            "change_message": "title, language en moderator_state gewijzigd.",
            "user": 1,
            "content_type": 31
        }
    },
    {
        "pk": 153,
        "model": "admin.logentry",
        "fields": {
            "action_flag": 2,
            "action_time": "2010-09-25 22:58:42",
            "object_repr": "++Deelnemende partijen",
            "object_id": "10",
            "change_message": "title, language en moderator_state gewijzigd.",
            "user": 1,
            "content_type": 31
        }
    },
    {
        "pk": 152,
        "model": "admin.logentry",
        "fields": {
            "action_flag": 2,
            "action_time": "2010-09-25 22:57:59",
            "object_repr": "Deelnemende partijen - Info",
            "object_id": "5",
            "change_message": "html gewijzigd.",
            "user": 1,
            "content_type": 25
        }
    },
    {
        "pk": 151,
        "model": "admin.logentry",
        "fields": {
            "action_flag": 2,
            "action_time": "2010-09-25 22:57:29",
            "object_repr": "++Deelnemende partijen",
            "object_id": "10",
            "change_message": "slug, language en moderator_state gewijzigd.",
            "user": 1,
            "content_type": 31
        }
    },
    {
        "pk": 150,
        "model": "admin.logentry",
        "fields": {
            "action_flag": 2,
            "action_time": "2010-09-25 22:57:12",
            "object_repr": "++Deelnemende partijen",
            "object_id": "10",
            "change_message": "slug, language en moderator_state gewijzigd.",
            "user": 1,
            "content_type": 31
        }
    },
    {
        "pk": 149,
        "model": "admin.logentry",
        "fields": {
            "action_flag": 2,
            "action_time": "2010-09-25 22:53:06",
            "object_repr": "Deelnemende partijen - Info",
            "object_id": "5",
            "change_message": "html gewijzigd.",
            "user": 1,
            "content_type": 25
        }
    },
    {
        "pk": 148,
        "model": "admin.logentry",
        "fields": {
            "action_flag": 2,
            "action_time": "2010-09-25 22:49:05",
            "object_repr": "++Sponsors",
            "object_id": "4",
            "change_message": "title, slug, language en moderator_state gewijzigd.",
            "user": 1,
            "content_type": 31
        }
    },
    {
        "pk": 147,
        "model": "admin.logentry",
        "fields": {
            "action_flag": 2,
            "action_time": "2010-09-25 22:43:45",
            "object_repr": "++Medewerkers",
            "object_id": "11",
            "change_message": "language en moderator_state gewijzigd.",
            "user": 1,
            "content_type": 31
        }
    },
    {
        "pk": 146,
        "model": "admin.logentry",
        "fields": {
            "action_flag": 2,
            "action_time": "2010-09-25 22:42:15",
            "object_repr": "++Medewerkers",
            "object_id": "11",
            "change_message": "title, slug, language en moderator_state gewijzigd.",
            "user": 1,
            "content_type": 31
        }
    },
    {
        "pk": 145,
        "model": "admin.logentry",
        "fields": {
            "action_flag": 2,
            "action_time": "2010-09-25 22:38:36",
            "object_repr": "+Partijen",
            "object_id": "5",
            "change_message": "title, slug, language en moderator_state gewijzigd.",
            "user": 1,
            "content_type": 31
        }
    },
    {
        "pk": 144,
        "model": "admin.logentry",
        "fields": {
            "action_flag": 2,
            "action_time": "2010-09-25 22:33:51",
            "object_repr": "+Deelnemende partijen",
            "object_id": "10",
            "change_message": "language en moderator_state gewijzigd.",
            "user": 1,
            "content_type": 31
        }
    },
    {
        "pk": 143,
        "model": "admin.logentry",
        "fields": {
            "action_flag": 2,
            "action_time": "2010-09-25 22:33:26",
            "object_repr": "+Deelnemende partijen",
            "object_id": "10",
            "change_message": "language en moderator_state gewijzigd.",
            "user": 1,
            "content_type": 31
        }
    },
    {
        "pk": 142,
        "model": "admin.logentry",
        "fields": {
            "action_flag": 2,
            "action_time": "2010-09-25 22:32:12",
            "object_repr": "+Deelnemende partijen",
            "object_id": "10",
            "change_message": "title, slug, language en moderator_state gewijzigd.",
            "user": 1,
            "content_type": 31
        }
    },
    {
        "pk": 141,
        "model": "admin.logentry",
        "fields": {
            "action_flag": 2,
            "action_time": "2010-09-25 22:31:59",
            "object_repr": "+Deelnemende partijen",
            "object_id": "10",
            "change_message": "slug, language en moderator_state gewijzigd.",
            "user": 1,
            "content_type": 31
        }
    },
    {
        "pk": 140,
        "model": "admin.logentry",
        "fields": {
            "action_flag": 2,
            "action_time": "2010-09-25 22:30:50",
            "object_repr": "+Uniek",
            "object_id": "9",
            "change_message": "title, slug, language en moderator_state gewijzigd.",
            "user": 1,
            "content_type": 31
        }
    },
    {
        "pk": 139,
        "model": "admin.logentry",
        "fields": {
            "action_flag": 2,
            "action_time": "2010-09-25 22:29:51",
            "object_repr": "Nieuws",
            "object_id": "2",
            "change_message": "title, slug, language en moderator_state gewijzigd.",
            "user": 1,
            "content_type": 31
        }
    },
    {
        "pk": 138,
        "model": "admin.logentry",
        "fields": {
            "action_flag": 2,
            "action_time": "2010-09-25 22:24:10",
            "object_repr": "Het Project",
            "object_id": "3",
            "change_message": "title, slug, language en moderator_state gewijzigd.",
            "user": 1,
            "content_type": 31
        }
    },
    {
        "pk": 137,
        "model": "admin.logentry",
        "fields": {
            "action_flag": 2,
            "action_time": "2010-09-25 22:22:09",
            "object_repr": "+Meedoen",
            "object_id": "18",
            "change_message": "title, slug, language en moderator_state gewijzigd.",
            "user": 1,
            "content_type": 31
        }
    },
    {
        "pk": 136,
        "model": "admin.logentry",
        "fields": {
            "action_flag": 2,
            "action_time": "2010-09-25 22:02:30",
            "object_repr": "Home",
            "object_id": "1",
            "change_message": "title, slug, language en moderator_state gewijzigd.",
            "user": 1,
            "content_type": 31
        }
    },
    {
        "pk": 135,
        "model": "admin.logentry",
        "fields": {
            "action_flag": 2,
            "action_time": "2010-09-22 14:07:20",
            "object_repr": "+Deelnemende partijen",
            "object_id": "10",
            "change_message": "Changed template, language and moderator_state.",
            "user": 1,
            "content_type": 31
        }
    },
    {
        "pk": 134,
        "model": "admin.logentry",
        "fields": {
            "action_flag": 2,
            "action_time": "2010-09-22 14:07:06",
            "object_repr": "+Deelnemende partijen",
            "object_id": "10",
            "change_message": "Changed template, language and moderator_state.",
            "user": 1,
            "content_type": 31
        }
    },
    {
        "pk": 133,
        "model": "admin.logentry",
        "fields": {
            "action_flag": 2,
            "action_time": "2010-09-22 14:06:17",
            "object_repr": "Disclaimer / Medische vrijwaring Grote Griepmeting, juli 2010",
            "object_id": "17",
            "change_message": "Changed template, language and moderator_state.",
            "user": 1,
            "content_type": 31
        }
    },
    {
        "pk": 132,
        "model": "admin.logentry",
        "fields": {
            "action_flag": 2,
            "action_time": "2010-09-22 14:06:01",
            "object_repr": "++Aanmelden als individu",
            "object_id": "20",
            "change_message": "Changed template, language and moderator_state.",
            "user": 1,
            "content_type": 31
        }
    },
    {
        "pk": 131,
        "model": "admin.logentry",
        "fields": {
            "action_flag": 2,
            "action_time": "2010-09-22 14:05:44",
            "object_repr": "+Uniek",
            "object_id": "9",
            "change_message": "Changed language and moderator_state.",
            "user": 1,
            "content_type": 31
        }
    },
    {
        "pk": 130,
        "model": "admin.logentry",
        "fields": {
            "action_flag": 2,
            "action_time": "2010-09-22 14:05:40",
            "object_repr": "++Medewerkers",
            "object_id": "11",
            "change_message": "Changed template, language and moderator_state.",
            "user": 1,
            "content_type": 31
        }
    },
    {
        "pk": 129,
        "model": "admin.logentry",
        "fields": {
            "action_flag": 2,
            "action_time": "2010-09-22 14:04:13",
            "object_repr": "+Deelnemende partijen",
            "object_id": "10",
            "change_message": "Changed template, language and moderator_state.",
            "user": 1,
            "content_type": 31
        }
    },
    {
        "pk": 128,
        "model": "admin.logentry",
        "fields": {
            "action_flag": 2,
            "action_time": "2010-09-22 14:03:46",
            "object_repr": "+Uniek",
            "object_id": "9",
            "change_message": "Changed template, language and moderator_state.",
            "user": 1,
            "content_type": 31
        }
    },
    {
        "pk": 127,
        "model": "admin.logentry",
        "fields": {
            "action_flag": 2,
            "action_time": "2010-09-22 14:03:41",
            "object_repr": "+Partijen",
            "object_id": "5",
            "change_message": "Changed template, language and moderator_state.",
            "user": 1,
            "content_type": 31
        }
    },
    {
        "pk": 126,
        "model": "admin.logentry",
        "fields": {
            "action_flag": 2,
            "action_time": "2010-09-22 14:02:06",
            "object_repr": "+Meedoen",
            "object_id": "18",
            "change_message": "Changed template, language and moderator_state.",
            "user": 1,
            "content_type": 31
        }
    },
    {
        "pk": 125,
        "model": "admin.logentry",
        "fields": {
            "action_flag": 2,
            "action_time": "2010-09-22 14:01:44",
            "object_repr": "Het Project",
            "object_id": "3",
            "change_message": "Changed template, language and moderator_state.",
            "user": 1,
            "content_type": 31
        }
    },
    {
        "pk": 124,
        "model": "admin.logentry",
        "fields": {
            "action_flag": 1,
            "action_time": "2010-09-22 11:33:46",
            "object_repr": "Aanmelden als individu",
            "object_id": "20",
            "change_message": "",
            "user": 1,
            "content_type": 31
        }
    },
    {
        "pk": 123,
        "model": "admin.logentry",
        "fields": {
            "action_flag": 1,
            "action_time": "2010-09-22 11:25:14",
            "object_repr": "Hoe kan ik meedoen",
            "object_id": "19",
            "change_message": "",
            "user": 1,
            "content_type": 31
        }
    },
    {
        "pk": 122,
        "model": "admin.logentry",
        "fields": {
            "action_flag": 1,
            "action_time": "2010-09-22 11:22:05",
            "object_repr": "Meedoen",
            "object_id": "18",
            "change_message": "",
            "user": 1,
            "content_type": 31
        }
    },
    {
        "pk": 121,
        "model": "admin.logentry",
        "fields": {
            "action_flag": 2,
            "action_time": "2010-09-22 10:59:09",
            "object_repr": "Het Project",
            "object_id": "3",
            "change_message": "Changed template, language and moderator_state.",
            "user": 1,
            "content_type": 31
        }
    },
    {
        "pk": 120,
        "model": "admin.logentry",
        "fields": {
            "action_flag": 2,
            "action_time": "2010-09-22 10:58:41",
            "object_repr": "Het Project",
            "object_id": "3",
            "change_message": "Changed language and moderator_state.",
            "user": 1,
            "content_type": 31
        }
    },
    {
        "pk": 119,
        "model": "admin.logentry",
        "fields": {
            "action_flag": 2,
            "action_time": "2010-09-22 10:58:01",
            "object_repr": "Het Project",
            "object_id": "3",
            "change_message": "Changed language and moderator_state.",
            "user": 1,
            "content_type": 31
        }
    },
    {
        "pk": 118,
        "model": "admin.logentry",
        "fields": {
            "action_flag": 2,
            "action_time": "2010-09-22 10:43:02",
            "object_repr": "Het Project",
            "object_id": "3",
            "change_message": "Changed template, language and moderator_state.",
            "user": 1,
            "content_type": 31
        }
    },
    {
        "pk": 117,
        "model": "admin.logentry",
        "fields": {
            "action_flag": 2,
            "action_time": "2010-09-22 10:41:18",
            "object_repr": "Het Project",
            "object_id": "3",
            "change_message": "Changed language and moderator_state.",
            "user": 1,
            "content_type": 31
        }
    },
    {
        "pk": 116,
        "model": "admin.logentry",
        "fields": {
            "action_flag": 2,
            "action_time": "2010-09-22 10:37:44",
            "object_repr": "Het Project",
            "object_id": "3",
            "change_message": "Changed template, language and moderator_state.",
            "user": 1,
            "content_type": 31
        }
    },
    {
        "pk": 115,
        "model": "admin.logentry",
        "fields": {
            "action_flag": 2,
            "action_time": "2010-09-06 23:27:04",
            "object_repr": "Nieuws",
            "object_id": "2",
            "change_message": "Changed language and moderator_state.",
            "user": 1,
            "content_type": 31
        }
    },
    {
        "pk": 114,
        "model": "admin.logentry",
        "fields": {
            "action_flag": 2,
            "action_time": "2010-09-06 23:26:25",
            "object_repr": "Nieuws",
            "object_id": "2",
            "change_message": "Changed language and moderator_state.",
            "user": 1,
            "content_type": 31
        }
    },
    {
        "pk": 113,
        "model": "admin.logentry",
        "fields": {
            "action_flag": 2,
            "action_time": "2010-09-06 23:25:56",
            "object_repr": "Nieuws",
            "object_id": "2",
            "change_message": "Changed language and moderator_state.",
            "user": 1,
            "content_type": 31
        }
    },
    {
        "pk": 112,
        "model": "admin.logentry",
        "fields": {
            "action_flag": 1,
            "action_time": "2010-09-06 12:39:03",
            "object_repr": "Meldpunt bijwerkingen",
            "object_id": "9",
            "change_message": "",
            "user": 1,
            "content_type": 19
        }
    },
    {
        "pk": 111,
        "model": "admin.logentry",
        "fields": {
            "action_flag": 1,
            "action_time": "2010-09-06 12:37:21",
            "object_repr": "top-banners",
            "object_id": "3",
            "change_message": "",
            "user": 1,
            "content_type": 18
        }
    },
    {
        "pk": 110,
        "model": "admin.logentry",
        "fields": {
            "action_flag": 1,
            "action_time": "2010-08-17 04:56:57",
            "object_repr": "http://www.studiotakken.nl",
            "object_id": "2",
            "change_message": "",
            "user": 1,
            "content_type": 7
        }
    },
    {
        "pk": 109,
        "model": "admin.logentry",
        "fields": {
            "action_flag": 2,
            "action_time": "2010-08-17 04:56:24",
            "object_repr": "admin",
            "object_id": "1",
            "change_message": "No fields changed.",
            "user": 1,
            "content_type": 17
        }
    },
    {
        "pk": 108,
        "model": "admin.logentry",
        "fields": {
            "action_flag": 2,
            "action_time": "2010-08-17 04:56:03",
            "object_repr": "admin",
            "object_id": "1",
            "change_message": "Changed email.",
            "user": 1,
            "content_type": 3
        }
    },
    {
        "pk": 107,
        "model": "admin.logentry",
        "fields": {
            "action_flag": 2,
            "action_time": "2010-08-17 04:54:54",
            "object_repr": "admin",
            "object_id": "1",
            "change_message": "Changed next_reminder.",
            "user": 1,
            "content_type": 17
        }
    },
    {
        "pk": 106,
        "model": "admin.logentry",
        "fields": {
            "action_flag": 2,
            "action_time": "2010-08-17 04:46:29",
            "object_repr": "Vragenlijst",
            "object_id": "8",
            "change_message": "Changed menu_login_required, language and moderator_state.",
            "user": 1,
            "content_type": 31
        }
    },
    {
        "pk": 105,
        "model": "admin.logentry",
        "fields": {
            "action_flag": 2,
            "action_time": "2010-08-17 04:29:07",
            "object_repr": "How to make news",
            "object_id": "6",
            "change_message": "Changed excerpt.",
            "user": 1,
            "content_type": 29
        }
    },
    {
        "pk": 104,
        "model": "admin.logentry",
        "fields": {
            "action_flag": 2,
            "action_time": "2010-08-17 04:28:09",
            "object_repr": "How to make news",
            "object_id": "6",
            "change_message": "Changed excerpt.",
            "user": 1,
            "content_type": 29
        }
    },
    {
        "pk": 103,
        "model": "admin.logentry",
        "fields": {
            "action_flag": 1,
            "action_time": "2010-08-17 04:27:48",
            "object_repr": "How to make news",
            "object_id": "6",
            "change_message": "",
            "user": 1,
            "content_type": 29
        }
    },
    {
        "pk": 102,
        "model": "admin.logentry",
        "fields": {
            "action_flag": 2,
            "action_time": "2010-08-17 04:25:27",
            "object_repr": "Het Project - Side",
            "object_id": "3",
            "change_message": "Changed html.",
            "user": 1,
            "content_type": 25
        }
    },
    {
        "pk": 101,
        "model": "admin.logentry",
        "fields": {
            "action_flag": 2,
            "action_time": "2010-08-17 04:24:26",
            "object_repr": "Het Project - Side",
            "object_id": "3",
            "change_message": "Changed html.",
            "user": 1,
            "content_type": 25
        }
    },
    {
        "pk": 100,
        "model": "admin.logentry",
        "fields": {
            "action_flag": 2,
            "action_time": "2010-08-17 04:19:25",
            "object_repr": "+Disclaimer / Medische vrijwaring Grote Griepmeting, juli 2010",
            "object_id": "17",
            "change_message": "Changed in_navigation, language and moderator_state.",
            "user": 1,
            "content_type": 31
        }
    },
    {
        "pk": 99,
        "model": "admin.logentry",
        "fields": {
            "action_flag": 2,
            "action_time": "2010-08-17 04:17:28",
            "object_repr": "Het Project - Side",
            "object_id": "3",
            "change_message": "Changed html.",
            "user": 1,
            "content_type": 25
        }
    },
    {
        "pk": 98,
        "model": "admin.logentry",
        "fields": {
            "action_flag": 2,
            "action_time": "2010-08-17 03:31:44",
            "object_repr": "Kennislink",
            "object_id": "5",
            "change_message": "Changed image.",
            "user": 1,
            "content_type": 19
        }
    },
    {
        "pk": 97,
        "model": "admin.logentry",
        "fields": {
            "action_flag": 2,
            "action_time": "2010-08-17 03:17:06",
            "object_repr": "Natuurwetenschap & Techniek",
            "object_id": "8",
            "change_message": "Changed image.",
            "user": 1,
            "content_type": 19
        }
    },
    {
        "pk": 96,
        "model": "admin.logentry",
        "fields": {
            "action_flag": 2,
            "action_time": "2010-08-17 03:04:59",
            "object_repr": "Vragenlijst",
            "object_id": "8",
            "change_message": "Changed slug, language and moderator_state.",
            "user": 1,
            "content_type": 31
        }
    },
    {
        "pk": 95,
        "model": "admin.logentry",
        "fields": {
            "action_flag": 2,
            "action_time": "2010-08-17 03:04:32",
            "object_repr": "Questionnaire",
            "object_id": "8",
            "change_message": "Changed title, slug, language and moderator_state.",
            "user": 1,
            "content_type": 31
        }
    },
    {
        "pk": 94,
        "model": "admin.logentry",
        "fields": {
            "action_flag": 2,
            "action_time": "2010-08-16 15:54:03",
            "object_repr": "+Disclaimer / Medische vrijwaring Grote Griepmeting, juli 2010",
            "object_id": "17",
            "change_message": "Changed template, language and moderator_state.",
            "user": 1,
            "content_type": 31
        }
    },
    {
        "pk": 93,
        "model": "admin.logentry",
        "fields": {
            "action_flag": 2,
            "action_time": "2010-08-16 15:52:29",
            "object_repr": "Disclaimer / Medische vrijwaring Grote Griepmeting, juli 2010",
            "object_id": "17",
            "change_message": "Changed published, language and moderator_state.",
            "user": 1,
            "content_type": 31
        }
    },
    {
        "pk": 92,
        "model": "admin.logentry",
        "fields": {
            "action_flag": 1,
            "action_time": "2010-08-16 15:52:18",
            "object_repr": "Disclaimer / Medische vrijwaring Grote Griepmeting, juli 2010",
            "object_id": "17",
            "change_message": "",
            "user": 1,
            "content_type": 31
        }
    },
    {
        "pk": 91,
        "model": "admin.logentry",
        "fields": {
            "action_flag": 2,
            "action_time": "2010-08-16 11:33:11",
            "object_repr": "Nieuws",
            "object_id": "2",
            "change_message": "Changed language and moderator_state.",
            "user": 1,
            "content_type": 31
        }
    },
    {
        "pk": 90,
        "model": "admin.logentry",
        "fields": {
            "action_flag": 1,
            "action_time": "2010-08-16 11:32:04",
            "object_repr": "submenu",
            "object_id": "7",
            "change_message": "",
            "user": 1,
            "content_type": 25
        }
    },
    {
        "pk": 89,
        "model": "admin.logentry",
        "fields": {
            "action_flag": 1,
            "action_time": "2010-08-16 11:17:48",
            "object_repr": "Oud Nieuws",
            "object_id": "16",
            "change_message": "",
            "user": 1,
            "content_type": 31
        }
    },
    {
        "pk": 88,
        "model": "admin.logentry",
        "fields": {
            "action_flag": 2,
            "action_time": "2010-03-21 10:43:00",
            "object_repr": "Wat is griep - Side",
            "object_id": "6",
            "change_message": "Changed html.",
            "user": 1,
            "content_type": 25
        }
    },
    {
        "pk": 87,
        "model": "admin.logentry",
        "fields": {
            "action_flag": 2,
            "action_time": "2010-03-21 10:42:43",
            "object_repr": "+De oorsprong en betekenis van het woord 'Griep' ",
            "object_id": "15",
            "change_message": "Changed language and moderator_state.",
            "user": 1,
            "content_type": 31
        }
    },
    {
        "pk": 86,
        "model": "admin.logentry",
        "fields": {
            "action_flag": 1,
            "action_time": "2010-03-21 10:42:12",
            "object_repr": "+De oorsprong en betekenis van het woord 'Griep' ",
            "object_id": "15",
            "change_message": "",
            "user": 1,
            "content_type": 31
        }
    },
    {
        "pk": 85,
        "model": "admin.logentry",
        "fields": {
            "action_flag": 2,
            "action_time": "2010-03-21 10:39:01",
            "object_repr": "Wat is griep - Side",
            "object_id": "6",
            "change_message": "Changed html.",
            "user": 1,
            "content_type": 25
        }
    },
    {
        "pk": 84,
        "model": "admin.logentry",
        "fields": {
            "action_flag": 1,
            "action_time": "2010-03-21 10:37:44",
            "object_repr": "+Het gevaar van Influenza",
            "object_id": "14",
            "change_message": "",
            "user": 1,
            "content_type": 31
        }
    },
    {
        "pk": 83,
        "model": "admin.logentry",
        "fields": {
            "action_flag": 2,
            "action_time": "2010-03-21 10:37:03",
            "object_repr": "Wat is griep - Side",
            "object_id": "6",
            "change_message": "Changed html.",
            "user": 1,
            "content_type": 25
        }
    },
    {
        "pk": 82,
        "model": "admin.logentry",
        "fields": {
            "action_flag": 2,
            "action_time": "2010-03-21 10:36:16",
            "object_repr": "+Ziekteverloop",
            "object_id": "13",
            "change_message": "Changed language and moderator_state.",
            "user": 1,
            "content_type": 31
        }
    },
    {
        "pk": 81,
        "model": "admin.logentry",
        "fields": {
            "action_flag": 1,
            "action_time": "2010-03-21 10:35:02",
            "object_repr": "+Ziekteverloop",
            "object_id": "13",
            "change_message": "",
            "user": 1,
            "content_type": 31
        }
    },
    {
        "pk": 80,
        "model": "admin.logentry",
        "fields": {
            "action_flag": 2,
            "action_time": "2010-03-21 10:34:53",
            "object_repr": "+Veel gestelde vragen over griep",
            "object_id": "12",
            "change_message": "Changed language and moderator_state.",
            "user": 1,
            "content_type": 31
        }
    },
    {
        "pk": 79,
        "model": "admin.logentry",
        "fields": {
            "action_flag": 2,
            "action_time": "2010-03-21 10:34:47",
            "object_repr": "Wat is griep - Side",
            "object_id": "6",
            "change_message": "Changed html.",
            "user": 1,
            "content_type": 25
        }
    },
    {
        "pk": 78,
        "model": "admin.logentry",
        "fields": {
            "action_flag": 2,
            "action_time": "2010-03-21 10:34:19",
            "object_repr": "Wat is griep - Side",
            "object_id": "6",
            "change_message": "Changed html.",
            "user": 1,
            "content_type": 25
        }
    },
    {
        "pk": 77,
        "model": "admin.logentry",
        "fields": {
            "action_flag": 2,
            "action_time": "2010-03-21 10:31:27",
            "object_repr": "Wat is griep - Side",
            "object_id": "6",
            "change_message": "Changed html.",
            "user": 1,
            "content_type": 25
        }
    },
    {
        "pk": 76,
        "model": "admin.logentry",
        "fields": {
            "action_flag": 2,
            "action_time": "2010-03-21 10:31:06",
            "object_repr": "+Veel gestelde vragen over griep",
            "object_id": "12",
            "change_message": "Changed published, language and moderator_state.",
            "user": 1,
            "content_type": 31
        }
    },
    {
        "pk": 75,
        "model": "admin.logentry",
        "fields": {
            "action_flag": 3,
            "action_time": "2010-03-21 10:30:20",
            "object_repr": "FAQ",
            "object_id": "7",
            "change_message": "",
            "user": 1,
            "content_type": 31
        }
    },
    {
        "pk": 74,
        "model": "admin.logentry",
        "fields": {
            "action_flag": 1,
            "action_time": "2010-03-21 10:29:23",
            "object_repr": "Veel gestelde vragen over griep",
            "object_id": "12",
            "change_message": "",
            "user": 1,
            "content_type": 31
        }
    },
    {
        "pk": 73,
        "model": "admin.logentry",
        "fields": {
            "action_flag": 2,
            "action_time": "2010-03-21 10:18:57",
            "object_repr": "Wat is griep - Side",
            "object_id": "6",
            "change_message": "Changed html.",
            "user": 1,
            "content_type": 25
        }
    },
    {
        "pk": 72,
        "model": "admin.logentry",
        "fields": {
            "action_flag": 2,
            "action_time": "2010-03-21 10:17:52",
            "object_repr": "Wat is griep - Side",
            "object_id": "6",
            "change_message": "Changed html.",
            "user": 1,
            "content_type": 25
        }
    },
    {
        "pk": 71,
        "model": "admin.logentry",
        "fields": {
            "action_flag": 2,
            "action_time": "2010-03-21 10:16:47",
            "object_repr": "Wat is griep - Side",
            "object_id": "6",
            "change_message": "Changed html.",
            "user": 1,
            "content_type": 25
        }
    },
    {
        "pk": 70,
        "model": "admin.logentry",
        "fields": {
            "action_flag": 2,
            "action_time": "2010-03-21 10:15:01",
            "object_repr": "Wat is griep?",
            "object_id": "6",
            "change_message": "Changed language and moderator_state.",
            "user": 1,
            "content_type": 31
        }
    },
    {
        "pk": 69,
        "model": "admin.logentry",
        "fields": {
            "action_flag": 1,
            "action_time": "2010-03-21 10:14:45",
            "object_repr": "Wat is griep - Side",
            "object_id": "6",
            "change_message": "",
            "user": 1,
            "content_type": 25
        }
    },
    {
        "pk": 68,
        "model": "admin.logentry",
        "fields": {
            "action_flag": 2,
            "action_time": "2010-03-21 10:10:16",
            "object_repr": "Het Project - Side",
            "object_id": "3",
            "change_message": "No fields changed.",
            "user": 1,
            "content_type": 25
        }
    },
    {
        "pk": 67,
        "model": "admin.logentry",
        "fields": {
            "action_flag": 2,
            "action_time": "2010-03-21 09:54:59",
            "object_repr": "+Medewerkers",
            "object_id": "11",
            "change_message": "Changed published, language and moderator_state.",
            "user": 1,
            "content_type": 31
        }
    },
    {
        "pk": 66,
        "model": "admin.logentry",
        "fields": {
            "action_flag": 1,
            "action_time": "2010-03-21 09:54:50",
            "object_repr": "Medewerkers",
            "object_id": "11",
            "change_message": "",
            "user": 1,
            "content_type": 31
        }
    },
    {
        "pk": 65,
        "model": "admin.logentry",
        "fields": {
            "action_flag": 2,
            "action_time": "2010-03-21 09:54:32",
            "object_repr": "Het Project - Side",
            "object_id": "3",
            "change_message": "Changed html.",
            "user": 1,
            "content_type": 25
        }
    },
    {
        "pk": 64,
        "model": "admin.logentry",
        "fields": {
            "action_flag": 2,
            "action_time": "2010-03-21 09:52:16",
            "object_repr": "+Sponsors",
            "object_id": "4",
            "change_message": "Changed language and moderator_state.",
            "user": 1,
            "content_type": 31
        }
    },
    {
        "pk": 63,
        "model": "admin.logentry",
        "fields": {
            "action_flag": 2,
            "action_time": "2010-03-21 09:50:58",
            "object_repr": "+Deelnemende partijen",
            "object_id": "10",
            "change_message": "Changed language and moderator_state.",
            "user": 1,
            "content_type": 31
        }
    },
    {
        "pk": 62,
        "model": "admin.logentry",
        "fields": {
            "action_flag": 2,
            "action_time": "2010-03-21 09:50:14",
            "object_repr": "Deelnemende partijen - Info",
            "object_id": "5",
            "change_message": "Changed html.",
            "user": 1,
            "content_type": 25
        }
    },
    {
        "pk": 61,
        "model": "admin.logentry",
        "fields": {
            "action_flag": 2,
            "action_time": "2010-03-21 09:47:09",
            "object_repr": "+Deelnemende partijen",
            "object_id": "10",
            "change_message": "Changed language and moderator_state.",
            "user": 1,
            "content_type": 31
        }
    },
    {
        "pk": 60,
        "model": "admin.logentry",
        "fields": {
            "action_flag": 1,
            "action_time": "2010-03-21 09:46:05",
            "object_repr": "Deelnemende partijen - Info",
            "object_id": "5",
            "change_message": "",
            "user": 1,
            "content_type": 25
        }
    },
    {
        "pk": 59,
        "model": "admin.logentry",
        "fields": {
            "action_flag": 2,
            "action_time": "2010-03-21 09:42:24",
            "object_repr": "+Deelnemende partijen",
            "object_id": "10",
            "change_message": "Changed published, language and moderator_state.",
            "user": 1,
            "content_type": 31
        }
    },
    {
        "pk": 58,
        "model": "admin.logentry",
        "fields": {
            "action_flag": 2,
            "action_time": "2010-03-21 09:42:16",
            "object_repr": "+Deelnemende partijen",
            "object_id": "10",
            "change_message": "Changed language and moderator_state.",
            "user": 1,
            "content_type": 31
        }
    },
    {
        "pk": 57,
        "model": "admin.logentry",
        "fields": {
            "action_flag": 2,
            "action_time": "2010-03-21 09:42:08",
            "object_repr": "Het Project - Side",
            "object_id": "3",
            "change_message": "Changed html.",
            "user": 1,
            "content_type": 25
        }
    },
    {
        "pk": 56,
        "model": "admin.logentry",
        "fields": {
            "action_flag": 2,
            "action_time": "2010-03-21 09:41:57",
            "object_repr": "Het Project - Side",
            "object_id": "3",
            "change_message": "Changed html.",
            "user": 1,
            "content_type": 25
        }
    },
    {
        "pk": 55,
        "model": "admin.logentry",
        "fields": {
            "action_flag": 1,
            "action_time": "2010-03-21 09:41:26",
            "object_repr": "Deelnemende partijen",
            "object_id": "10",
            "change_message": "",
            "user": 1,
            "content_type": 31
        }
    },
    {
        "pk": 54,
        "model": "admin.logentry",
        "fields": {
            "action_flag": 2,
            "action_time": "2010-03-21 09:38:31",
            "object_repr": "+Uniek",
            "object_id": "9",
            "change_message": "Changed language and moderator_state.",
            "user": 1,
            "content_type": 31
        }
    },
    {
        "pk": 53,
        "model": "admin.logentry",
        "fields": {
            "action_flag": 3,
            "action_time": "2010-03-21 09:37:26",
            "object_repr": "Sponsors",
            "object_id": "1",
            "change_message": "",
            "user": 1,
            "content_type": 25
        }
    },
    {
        "pk": 52,
        "model": "admin.logentry",
        "fields": {
            "action_flag": 3,
            "action_time": "2010-03-21 09:37:26",
            "object_repr": "Partijen",
            "object_id": "2",
            "change_message": "",
            "user": 1,
            "content_type": 25
        }
    },
    {
        "pk": 51,
        "model": "admin.logentry",
        "fields": {
            "action_flag": 2,
            "action_time": "2010-03-21 09:36:56",
            "object_repr": "FAQ",
            "object_id": "7",
            "change_message": "Changed language and moderator_state.",
            "user": 1,
            "content_type": 31
        }
    },
    {
        "pk": 50,
        "model": "admin.logentry",
        "fields": {
            "action_flag": 2,
            "action_time": "2010-03-21 09:36:47",
            "object_repr": "Wat is griep?",
            "object_id": "6",
            "change_message": "Changed language and moderator_state.",
            "user": 1,
            "content_type": 31
        }
    },
    {
        "pk": 49,
        "model": "admin.logentry",
        "fields": {
            "action_flag": 2,
            "action_time": "2010-03-21 09:36:37",
            "object_repr": "+Partijen",
            "object_id": "5",
            "change_message": "Changed language and moderator_state.",
            "user": 1,
            "content_type": 31
        }
    },
    {
        "pk": 48,
        "model": "admin.logentry",
        "fields": {
            "action_flag": 2,
            "action_time": "2010-03-21 09:36:21",
            "object_repr": "+Sponsors",
            "object_id": "4",
            "change_message": "Changed language and moderator_state.",
            "user": 1,
            "content_type": 31
        }
    },
    {
        "pk": 47,
        "model": "admin.logentry",
        "fields": {
            "action_flag": 2,
            "action_time": "2010-03-21 09:36:08",
            "object_repr": "Het Project",
            "object_id": "3",
            "change_message": "Changed language and moderator_state.",
            "user": 1,
            "content_type": 31
        }
    },
    {
        "pk": 46,
        "model": "admin.logentry",
        "fields": {
            "action_flag": 2,
            "action_time": "2010-03-21 09:35:53",
            "object_repr": "Het Project",
            "object_id": "3",
            "change_message": "Changed language and moderator_state.",
            "user": 1,
            "content_type": 31
        }
    },
    {
        "pk": 45,
        "model": "admin.logentry",
        "fields": {
            "action_flag": 1,
            "action_time": "2010-03-21 09:35:18",
            "object_repr": "Sponsors en Partijen",
            "object_id": "4",
            "change_message": "",
            "user": 1,
            "content_type": 25
        }
    },
    {
        "pk": 44,
        "model": "admin.logentry",
        "fields": {
            "action_flag": 2,
            "action_time": "2010-03-21 09:33:36",
            "object_repr": "+Uniek",
            "object_id": "9",
            "change_message": "Changed published, language and moderator_state.",
            "user": 1,
            "content_type": 31
        }
    },
    {
        "pk": 43,
        "model": "admin.logentry",
        "fields": {
            "action_flag": 2,
            "action_time": "2010-03-21 09:33:23",
            "object_repr": "+Uniek",
            "object_id": "9",
            "change_message": "Changed language and moderator_state.",
            "user": 1,
            "content_type": 31
        }
    },
    {
        "pk": 42,
        "model": "admin.logentry",
        "fields": {
            "action_flag": 1,
            "action_time": "2010-03-21 09:32:07",
            "object_repr": "Uniek",
            "object_id": "9",
            "change_message": "",
            "user": 1,
            "content_type": 31
        }
    },
    {
        "pk": 41,
        "model": "admin.logentry",
        "fields": {
            "action_flag": 2,
            "action_time": "2010-03-21 09:31:29",
            "object_repr": "Het Project - Side",
            "object_id": "3",
            "change_message": "Changed html.",
            "user": 1,
            "content_type": 25
        }
    },
    {
        "pk": 40,
        "model": "admin.logentry",
        "fields": {
            "action_flag": 2,
            "action_time": "2010-03-21 09:30:58",
            "object_repr": "Het Project - Side",
            "object_id": "3",
            "change_message": "Changed html.",
            "user": 1,
            "content_type": 25
        }
    },
    {
        "pk": 39,
        "model": "admin.logentry",
        "fields": {
            "action_flag": 1,
            "action_time": "2010-03-21 09:29:45",
            "object_repr": "Het Project - Side",
            "object_id": "3",
            "change_message": "",
            "user": 1,
            "content_type": 25
        }
    },
    {
        "pk": 38,
        "model": "admin.logentry",
        "fields": {
            "action_flag": 1,
            "action_time": "2010-03-15 22:57:24",
            "object_repr": "Questionnaire",
            "object_id": "8",
            "change_message": "",
            "user": 1,
            "content_type": 31
        }
    },
    {
        "pk": 37,
        "model": "admin.logentry",
        "fields": {
            "action_flag": 2,
            "action_time": "2010-03-15 19:05:23",
            "object_repr": "FAQ",
            "object_id": "7",
            "change_message": "Changed language and moderator_state.",
            "user": 1,
            "content_type": 31
        }
    },
    {
        "pk": 36,
        "model": "admin.logentry",
        "fields": {
            "action_flag": 1,
            "action_time": "2010-03-15 19:04:50",
            "object_repr": "FAQ",
            "object_id": "7",
            "change_message": "",
            "user": 1,
            "content_type": 31
        }
    },
    {
        "pk": 35,
        "model": "admin.logentry",
        "fields": {
            "action_flag": 2,
            "action_time": "2010-03-15 19:04:16",
            "object_repr": "Wat is griep?",
            "object_id": "6",
            "change_message": "Changed language and moderator_state.",
            "user": 1,
            "content_type": 31
        }
    },
    {
        "pk": 34,
        "model": "admin.logentry",
        "fields": {
            "action_flag": 1,
            "action_time": "2010-03-15 19:01:44",
            "object_repr": "Wat is griep?",
            "object_id": "6",
            "change_message": "",
            "user": 1,
            "content_type": 31
        }
    },
    {
        "pk": 33,
        "model": "admin.logentry",
        "fields": {
            "action_flag": 2,
            "action_time": "2010-03-15 19:00:32",
            "object_repr": "Home",
            "object_id": "1",
            "change_message": "Changed language and moderator_state.",
            "user": 1,
            "content_type": 31
        }
    },
    {
        "pk": 32,
        "model": "admin.logentry",
        "fields": {
            "action_flag": 2,
            "action_time": "2010-03-15 18:58:34",
            "object_repr": "+Sponsors",
            "object_id": "4",
            "change_message": "Changed language and moderator_state.",
            "user": 1,
            "content_type": 31
        }
    },
    {
        "pk": 31,
        "model": "admin.logentry",
        "fields": {
            "action_flag": 2,
            "action_time": "2010-03-15 18:58:20",
            "object_repr": "+Partijen",
            "object_id": "5",
            "change_message": "Changed language and moderator_state.",
            "user": 1,
            "content_type": 31
        }
    },
    {
        "pk": 30,
        "model": "admin.logentry",
        "fields": {
            "action_flag": 1,
            "action_time": "2010-03-15 18:56:06",
            "object_repr": "Partijen",
            "object_id": "2",
            "change_message": "",
            "user": 1,
            "content_type": 25
        }
    },
    {
        "pk": 29,
        "model": "admin.logentry",
        "fields": {
            "action_flag": 1,
            "action_time": "2010-03-15 18:56:01",
            "object_repr": "Sponsors",
            "object_id": "1",
            "change_message": "",
            "user": 1,
            "content_type": 25
        }
    },
    {
        "pk": 28,
        "model": "admin.logentry",
        "fields": {
            "action_flag": 2,
            "action_time": "2010-03-15 18:55:14",
            "object_repr": "+Partijen",
            "object_id": "5",
            "change_message": "Changed language and moderator_state.",
            "user": 1,
            "content_type": 31
        }
    },
    {
        "pk": 27,
        "model": "admin.logentry",
        "fields": {
            "action_flag": 1,
            "action_time": "2010-03-15 18:47:28",
            "object_repr": "Partijen",
            "object_id": "5",
            "change_message": "",
            "user": 1,
            "content_type": 31
        }
    },
    {
        "pk": 26,
        "model": "admin.logentry",
        "fields": {
            "action_flag": 2,
            "action_time": "2010-03-15 18:34:10",
            "object_repr": "+Sponsors",
            "object_id": "4",
            "change_message": "Changed template, language and moderator_state.",
            "user": 1,
            "content_type": 31
        }
    },
    {
        "pk": 25,
        "model": "admin.logentry",
        "fields": {
            "action_flag": 2,
            "action_time": "2010-03-15 18:33:56",
            "object_repr": "+Sponsors",
            "object_id": "4",
            "change_message": "Changed template, language and moderator_state.",
            "user": 1,
            "content_type": 31
        }
    },
    {
        "pk": 24,
        "model": "admin.logentry",
        "fields": {
            "action_flag": 2,
            "action_time": "2010-03-15 18:33:43",
            "object_repr": "+Sponsors",
            "object_id": "4",
            "change_message": "Changed template, language and moderator_state.",
            "user": 1,
            "content_type": 31
        }
    },
    {
        "pk": 23,
        "model": "admin.logentry",
        "fields": {
            "action_flag": 2,
            "action_time": "2010-03-15 18:16:48",
            "object_repr": "Het Project",
            "object_id": "3",
            "change_message": "Changed template, language and moderator_state.",
            "user": 1,
            "content_type": 31
        }
    },
    {
        "pk": 22,
        "model": "admin.logentry",
        "fields": {
            "action_flag": 2,
            "action_time": "2010-03-15 18:12:32",
            "object_repr": "Sponsors",
            "object_id": "4",
            "change_message": "Changed language and moderator_state.",
            "user": 1,
            "content_type": 31
        }
    },
    {
        "pk": 21,
        "model": "admin.logentry",
        "fields": {
            "action_flag": 1,
            "action_time": "2010-03-15 18:05:25",
            "object_repr": "Sponsors",
            "object_id": "4",
            "change_message": "",
            "user": 1,
            "content_type": 31
        }
    },
    {
        "pk": 20,
        "model": "admin.logentry",
        "fields": {
            "action_flag": 1,
            "action_time": "2010-03-15 18:02:18",
            "object_repr": "Natuurwetenschap & Techniek",
            "object_id": "8",
            "change_message": "",
            "user": 1,
            "content_type": 19
        }
    },
    {
        "pk": 19,
        "model": "admin.logentry",
        "fields": {
            "action_flag": 1,
            "action_time": "2010-03-15 18:01:31",
            "object_repr": "Centrum voor Wiskunde en Informatica",
            "object_id": "7",
            "change_message": "",
            "user": 1,
            "content_type": 19
        }
    },
    {
        "pk": 18,
        "model": "admin.logentry",
        "fields": {
            "action_flag": 1,
            "action_time": "2010-03-15 18:00:55",
            "object_repr": "De Digitale School",
            "object_id": "6",
            "change_message": "",
            "user": 1,
            "content_type": 19
        }
    },
    {
        "pk": 17,
        "model": "admin.logentry",
        "fields": {
            "action_flag": 1,
            "action_time": "2010-03-15 17:59:04",
            "object_repr": "Kennislink",
            "object_id": "5",
            "change_message": "",
            "user": 1,
            "content_type": 19
        }
    },
    {
        "pk": 16,
        "model": "admin.logentry",
        "fields": {
            "action_flag": 1,
            "action_time": "2010-03-15 17:48:13",
            "object_repr": "Oscillococcinum",
            "object_id": "4",
            "change_message": "",
            "user": 1,
            "content_type": 19
        }
    },
    {
        "pk": 15,
        "model": "admin.logentry",
        "fields": {
            "action_flag": 1,
            "action_time": "2010-03-15 17:47:22",
            "object_repr": "Tweak",
            "object_id": "3",
            "change_message": "",
            "user": 1,
            "content_type": 19
        }
    },
    {
        "pk": 14,
        "model": "admin.logentry",
        "fields": {
            "action_flag": 1,
            "action_time": "2010-03-15 17:46:44",
            "object_repr": "Solvay Pharmaceuticals",
            "object_id": "2",
            "change_message": "",
            "user": 1,
            "content_type": 19
        }
    },
    {
        "pk": 13,
        "model": "admin.logentry",
        "fields": {
            "action_flag": 1,
            "action_time": "2010-03-15 17:45:54",
            "object_repr": "Sanofi Pasteur MSD",
            "object_id": "1",
            "change_message": "",
            "user": 1,
            "content_type": 19
        }
    },
    {
        "pk": 12,
        "model": "admin.logentry",
        "fields": {
            "action_flag": 1,
            "action_time": "2010-03-15 17:44:22",
            "object_repr": "Partijen",
            "object_id": "2",
            "change_message": "",
            "user": 1,
            "content_type": 18
        }
    },
    {
        "pk": 11,
        "model": "admin.logentry",
        "fields": {
            "action_flag": 1,
            "action_time": "2010-03-15 17:44:04",
            "object_repr": "Sponsors",
            "object_id": "1",
            "change_message": "",
            "user": 1,
            "content_type": 18
        }
    },
    {
        "pk": 10,
        "model": "admin.logentry",
        "fields": {
            "action_flag": 1,
            "action_time": "2010-03-15 17:16:20",
            "object_repr": "Pandemie of blinde paniek?",
            "object_id": "5",
            "change_message": "",
            "user": 1,
            "content_type": 29
        }
    },
    {
        "pk": 9,
        "model": "admin.logentry",
        "fields": {
            "action_flag": 1,
            "action_time": "2010-03-15 17:14:55",
            "object_repr": "Mengvirus kan gevaarlijk zijn",
            "object_id": "4",
            "change_message": "",
            "user": 1,
            "content_type": 29
        }
    },
    {
        "pk": 8,
        "model": "admin.logentry",
        "fields": {
            "action_flag": 1,
            "action_time": "2010-03-15 17:13:58",
            "object_repr": "Periode van droogte gaat vaak vooraf aan griepuitbraak",
            "object_id": "3",
            "change_message": "",
            "user": 1,
            "content_type": 29
        }
    },
    {
        "pk": 7,
        "model": "admin.logentry",
        "fields": {
            "action_flag": 1,
            "action_time": "2010-03-15 16:55:52",
            "object_repr": "Miljoenen vaccins Mexicaanse griep over",
            "object_id": "2",
            "change_message": "",
            "user": 1,
            "content_type": 29
        }
    },
    {
        "pk": 6,
        "model": "admin.logentry",
        "fields": {
            "action_flag": 1,
            "action_time": "2010-03-15 16:54:34",
            "object_repr": "Nieuwe virusremmer lijkt veelbelovend",
            "object_id": "1",
            "change_message": "",
            "user": 1,
            "content_type": 29
        }
    },
    {
        "pk": 5,
        "model": "admin.logentry",
        "fields": {
            "action_flag": 1,
            "action_time": "2010-03-15 16:53:12",
            "object_repr": "Nieuws",
            "object_id": "1",
            "change_message": "",
            "user": 1,
            "content_type": 28
        }
    },
    {
        "pk": 4,
        "model": "admin.logentry",
        "fields": {
            "action_flag": 2,
            "action_time": "2010-03-15 16:44:19",
            "object_repr": "Home",
            "object_id": "1",
            "change_message": "Changed language and moderator_state.",
            "user": 1,
            "content_type": 31
        }
    },
    {
        "pk": 3,
        "model": "admin.logentry",
        "fields": {
            "action_flag": 1,
            "action_time": "2010-03-15 16:33:46",
            "object_repr": "Het Project",
            "object_id": "3",
            "change_message": "",
            "user": 1,
            "content_type": 31
        }
    },
    {
        "pk": 2,
        "model": "admin.logentry",
        "fields": {
            "action_flag": 1,
            "action_time": "2010-03-15 16:33:28",
            "object_repr": "Nieuws",
            "object_id": "2",
            "change_message": "",
            "user": 1,
            "content_type": 31
        }
    },
    {
        "pk": 1,
        "model": "admin.logentry",
        "fields": {
            "action_flag": 1,
            "action_time": "2010-03-15 15:47:44",
            "object_repr": "Home",
            "object_id": "1",
            "change_message": "",
            "user": 1,
            "content_type": 31
        }
    },
    {
        "pk": 1,
        "model": "contact_form.feedback",
        "fields": {
            "body": "cf",
            "email": "antwan@prime-creation.com",
            "sent_time": "2011-07-08 10:22:48",
            "user": 1,
            "name": "Antwan Wiersma"
        }
    },
    {
        "pk": 2,
        "model": "contact_form.feedback",
        "fields": {
            "body": "ddd\r\nddd\r\nddd\r\n",
            "email": "antwan@prime-creation.com",
            "sent_time": "2011-07-11 18:00:47",
            "user": null,
            "name": "Antwan Wiersma"
        }
    },
    {
        "pk": 3,
        "model": "contact_form.feedback",
        "fields": {
            "body": "",
            "email": "antwan@prime-creation.com",
            "sent_time": "2011-07-12 13:31:22",
            "user": 1,
            "name": "asfd"
        }
    },
    {
        "pk": 4,
        "model": "contact_form.feedback",
        "fields": {
            "body": "",
            "email": "antwan@prime-creation.com",
            "sent_time": "2011-07-12 13:34:32",
            "user": 1,
            "name": "asfd"
        }
    },
    {
        "pk": 5,
        "model": "contact_form.feedback",
        "fields": {
            "body": "",
            "email": "",
            "sent_time": "2011-07-12 13:36:59",
            "user": 1,
            "name": ""
        }
    },
    {
        "pk": 6,
        "model": "contact_form.feedback",
        "fields": {
            "body": "",
            "email": "antwan@prime-creation.com",
            "sent_time": "2011-07-12 14:48:35",
            "user": 1,
            "name": "Antwan Wiersma"
        }
    },
    {
        "pk": 7,
        "model": "contact_form.feedback",
        "fields": {
            "body": "",
            "email": "",
            "sent_time": "2011-07-12 15:08:22",
            "user": null,
            "name": ""
        }
    },
    {
        "pk": 8,
        "model": "contact_form.feedback",
        "fields": {
            "body": "",
            "email": "",
            "sent_time": "2011-07-12 15:08:35",
            "user": null,
            "name": ""
        }
    },
    {
        "pk": 9,
        "model": "contact_form.feedback",
        "fields": {
            "body": "",
            "email": "",
            "sent_time": "2011-07-12 15:41:12",
            "user": null,
            "name": ""
        }
    },
    {
        "pk": 10,
        "model": "contact_form.feedback",
        "fields": {
            "body": "",
            "email": "antwan@prime-creation.com",
            "sent_time": "2011-07-12 17:33:35",
            "user": 1,
            "name": "Antwan Wiersma"
        }
    },
    {
        "pk": 11,
        "model": "contact_form.feedback",
        "fields": {
            "body": "",
            "email": "antwan@prime-creation.com",
            "sent_time": "2011-07-12 17:35:19",
            "user": 1,
            "name": "Antwan Wiersma"
        }
    },
    {
        "pk": 12,
        "model": "contact_form.feedback",
        "fields": {
            "body": "",
            "email": "antwan@prime-creation.com",
            "sent_time": "2011-07-12 17:38:21",
            "user": 1,
            "name": "Antwan Wiersma"
        }
    },
    {
        "pk": 1,
        "model": "cms.placeholder",
        "fields": {
            "slot": "content",
            "default_width": null
        }
    },
    {
        "pk": 2,
        "model": "cms.placeholder",
        "fields": {
            "slot": "left",
            "default_width": null
        }
    },
    {
        "pk": 3,
        "model": "cms.placeholder",
        "fields": {
            "slot": "links",
            "default_width": null
        }
    },
    {
        "pk": 4,
        "model": "cms.placeholder",
        "fields": {
            "slot": "balk links",
            "default_width": null
        }
    },
    {
        "pk": 5,
        "model": "cms.placeholder",
        "fields": {
            "slot": "hoofdpagina",
            "default_width": null
        }
    },
    {
        "pk": 6,
        "model": "cms.placeholder",
        "fields": {
            "slot": "balk rechts",
            "default_width": null
        }
    },
    {
        "pk": 16,
        "model": "cms.placeholder",
        "fields": {
            "slot": "balk links",
            "default_width": null
        }
    },
    {
        "pk": 17,
        "model": "cms.placeholder",
        "fields": {
            "slot": "balk rechts",
            "default_width": null
        }
    },
    {
        "pk": 18,
        "model": "cms.placeholder",
        "fields": {
            "slot": "hoofdpagina",
            "default_width": null
        }
    },
    {
        "pk": 22,
        "model": "cms.placeholder",
        "fields": {
            "slot": "balk links",
            "default_width": null
        }
    },
    {
        "pk": 23,
        "model": "cms.placeholder",
        "fields": {
            "slot": "balk rechts",
            "default_width": null
        }
    },
    {
        "pk": 24,
        "model": "cms.placeholder",
        "fields": {
            "slot": "hoofdpagina",
            "default_width": null
        }
    },
    {
        "pk": 25,
        "model": "cms.placeholder",
        "fields": {
            "slot": "balk links",
            "default_width": null
        }
    },
    {
        "pk": 26,
        "model": "cms.placeholder",
        "fields": {
            "slot": "balk rechts",
            "default_width": null
        }
    },
    {
        "pk": 27,
        "model": "cms.placeholder",
        "fields": {
            "slot": "hoofdpagina",
            "default_width": null
        }
    },
    {
        "pk": 41,
        "model": "cms.placeholder",
        "fields": {
            "slot": "balk rechts",
            "default_width": null
        }
    },
    {
        "pk": 42,
        "model": "cms.placeholder",
        "fields": {
            "slot": "hoofdpagina",
            "default_width": null
        }
    },
    {
        "pk": 46,
        "model": "cms.placeholder",
        "fields": {
            "slot": "balk links",
            "default_width": null
        }
    },
    {
        "pk": 47,
        "model": "cms.placeholder",
        "fields": {
            "slot": "balk rechts",
            "default_width": null
        }
    },
    {
        "pk": 48,
        "model": "cms.placeholder",
        "fields": {
            "slot": "hoofdpagina",
            "default_width": null
        }
    },
    {
        "pk": 49,
        "model": "cms.placeholder",
        "fields": {
            "slot": "balk links",
            "default_width": null
        }
    },
    {
        "pk": 50,
        "model": "cms.placeholder",
        "fields": {
            "slot": "balk rechts",
            "default_width": null
        }
    },
    {
        "pk": 51,
        "model": "cms.placeholder",
        "fields": {
            "slot": "hoofdpagina",
            "default_width": null
        }
    },
    {
        "pk": 52,
        "model": "cms.placeholder",
        "fields": {
            "slot": "balk links",
            "default_width": null
        }
    },
    {
        "pk": 53,
        "model": "cms.placeholder",
        "fields": {
            "slot": "balk rechts",
            "default_width": null
        }
    },
    {
        "pk": 54,
        "model": "cms.placeholder",
        "fields": {
            "slot": "hoofdpagina",
            "default_width": null
        }
    },
    {
        "pk": 55,
        "model": "cms.placeholder",
        "fields": {
            "slot": "balk links",
            "default_width": null
        }
    },
    {
        "pk": 56,
        "model": "cms.placeholder",
        "fields": {
            "slot": "balk rechts",
            "default_width": null
        }
    },
    {
        "pk": 57,
        "model": "cms.placeholder",
        "fields": {
            "slot": "hoofdpagina",
            "default_width": null
        }
    },
    {
        "pk": 58,
        "model": "cms.placeholder",
        "fields": {
            "slot": "balk links",
            "default_width": null
        }
    },
    {
        "pk": 59,
        "model": "cms.placeholder",
        "fields": {
            "slot": "balk rechts",
            "default_width": null
        }
    },
    {
        "pk": 60,
        "model": "cms.placeholder",
        "fields": {
            "slot": "hoofdpagina",
            "default_width": null
        }
    },
    {
        "pk": 61,
        "model": "cms.placeholder",
        "fields": {
            "slot": "balk links",
            "default_width": null
        }
    },
    {
        "pk": 62,
        "model": "cms.placeholder",
        "fields": {
            "slot": "balk rechts",
            "default_width": null
        }
    },
    {
        "pk": 63,
        "model": "cms.placeholder",
        "fields": {
            "slot": "hoofdpagina",
            "default_width": null
        }
    },
    {
        "pk": 64,
        "model": "cms.placeholder",
        "fields": {
            "slot": "balk links",
            "default_width": null
        }
    },
    {
        "pk": 65,
        "model": "cms.placeholder",
        "fields": {
            "slot": "balk rechts",
            "default_width": null
        }
    },
    {
        "pk": 66,
        "model": "cms.placeholder",
        "fields": {
            "slot": "hoofdpagina",
            "default_width": null
        }
    },
    {
        "pk": 67,
        "model": "cms.placeholder",
        "fields": {
            "slot": "balk links",
            "default_width": null
        }
    },
    {
        "pk": 68,
        "model": "cms.placeholder",
        "fields": {
            "slot": "balk rechts",
            "default_width": null
        }
    },
    {
        "pk": 69,
        "model": "cms.placeholder",
        "fields": {
            "slot": "hoofdpagina",
            "default_width": null
        }
    },
    {
        "pk": 70,
        "model": "cms.placeholder",
        "fields": {
            "slot": "balk links",
            "default_width": null
        }
    },
    {
        "pk": 71,
        "model": "cms.placeholder",
        "fields": {
            "slot": "balk rechts",
            "default_width": null
        }
    },
    {
        "pk": 72,
        "model": "cms.placeholder",
        "fields": {
            "slot": "hoofdpagina",
            "default_width": null
        }
    },
    {
        "pk": 73,
        "model": "cms.placeholder",
        "fields": {
            "slot": "balk links",
            "default_width": null
        }
    },
    {
        "pk": 74,
        "model": "cms.placeholder",
        "fields": {
            "slot": "balk rechts",
            "default_width": null
        }
    },
    {
        "pk": 75,
        "model": "cms.placeholder",
        "fields": {
            "slot": "hoofdpagina",
            "default_width": null
        }
    },
    {
        "pk": 76,
        "model": "cms.placeholder",
        "fields": {
            "slot": "balk links",
            "default_width": null
        }
    },
    {
        "pk": 77,
        "model": "cms.placeholder",
        "fields": {
            "slot": "balk rechts",
            "default_width": null
        }
    },
    {
        "pk": 78,
        "model": "cms.placeholder",
        "fields": {
            "slot": "hoofdpagina",
            "default_width": null
        }
    },
    {
        "pk": 79,
        "model": "cms.placeholder",
        "fields": {
            "slot": "balk links",
            "default_width": null
        }
    },
    {
        "pk": 80,
        "model": "cms.placeholder",
        "fields": {
            "slot": "balk rechts",
            "default_width": null
        }
    },
    {
        "pk": 81,
        "model": "cms.placeholder",
        "fields": {
            "slot": "hoofdpagina",
            "default_width": null
        }
    },
    {
        "pk": 82,
        "model": "cms.placeholder",
        "fields": {
            "slot": "balk links",
            "default_width": null
        }
    },
    {
        "pk": 83,
        "model": "cms.placeholder",
        "fields": {
            "slot": "balk rechts",
            "default_width": null
        }
    },
    {
        "pk": 84,
        "model": "cms.placeholder",
        "fields": {
            "slot": "hoofdpagina",
            "default_width": null
        }
    },
    {
        "pk": 85,
        "model": "cms.placeholder",
        "fields": {
            "slot": "balk links",
            "default_width": null
        }
    },
    {
        "pk": 86,
        "model": "cms.placeholder",
        "fields": {
            "slot": "balk rechts",
            "default_width": null
        }
    },
    {
        "pk": 87,
        "model": "cms.placeholder",
        "fields": {
            "slot": "hoofdpagina",
            "default_width": null
        }
    },
    {
        "pk": 88,
        "model": "cms.placeholder",
        "fields": {
            "slot": "balk links",
            "default_width": null
        }
    },
    {
        "pk": 89,
        "model": "cms.placeholder",
        "fields": {
            "slot": "balk rechts",
            "default_width": null
        }
    },
    {
        "pk": 90,
        "model": "cms.placeholder",
        "fields": {
            "slot": "hoofdpagina",
            "default_width": null
        }
    },
    {
        "pk": 91,
        "model": "cms.placeholder",
        "fields": {
            "slot": "balk links",
            "default_width": null
        }
    },
    {
        "pk": 92,
        "model": "cms.placeholder",
        "fields": {
            "slot": "balk rechts",
            "default_width": null
        }
    },
    {
        "pk": 93,
        "model": "cms.placeholder",
        "fields": {
            "slot": "hoofdpagina",
            "default_width": null
        }
    },
    {
        "pk": 94,
        "model": "cms.placeholder",
        "fields": {
            "slot": "balk links",
            "default_width": null
        }
    },
    {
        "pk": 95,
        "model": "cms.placeholder",
        "fields": {
            "slot": "balk rechts",
            "default_width": null
        }
    },
    {
        "pk": 96,
        "model": "cms.placeholder",
        "fields": {
            "slot": "hoofdpagina",
            "default_width": null
        }
    },
    {
        "pk": 97,
        "model": "cms.placeholder",
        "fields": {
            "slot": "balk links",
            "default_width": null
        }
    },
    {
        "pk": 98,
        "model": "cms.placeholder",
        "fields": {
            "slot": "balk rechts",
            "default_width": null
        }
    },
    {
        "pk": 99,
        "model": "cms.placeholder",
        "fields": {
            "slot": "hoofdpagina",
            "default_width": null
        }
    },
    {
        "pk": 100,
        "model": "cms.placeholder",
        "fields": {
            "slot": "balk links",
            "default_width": null
        }
    },
    {
        "pk": 101,
        "model": "cms.placeholder",
        "fields": {
            "slot": "balk rechts",
            "default_width": null
        }
    },
    {
        "pk": 102,
        "model": "cms.placeholder",
        "fields": {
            "slot": "hoofdpagina",
            "default_width": null
        }
    },
    {
        "pk": 103,
        "model": "cms.placeholder",
        "fields": {
            "slot": "balk links",
            "default_width": null
        }
    },
    {
        "pk": 104,
        "model": "cms.placeholder",
        "fields": {
            "slot": "balk rechts",
            "default_width": null
        }
    },
    {
        "pk": 105,
        "model": "cms.placeholder",
        "fields": {
            "slot": "hoofdpagina",
            "default_width": null
        }
    },
    {
        "pk": 106,
        "model": "cms.placeholder",
        "fields": {
            "slot": "balk links",
            "default_width": null
        }
    },
    {
        "pk": 107,
        "model": "cms.placeholder",
        "fields": {
            "slot": "balk rechts",
            "default_width": null
        }
    },
    {
        "pk": 108,
        "model": "cms.placeholder",
        "fields": {
            "slot": "hoofdpagina",
            "default_width": null
        }
    },
    {
        "pk": 109,
        "model": "cms.placeholder",
        "fields": {
            "slot": "balk links",
            "default_width": null
        }
    },
    {
        "pk": 110,
        "model": "cms.placeholder",
        "fields": {
            "slot": "balk rechts",
            "default_width": null
        }
    },
    {
        "pk": 111,
        "model": "cms.placeholder",
        "fields": {
            "slot": "hoofdpagina",
            "default_width": null
        }
    },
    {
        "pk": 112,
        "model": "cms.placeholder",
        "fields": {
            "slot": "Main content",
            "default_width": null
        }
    },
    {
        "pk": 113,
        "model": "cms.placeholder",
        "fields": {
            "slot": "Left bar",
            "default_width": null
        }
    },
    {
        "pk": 114,
        "model": "cms.placeholder",
        "fields": {
            "slot": "Right bar",
            "default_width": null
        }
    },
    {
        "pk": 115,
        "model": "cms.placeholder",
        "fields": {
            "slot": "balk links",
            "default_width": null
        }
    },
    {
        "pk": 116,
        "model": "cms.placeholder",
        "fields": {
            "slot": "balk rechts",
            "default_width": null
        }
    },
    {
        "pk": 117,
        "model": "cms.placeholder",
        "fields": {
            "slot": "hoofdpagina",
            "default_width": null
        }
    },
    {
        "pk": 118,
        "model": "cms.placeholder",
        "fields": {
            "slot": "Right bar",
            "default_width": null
        }
    },
    {
        "pk": 119,
        "model": "cms.placeholder",
        "fields": {
            "slot": "Main content",
            "default_width": null
        }
    },
    {
        "pk": 120,
        "model": "cms.placeholder",
        "fields": {
            "slot": "Left bar",
            "default_width": null
        }
    },
    {
        "pk": 121,
        "model": "cms.placeholder",
        "fields": {
            "slot": "Right bar",
            "default_width": null
        }
    },
    {
        "pk": 122,
        "model": "cms.placeholder",
        "fields": {
            "slot": "Main content",
            "default_width": null
        }
    },
    {
        "pk": 123,
        "model": "cms.placeholder",
        "fields": {
            "slot": "Right bar",
            "default_width": null
        }
    },
    {
        "pk": 124,
        "model": "cms.placeholder",
        "fields": {
            "slot": "Main content",
            "default_width": null
        }
    },
    {
        "pk": 125,
        "model": "cms.placeholder",
        "fields": {
            "slot": "Right bar",
            "default_width": null
        }
    },
    {
        "pk": 126,
        "model": "cms.placeholder",
        "fields": {
            "slot": "Main content",
            "default_width": null
        }
    },
    {
        "pk": 127,
        "model": "cms.placeholder",
        "fields": {
            "slot": "Left bar",
            "default_width": null
        }
    },
    {
        "pk": 128,
        "model": "cms.placeholder",
        "fields": {
            "slot": "Right bar",
            "default_width": null
        }
    },
    {
        "pk": 129,
        "model": "cms.placeholder",
        "fields": {
            "slot": "Main content",
            "default_width": null
        }
    },
    {
        "pk": 130,
        "model": "cms.placeholder",
        "fields": {
            "slot": "Footer content",
            "default_width": null
        }
    },
    {
        "pk": 131,
        "model": "cms.placeholder",
        "fields": {
            "slot": "Left bar",
            "default_width": null
        }
    },
    {
        "pk": 132,
        "model": "cms.placeholder",
        "fields": {
            "slot": "Right bar",
            "default_width": null
        }
    },
    {
        "pk": 133,
        "model": "cms.placeholder",
        "fields": {
            "slot": "Main content",
            "default_width": null
        }
    },
    {
        "pk": 134,
        "model": "cms.placeholder",
        "fields": {
            "slot": "Left bar",
            "default_width": null
        }
    },
    {
        "pk": 135,
        "model": "cms.placeholder",
        "fields": {
            "slot": "Right bar",
            "default_width": null
        }
    },
    {
        "pk": 136,
        "model": "cms.placeholder",
        "fields": {
            "slot": "Main content",
            "default_width": null
        }
    },
    {
        "pk": 137,
        "model": "cms.placeholder",
        "fields": {
            "slot": "Main content",
            "default_width": null
        }
    },
    {
        "pk": 138,
        "model": "cms.placeholder",
        "fields": {
            "slot": "Left bar",
            "default_width": null
        }
    },
    {
        "pk": 139,
        "model": "cms.placeholder",
        "fields": {
            "slot": "Right bar",
            "default_width": null
        }
    },
    {
        "pk": 140,
        "model": "cms.placeholder",
        "fields": {
            "slot": "Left bar",
            "default_width": null
        }
    },
    {
        "pk": 141,
        "model": "cms.placeholder",
        "fields": {
            "slot": "Right bar",
            "default_width": null
        }
    },
    {
        "pk": 142,
        "model": "cms.placeholder",
        "fields": {
            "slot": "Main content",
            "default_width": null
        }
    },
    {
        "pk": 2,
        "model": "cms.cmsplugin",
        "fields": {
            "rght": 2,
            "parent": null,
            "language": "en",
            "level": 0,
            "creation_date": "2010-03-15 16:43:53",
            "lft": 1,
            "tree_id": 2,
            "position": 0,
            "placeholder": 1,
            "plugin_type": "TextPlugin"
        }
    },
    {
        "pk": 67,
        "model": "cms.cmsplugin",
        "fields": {
            "rght": 2,
            "parent": null,
            "language": "nl",
            "level": 0,
            "creation_date": "2010-09-25 22:02:11",
            "lft": 1,
            "tree_id": 60,
            "position": 0,
            "placeholder": 1,
            "plugin_type": "TextPlugin"
        }
    },
    {
        "pk": 113,
        "model": "cms.cmsplugin",
        "fields": {
            "rght": 2,
            "parent": null,
            "language": "en",
            "level": 0,
            "creation_date": "2011-07-04 14:46:35",
            "lft": 1,
            "tree_id": 104,
            "position": 0,
            "placeholder": 112,
            "plugin_type": "TextPlugin"
        }
    },
    {
        "pk": 114,
        "model": "cms.cmsplugin",
        "fields": {
            "rght": 2,
            "parent": null,
            "language": "en",
            "level": 0,
            "creation_date": "2011-07-04 14:52:35",
            "lft": 1,
            "tree_id": 105,
            "position": 0,
            "placeholder": 114,
            "plugin_type": "SnippetPlugin"
        }
    },
    {
        "pk": 115,
        "model": "cms.cmsplugin",
        "fields": {
            "rght": 2,
            "parent": null,
            "language": "en",
            "level": 0,
            "creation_date": "2011-07-04 14:52:47",
            "lft": 1,
            "tree_id": 106,
            "position": 1,
            "placeholder": 114,
            "plugin_type": "SnippetPlugin"
        }
    },
    {
        "pk": 116,
        "model": "cms.cmsplugin",
        "fields": {
            "rght": 2,
            "parent": null,
            "language": "en",
            "level": 0,
            "creation_date": "2011-07-09 12:03:13",
            "lft": 1,
            "tree_id": 107,
            "position": 0,
            "placeholder": 130,
            "plugin_type": "TextPlugin"
        }
    },
    {
        "pk": 117,
        "model": "cms.cmsplugin",
        "fields": {
            "rght": 2,
            "parent": null,
            "language": "en",
            "level": 0,
            "creation_date": "2011-07-11 15:23:58",
            "lft": 1,
            "tree_id": 108,
            "position": 0,
            "placeholder": 113,
            "plugin_type": "SnippetPlugin"
        }
    },
    {
        "pk": 118,
        "model": "cms.cmsplugin",
        "fields": {
            "rght": 2,
            "parent": null,
            "language": "en",
            "level": 0,
            "creation_date": "2011-07-11 15:32:51",
            "lft": 1,
            "tree_id": 109,
            "position": 0,
            "placeholder": 131,
            "plugin_type": "SnippetPlugin"
        }
    },
    {
        "pk": 119,
        "model": "cms.cmsplugin",
        "fields": {
            "rght": 2,
            "parent": null,
            "language": "en",
            "level": 0,
            "creation_date": "2011-07-11 15:33:01",
            "lft": 1,
            "tree_id": 110,
            "position": 0,
            "placeholder": 133,
            "plugin_type": "TextPlugin"
        }
    },
    {
        "pk": 120,
        "model": "cms.cmsplugin",
        "fields": {
            "rght": 2,
            "parent": null,
            "language": "en",
            "level": 0,
            "creation_date": "2011-07-11 15:33:10",
            "lft": 1,
            "tree_id": 111,
            "position": 1,
            "placeholder": 132,
            "plugin_type": "SnippetPlugin"
        }
    },
    {
        "pk": 121,
        "model": "cms.cmsplugin",
        "fields": {
            "rght": 2,
            "parent": null,
            "language": "en",
            "level": 0,
            "creation_date": "2011-07-11 15:34:12",
            "lft": 1,
            "tree_id": 112,
            "position": 0,
            "placeholder": 134,
            "plugin_type": "SnippetPlugin"
        }
    },
    {
        "pk": 122,
        "model": "cms.cmsplugin",
        "fields": {
            "rght": 2,
            "parent": null,
            "language": "en",
            "level": 0,
            "creation_date": "2011-07-11 15:34:22",
            "lft": 1,
            "tree_id": 113,
            "position": 0,
            "placeholder": 136,
            "plugin_type": "TextPlugin"
        }
    },
    {
        "pk": 123,
        "model": "cms.cmsplugin",
        "fields": {
            "rght": 2,
            "parent": null,
            "language": "en",
            "level": 0,
            "creation_date": "2011-07-11 15:34:43",
            "lft": 1,
            "tree_id": 114,
            "position": 1,
            "placeholder": 135,
            "plugin_type": "SnippetPlugin"
        }
    },
    {
        "pk": 124,
        "model": "cms.cmsplugin",
        "fields": {
            "rght": 2,
            "parent": null,
            "language": "en",
            "level": 0,
            "creation_date": "2011-07-11 15:38:32",
            "lft": 1,
            "tree_id": 115,
            "position": 0,
            "placeholder": 132,
            "plugin_type": "SnippetPlugin"
        }
    },
    {
        "pk": 125,
        "model": "cms.cmsplugin",
        "fields": {
            "rght": 2,
            "parent": null,
            "language": "en",
            "level": 0,
            "creation_date": "2011-07-11 15:38:50",
            "lft": 1,
            "tree_id": 116,
            "position": 0,
            "placeholder": 135,
            "plugin_type": "SnippetPlugin"
        }
    },
    {
        "pk": 126,
        "model": "cms.cmsplugin",
        "fields": {
            "rght": 20,
            "parent": null,
            "language": "en",
            "level": 0,
            "creation_date": "2011-07-11 15:53:48",
            "lft": 1,
            "tree_id": 117,
            "position": 0,
            "placeholder": 119,
            "plugin_type": "TextPlugin"
        }
    },
    {
        "pk": 127,
        "model": "cms.cmsplugin",
        "fields": {
            "rght": 2,
            "parent": null,
            "language": "en",
            "level": 0,
            "creation_date": "2011-07-11 15:54:00",
            "lft": 1,
            "tree_id": 118,
            "position": 0,
            "placeholder": 118,
            "plugin_type": "SnippetPlugin"
        }
    },
    {
        "pk": 128,
        "model": "cms.cmsplugin",
        "fields": {
            "rght": 2,
            "parent": null,
            "language": "en",
            "level": 0,
            "creation_date": "2011-07-11 15:54:08",
            "lft": 1,
            "tree_id": 119,
            "position": 1,
            "placeholder": 118,
            "plugin_type": "SnippetPlugin"
        }
    },
    {
        "pk": 130,
        "model": "cms.cmsplugin",
        "fields": {
            "rght": 2,
            "parent": null,
            "language": "en",
            "level": 0,
            "creation_date": "2011-07-11 16:38:17",
            "lft": 1,
            "tree_id": 120,
            "position": 1,
            "placeholder": 119,
            "plugin_type": "SnippetPlugin"
        }
    },
    {
        "pk": 131,
        "model": "cms.cmsplugin",
        "fields": {
            "rght": 4,
            "parent": null,
            "language": "en",
            "level": 0,
            "creation_date": "2011-07-11 16:38:24",
            "lft": 1,
            "tree_id": 121,
            "position": 2,
            "placeholder": 119,
            "plugin_type": "TextPlugin"
        }
    },
    {
        "pk": 132,
        "model": "cms.cmsplugin",
        "fields": {
            "rght": 4,
            "parent": null,
            "language": "en",
            "level": 0,
            "creation_date": "2011-07-11 16:38:27",
            "lft": 1,
            "tree_id": 122,
            "position": 3,
            "placeholder": 119,
            "plugin_type": "TextPlugin"
        }
    },
    {
        "pk": 133,
        "model": "cms.cmsplugin",
        "fields": {
            "rght": 3,
            "parent": 131,
            "language": "en",
            "level": 1,
            "creation_date": "2011-07-11 17:02:16",
            "lft": 2,
            "tree_id": 121,
            "position": null,
            "placeholder": 119,
            "plugin_type": "LinkPlugin"
        }
    },
    {
        "pk": 134,
        "model": "cms.cmsplugin",
        "fields": {
            "rght": 2,
            "parent": null,
            "language": "en",
            "level": 0,
            "creation_date": "2011-07-11 17:08:18",
            "lft": 1,
            "tree_id": 123,
            "position": 0,
            "placeholder": 138,
            "plugin_type": "TextPlugin"
        }
    },
    {
        "pk": 136,
        "model": "cms.cmsplugin",
        "fields": {
            "rght": 2,
            "parent": null,
            "language": "en",
            "level": 0,
            "creation_date": "2011-07-11 17:12:32",
            "lft": 1,
            "tree_id": 125,
            "position": 0,
            "placeholder": 137,
            "plugin_type": "TextPlugin"
        }
    },
    {
        "pk": 137,
        "model": "cms.cmsplugin",
        "fields": {
            "rght": 2,
            "parent": null,
            "language": "en",
            "level": 0,
            "creation_date": "2011-07-11 17:14:12",
            "lft": 1,
            "tree_id": 126,
            "position": 1,
            "placeholder": 137,
            "plugin_type": "TextPlugin"
        }
    },
    {
        "pk": 138,
        "model": "cms.cmsplugin",
        "fields": {
            "rght": 2,
            "parent": null,
            "language": "en",
            "level": 0,
            "creation_date": "2011-07-11 17:14:52",
            "lft": 1,
            "tree_id": 127,
            "position": 2,
            "placeholder": 137,
            "plugin_type": "TextPlugin"
        }
    },
    {
        "pk": 139,
        "model": "cms.cmsplugin",
        "fields": {
            "rght": 2,
            "parent": null,
            "language": "en",
            "level": 0,
            "creation_date": "2011-07-11 17:16:02",
            "lft": 1,
            "tree_id": 128,
            "position": 3,
            "placeholder": 137,
            "plugin_type": "SnippetPlugin"
        }
    },
    {
        "pk": 140,
        "model": "cms.cmsplugin",
        "fields": {
            "rght": 2,
            "parent": null,
            "language": "en",
            "level": 0,
            "creation_date": "2011-07-11 17:18:39",
            "lft": 1,
            "tree_id": 129,
            "position": 0,
            "placeholder": 139,
            "plugin_type": "SnippetPlugin"
        }
    },
    {
        "pk": 141,
        "model": "cms.cmsplugin",
        "fields": {
            "rght": 2,
            "parent": null,
            "language": "en",
            "level": 0,
            "creation_date": "2011-07-11 17:22:59",
            "lft": 1,
            "tree_id": 130,
            "position": 0,
            "placeholder": 121,
            "plugin_type": "SnippetPlugin"
        }
    },
    {
        "pk": 142,
        "model": "cms.cmsplugin",
        "fields": {
            "rght": 2,
            "parent": null,
            "language": "en",
            "level": 0,
            "creation_date": "2011-07-11 17:23:10",
            "lft": 1,
            "tree_id": 131,
            "position": 1,
            "placeholder": 121,
            "plugin_type": "SnippetPlugin"
        }
    },
    {
        "pk": 143,
        "model": "cms.cmsplugin",
        "fields": {
            "rght": 2,
            "parent": null,
            "language": "en",
            "level": 0,
            "creation_date": "2011-07-11 17:23:21",
            "lft": 1,
            "tree_id": 132,
            "position": 0,
            "placeholder": 122,
            "plugin_type": "TextPlugin"
        }
    },
    {
        "pk": 144,
        "model": "cms.cmsplugin",
        "fields": {
            "rght": 2,
            "parent": null,
            "language": "en",
            "level": 0,
            "creation_date": "2011-07-11 17:31:01",
            "lft": 1,
            "tree_id": 133,
            "position": 0,
            "placeholder": 128,
            "plugin_type": "SnippetPlugin"
        }
    },
    {
        "pk": 145,
        "model": "cms.cmsplugin",
        "fields": {
            "rght": 2,
            "parent": null,
            "language": "en",
            "level": 0,
            "creation_date": "2011-07-11 17:34:00",
            "lft": 1,
            "tree_id": 134,
            "position": 0,
            "placeholder": 127,
            "plugin_type": "TextPlugin"
        }
    },
    {
        "pk": 146,
        "model": "cms.cmsplugin",
        "fields": {
            "rght": 2,
            "parent": null,
            "language": "en",
            "level": 0,
            "creation_date": "2011-07-11 17:53:35",
            "lft": 1,
            "tree_id": 135,
            "position": 0,
            "placeholder": 129,
            "plugin_type": "TextPlugin"
        }
    },
    {
        "pk": 147,
        "model": "cms.cmsplugin",
        "fields": {
            "rght": 2,
            "parent": null,
            "language": "en",
            "level": 0,
            "creation_date": "2011-07-12 15:06:37",
            "lft": 1,
            "tree_id": 136,
            "position": 0,
            "placeholder": 142,
            "plugin_type": "TextPlugin"
        }
    },
    {
        "pk": 148,
        "model": "cms.cmsplugin",
        "fields": {
            "rght": 2,
            "parent": null,
            "language": "en",
            "level": 0,
            "creation_date": "2011-07-12 15:55:21",
            "lft": 1,
            "tree_id": 137,
            "position": 1,
            "placeholder": 127,
            "plugin_type": "TextPlugin"
        }
    },
    {
        "pk": 149,
        "model": "cms.cmsplugin",
        "fields": {
            "rght": 2,
            "parent": null,
            "language": "en",
            "level": 0,
            "creation_date": "2011-07-12 17:32:17",
            "lft": 1,
            "tree_id": 138,
            "position": 2,
            "placeholder": 127,
            "plugin_type": "TextPlugin"
        }
    },
    {
        "pk": 1,
        "model": "cms.page",
        "fields": {
            "rght": 6,
            "navigation_extenders": "",
            "site": 1,
            "creation_date": "2010-03-15 15:47:44",
            "lft": 1,
            "in_navigation": true,
            "reverse_id": null,
            "login_required": false,
            "created_by": "admin",
            "publication_end_date": null,
            "moderator_state": 0,
            "template": "base/home.html",
            "tree_id": 1,
            "placeholders": [
                1,
                2,
                3,
                4,
                5,
                6,
                112,
                113,
                114,
                130
            ],
            "limit_visibility_in_menu": null,
            "parent": null,
            "publisher_state": 1,
            "soft_root": false,
            "publication_date": "2011-07-04 13:21:02",
            "publisher_public": null,
            "level": 0,
            "changed_by": "admin",
            "publisher_is_draft": true,
            "published": true
        }
    },
    {
        "pk": 12,
        "model": "cms.page",
        "fields": {
            "rght": 3,
            "navigation_extenders": "",
            "site": 1,
            "creation_date": "2011-07-11 15:32:37",
            "lft": 2,
            "in_navigation": false,
            "reverse_id": null,
            "login_required": false,
            "created_by": "admin",
            "publication_end_date": null,
            "moderator_state": 0,
            "template": "INHERIT",
            "tree_id": 1,
            "placeholders": [
                131,
                132,
                133
            ],
            "limit_visibility_in_menu": null,
            "parent": 1,
            "publisher_state": 1,
            "soft_root": false,
            "publication_date": "2011-07-11 15:35:11",
            "publisher_public": null,
            "level": 1,
            "changed_by": "admin",
            "publisher_is_draft": true,
            "published": true
        }
    },
    {
        "pk": 13,
        "model": "cms.page",
        "fields": {
            "rght": 5,
            "navigation_extenders": "",
            "site": 1,
            "creation_date": "2011-07-11 15:34:04",
            "lft": 4,
            "in_navigation": false,
            "reverse_id": null,
            "login_required": false,
            "created_by": "admin",
            "publication_end_date": null,
            "moderator_state": 0,
            "template": "INHERIT",
            "tree_id": 1,
            "placeholders": [
                134,
                135,
                136
            ],
            "limit_visibility_in_menu": null,
            "parent": 1,
            "publisher_state": 1,
            "soft_root": false,
            "publication_date": "2011-07-11 15:35:12",
            "publisher_public": null,
            "level": 1,
            "changed_by": "admin",
            "publisher_is_draft": true,
            "published": true
        }
    },
    {
        "pk": 10,
        "model": "cms.page",
        "fields": {
            "rght": 2,
            "navigation_extenders": "",
            "site": 1,
            "creation_date": "2011-07-04 14:44:41",
            "lft": 1,
            "in_navigation": true,
            "reverse_id": null,
            "login_required": false,
            "created_by": "admin",
            "publication_end_date": null,
            "moderator_state": 0,
            "template": "base/twocol.html",
            "tree_id": 7,
            "placeholders": [
                123,
                124
            ],
            "limit_visibility_in_menu": null,
            "parent": null,
            "publisher_state": 1,
            "soft_root": false,
            "publication_date": null,
            "publisher_public": null,
            "level": 0,
            "changed_by": "admin",
            "publisher_is_draft": true,
            "published": false
        }
    },
    {
        "pk": 11,
        "model": "cms.page",
        "fields": {
            "rght": 2,
            "navigation_extenders": "",
            "site": 1,
            "creation_date": "2011-07-04 14:45:03",
            "lft": 1,
            "in_navigation": true,
            "reverse_id": null,
            "login_required": false,
            "created_by": "admin",
            "publication_end_date": null,
            "moderator_state": 0,
            "template": "base/twocol.html",
            "tree_id": 8,
            "placeholders": [
                125,
                126
            ],
            "limit_visibility_in_menu": null,
            "parent": null,
            "publisher_state": 1,
            "soft_root": false,
            "publication_date": null,
            "publisher_public": null,
            "level": 0,
            "changed_by": "admin",
            "publisher_is_draft": true,
            "published": false
        }
    },
    {
        "pk": 5,
        "model": "cms.page",
        "fields": {
            "rght": 2,
            "navigation_extenders": "",
            "site": 1,
            "creation_date": "2011-04-07 21:53:08",
            "lft": 1,
            "in_navigation": true,
            "reverse_id": null,
            "login_required": false,
            "created_by": "admin",
            "publication_end_date": null,
            "moderator_state": 0,
            "template": "base/twocol.html",
            "tree_id": 9,
            "placeholders": [
                16,
                17,
                18,
                118,
                119
            ],
            "limit_visibility_in_menu": null,
            "parent": null,
            "publisher_state": 1,
            "soft_root": false,
            "publication_date": "2011-07-04 14:13:28",
            "publisher_public": null,
            "level": 0,
            "changed_by": "admin",
            "publisher_is_draft": true,
            "published": true
        }
    },
    {
        "pk": 7,
        "model": "cms.page",
        "fields": {
            "rght": 2,
            "navigation_extenders": "",
            "site": 1,
            "creation_date": "2011-04-07 21:54:26",
            "lft": 1,
            "in_navigation": true,
            "reverse_id": null,
            "login_required": false,
            "created_by": "admin",
            "publication_end_date": null,
            "moderator_state": 0,
            "template": "base/threecol.html",
            "tree_id": 11,
            "placeholders": [
                22,
                23,
                24,
                137,
                138,
                139
            ],
            "limit_visibility_in_menu": null,
            "parent": null,
            "publisher_state": 1,
            "soft_root": false,
            "publication_date": "2011-07-04 14:13:30",
            "publisher_public": null,
            "level": 0,
            "changed_by": "admin",
            "publisher_is_draft": true,
            "published": true
        }
    },
    {
        "pk": 8,
        "model": "cms.page",
        "fields": {
            "rght": 2,
            "navigation_extenders": "",
            "site": 1,
            "creation_date": "2011-04-07 21:54:40",
            "lft": 1,
            "in_navigation": true,
            "reverse_id": null,
            "login_required": false,
            "created_by": "admin",
            "publication_end_date": null,
            "moderator_state": 0,
            "template": "base/twocol.html",
            "tree_id": 12,
            "placeholders": [
                25,
                26,
                27,
                120,
                121,
                122
            ],
            "limit_visibility_in_menu": null,
            "parent": null,
            "publisher_state": 1,
            "soft_root": false,
            "publication_date": "2011-07-04 14:13:31",
            "publisher_public": null,
            "level": 0,
            "changed_by": "admin",
            "publisher_is_draft": true,
            "published": true
        }
    },
    {
        "pk": 9,
        "model": "cms.page",
        "fields": {
            "rght": 4,
            "navigation_extenders": "",
            "site": 1,
            "creation_date": "2011-07-04 14:37:33",
            "lft": 1,
            "in_navigation": true,
            "reverse_id": "contact",
            "login_required": false,
            "created_by": "admin",
            "publication_end_date": null,
            "moderator_state": 0,
            "template": "base/threecol.html",
            "tree_id": 13,
            "placeholders": [
                115,
                116,
                117,
                127,
                128,
                129
            ],
            "limit_visibility_in_menu": null,
            "parent": null,
            "publisher_state": 1,
            "soft_root": false,
            "publication_date": "2011-07-04 14:37:42",
            "publisher_public": null,
            "level": 0,
            "changed_by": "admin",
            "publisher_is_draft": true,
            "published": true
        }
    },
    {
        "pk": 14,
        "model": "cms.page",
        "fields": {
            "rght": 3,
            "navigation_extenders": "",
            "site": 1,
            "creation_date": "2011-07-12 15:03:58",
            "lft": 2,
            "in_navigation": false,
            "reverse_id": null,
            "login_required": false,
            "created_by": "admin",
            "publication_end_date": null,
            "moderator_state": 0,
            "template": "INHERIT",
            "tree_id": 13,
            "placeholders": [
                140,
                141,
                142
            ],
            "limit_visibility_in_menu": null,
            "parent": 9,
            "publisher_state": 1,
            "soft_root": false,
            "publication_date": "2011-07-12 15:04:13",
            "publisher_public": null,
            "level": 1,
            "changed_by": "admin",
            "publisher_is_draft": true,
            "published": true
        }
    },
    {
        "pk": 1,
        "model": "cms.title",
        "fields": {
            "menu_title": "",
            "redirect": "",
            "meta_keywords": "",
            "page_title": "",
            "language": "en",
            "title": "Home",
            "has_url_overwrite": false,
            "application_urls": "",
            "creation_date": "2010-03-15 15:47:44",
            "page": 1,
            "path": "home",
            "meta_description": "",
            "slug": "home"
        }
    },
    {
        "pk": 21,
        "model": "cms.title",
        "fields": {
            "menu_title": "",
            "redirect": "",
            "meta_keywords": "",
            "page_title": "",
            "language": "nl",
            "title": "Home",
            "has_url_overwrite": false,
            "application_urls": "",
            "creation_date": "2010-09-25 22:02:30",
            "page": 1,
            "path": "home",
            "meta_description": "",
            "slug": "home"
        }
    },
    {
        "pk": 28,
        "model": "cms.title",
        "fields": {
            "menu_title": "",
            "redirect": "",
            "meta_keywords": "",
            "page_title": "",
            "language": "nl",
            "title": "Griepprijsvraag",
            "has_url_overwrite": false,
            "application_urls": "",
            "creation_date": "2011-04-07 21:53:08",
            "page": 5,
            "path": "griepprijsvraag",
            "meta_description": "",
            "slug": "griepprijsvraag"
        }
    },
    {
        "pk": 30,
        "model": "cms.title",
        "fields": {
            "menu_title": "",
            "redirect": "",
            "meta_keywords": "",
            "page_title": "",
            "language": "nl",
            "title": "Forum",
            "has_url_overwrite": false,
            "application_urls": "",
            "creation_date": "2011-04-07 21:54:26",
            "page": 7,
            "path": "forum",
            "meta_description": "",
            "slug": "forum"
        }
    },
    {
        "pk": 31,
        "model": "cms.title",
        "fields": {
            "menu_title": "",
            "redirect": "",
            "meta_keywords": "",
            "page_title": "",
            "language": "nl",
            "title": "Links",
            "has_url_overwrite": false,
            "application_urls": "",
            "creation_date": "2011-04-07 21:54:41",
            "page": 8,
            "path": "links",
            "meta_description": "",
            "slug": "links"
        }
    },
    {
        "pk": 61,
        "model": "cms.title",
        "fields": {
            "menu_title": "",
            "redirect": "",
            "meta_keywords": "",
            "page_title": "",
            "language": "en",
            "title": "Method",
            "has_url_overwrite": false,
            "application_urls": "",
            "creation_date": "2011-07-04 14:35:51",
            "page": 5,
            "path": "method",
            "meta_description": "",
            "slug": "method"
        }
    },
    {
        "pk": 62,
        "model": "cms.title",
        "fields": {
            "menu_title": "",
            "redirect": "",
            "meta_keywords": "",
            "page_title": "",
            "language": "en",
            "title": "Data",
            "has_url_overwrite": false,
            "application_urls": "",
            "creation_date": "2011-07-04 14:36:12",
            "page": 7,
            "path": "data",
            "meta_description": "",
            "slug": "data"
        }
    },
    {
        "pk": 63,
        "model": "cms.title",
        "fields": {
            "menu_title": "",
            "redirect": "",
            "meta_keywords": "",
            "page_title": "",
            "language": "en",
            "title": "Publications",
            "has_url_overwrite": false,
            "application_urls": "",
            "creation_date": "2011-07-04 14:36:35",
            "page": 8,
            "path": "publications",
            "meta_description": "",
            "slug": "publications"
        }
    },
    {
        "pk": 64,
        "model": "cms.title",
        "fields": {
            "menu_title": "",
            "redirect": "",
            "meta_keywords": "",
            "page_title": "",
            "language": "en",
            "title": "Contact",
            "has_url_overwrite": false,
            "application_urls": "",
            "creation_date": "2011-07-04 14:37:33",
            "page": 9,
            "path": "contact",
            "meta_description": "",
            "slug": "contact"
        }
    },
    {
        "pk": 65,
        "model": "cms.title",
        "fields": {
            "menu_title": null,
            "redirect": null,
            "meta_keywords": null,
            "page_title": null,
            "language": "en",
            "title": "Map",
            "has_url_overwrite": false,
            "application_urls": null,
            "creation_date": "2011-07-04 14:44:41",
            "page": 10,
            "path": "map",
            "meta_description": null,
            "slug": "map"
        }
    },
    {
        "pk": 66,
        "model": "cms.title",
        "fields": {
            "menu_title": null,
            "redirect": null,
            "meta_keywords": null,
            "page_title": null,
            "language": "en",
            "title": "Results",
            "has_url_overwrite": false,
            "application_urls": null,
            "creation_date": "2011-07-04 14:45:03",
            "page": 11,
            "path": "results",
            "meta_description": null,
            "slug": "results"
        }
    },
    {
        "pk": 67,
        "model": "cms.title",
        "fields": {
            "menu_title": "",
            "redirect": "",
            "meta_keywords": "",
            "page_title": "",
            "language": "en",
            "title": "Newsitem 1",
            "has_url_overwrite": false,
            "application_urls": "",
            "creation_date": "2011-07-11 15:32:37",
            "page": 12,
            "path": "home/newsitem-1",
            "meta_description": "",
            "slug": "newsitem-1"
        }
    },
    {
        "pk": 68,
        "model": "cms.title",
        "fields": {
            "menu_title": "",
            "redirect": "",
            "meta_keywords": "",
            "page_title": "",
            "language": "en",
            "title": "Newsitem 2",
            "has_url_overwrite": false,
            "application_urls": "",
            "creation_date": "2011-07-11 15:34:04",
            "page": 13,
            "path": "home/newsitem-2",
            "meta_description": "",
            "slug": "newsitem-2"
        }
    },
    {
        "pk": 69,
        "model": "cms.title",
        "fields": {
            "menu_title": null,
            "redirect": null,
            "meta_keywords": null,
            "page_title": null,
            "language": "en",
            "title": "Sent",
            "has_url_overwrite": false,
            "application_urls": null,
            "creation_date": "2011-07-12 15:03:59",
            "page": 14,
            "path": "contact/sent",
            "meta_description": null,
            "slug": "sent"
        }
    },
    {
        "pk": 2,
        "model": "text.text",
        "fields": {
            "body": "<p><img src=\"/+media-ggm/maps/griep_in_nederland_week.png\" width=\"460\" /></p><h1>De Grote Griepmeting 8</h1><h3>De Grote Griepmeting 7 start op 1 november 2009. Met uw hulp brengen wij in 2009/2010 weer de seizoensgriep, en dit jaar ook de Mexicaanse griep, in kaart.&#160;</h3><p>De afgelopen maanden is hard gewerkt aan het verbeteren van de vragenlijsten en het opbouwen van een geheel vernieuwde website. De opmerkingen van onze deelnemers zijn daarbij van groot belang geweest. Komt u nog verbeterpunten tegen? Laat dit dan weten via het forum of via info@degrotegriepmeting.nl&#160;</p><p>Word griepmeter!</p>"
        }
    },
    {
        "pk": 67,
        "model": "text.text",
        "fields": {
            "body": "<p><img src=\"/+media-ggm/maps/griep_in_nederland_week.png\" width=\"460\" /></p><h1>De Grote Griepmeting 8</h1><h3>De Grote Griepmeting 7 start op 1 november 2009. Met uw hulp brengen wij in 2009/2010 weer de seizoensgriep, en dit jaar ook de Mexicaanse griep, in kaart.&#160;</h3><p>De afgelopen maanden is hard gewerkt aan het verbeteren van de vragenlijsten en het opbouwen van een geheel vernieuwde website. De opmerkingen van onze deelnemers zijn daarbij van groot belang geweest. Komt u nog verbeterpunten tegen? Laat dit dan weten via het forum of via info@degrotegriepmeting.nl&#160;</p><p>Word griepmeter!</p>"
        }
    },
    {
        "pk": 113,
        "model": "text.text",
        "fields": {
            "body": "<h1>Influenzanet</h1> \r\n<p>Influenzanet is a system to monitor the activity of influenza-like-illness (ILI) with the aid of volunteers via the internet. It has been operational in The Netherlands and Belgium (since 2003), Portugal (since 2005), Italy (since 2008) and United Kingdom (since 2009), and the current objective is to implement Influenzanet in more European countries. In contrast with the traditional system of sentinel networks of mainly primary care physicians, Influenzanet obtains its data directly from the population. This creates a fast and flexible monitoring system whose uniformity allows for direct comparison of ILI rates between countries.</p> \r\n<p>Any resident of a country where Influenzanet is implemented can participate by completing an online application form, which contains various medical, geographic and behavioural questions. Participants are reminded weekly to report any symptoms they have experienced since their last visit. The incidence of ILI is determined on the basis of a uniform case definition.<br /><br /><strong>All results are updated daily.</strong></p> "
        }
    },
    {
        "pk": 116,
        "model": "text.text",
        "fields": {
            "body": "<p>Test</p>"
        }
    },
    {
        "pk": 119,
        "model": "text.text",
        "fields": {
            "body": "<h1>Newsitem #1</h1>"
        }
    },
    {
        "pk": 122,
        "model": "text.text",
        "fields": {
            "body": "<h1>Newsitem #2</h1><p>newsitem 2</p>"
        }
    },
    {
        "pk": 126,
        "model": "text.text",
        "fields": {
            "body": "<h1>Method</h1>\r\n\t\t\t\t\t\t\t\t\t<h2>Intake questionnaire and Weekly symptoms' questionnaire</h2>\r\n\t\t\t\t\t\t\t\t\t<p>At the beginning of each season, each participant is required to complete an intake questionnaire once. Additionally, every participant is reminded weekly to complete a symptoms questionnaire. Not all questions were present in every country or season. The last version of these questionnaires is available as a PDF-file:\r\n\t\t\t\t\t\t\t\t\t</p>"
        }
    },
    {
        "pk": 131,
        "model": "text.text",
        "fields": {
            "body": "<h2>Influenza-like Illness (ILI)</h2>\r\n\t<p>A case of ILI is defined based on a the sudden onset of reported symptoms and at least one of the four systemic symptoms:</p>\r\n\t\t<ul class=\"bullets\">\r\n\t\t\t<li>Fever and/or chills</li>\r\n\t\t\t<li>Feeling tired or exhausted</li>\r\n\t\t\t<li>Headache</li>\r\n\t\t\t<li>Muscle pain</li>\r\n\t\t</ul>\r\n\t<p>And at least one of the three respiratory symptoms:</p>\r\n\t\t<ul class=\"bullets\">\r\n\t\t\t<li>Cough</li>\r\n\t\t\t<li>Sore throat</li>\r\n\t\t\t<li>Shortness of breath (dyspnoea)</li>\r\n\t\t</ul>\r\n\t<p>This ILI case definition is derived from the <a href=\"http://www.ecdc.europa.eu/en/healthtopics/avian_influenza/epidemiological_data/Pages/case_definition_influenza_AH5N1.aspx\" title=\"ECDC ILI case definition\">ECDC definition</a>. The day on which ILI starts is determined by the day on which the fever started. Influenzanet is collecting an enormous amount of data each day. To extract meaningfull information about ILI activity, certain assumptions have to be made.</p>\r\n"
        }
    },
    {
        "pk": 132,
        "model": "text.text",
        "fields": {
            "body": "\t\t\t\t\t\t\t\t\t<img src=\"../media/base/img/temp/clipboard.jpg\" alt=\"Symptoms\" class=\"imgleft\" height=\"274\" /><h2>Bias</h2>\r\n\t\t\t\t\t\t\t\t\t<p>People who are experiencing ILI symptoms are more inclined to register in Influenzanet. Therefore, the first symptoms' questionnaire of each participant is ignored. This removes any symptoms a participant already had when joining the system. Only participants who have completed at least three symptoms' questionnaires are included in the data analysis. When a participant fits the case definition in two consecutive symptoms' questionnaires, they are considered the same episode and only the first report is included in the data analysis.</p>\r\n\t\t\t\t\t\t\t\t\t<h2>Incidence</h2>\r\n\t\t\t\t\t\t\t\t\t<p>There are two ways to determine the incidence of influenza-like illness (ILI) in Influenzanet: based on the day the symptoms were reported, and based on the day on which the symptoms started (as reported by the participant). Because disease dynamics in a population are best represented by the day of onset, all incidence curves on this website are based on this day, as reported by participants.</p>\r\n\t\t\t\t\t\t\t\t\t<p>The weekly incidence is defined as the number of participants who reported the onset of ILI in that week, divided by the person-time of active participation during the same week. For each season, a participant is active between the day the participant registered in Influenzanet and the day the participant completed the last symptoms' questionnaire. The person-time of active participation per week is defined as the number of participants who were active during that week multiplied by the percentage of the week each participant was active. The weekly incidence (Monday - Sunday) is plotted on the Sunday of the week. Weekly incidence plotted on other days of the week are determined by defining the week as 7-day period ending on that day.</p>\r\n\t\t\t\t\t\t\t\t\t<p>In real-time monitoring, not all information for the most recent days will be available, since participants will continue completing their weekly questionnaires in the days following and could report an onset of symptoms in that period. Therefore, the calculated ILI incidence for the most recent days could substantially change in the days that follow.</p>"
        }
    },
    {
        "pk": 134,
        "model": "text.text",
        "fields": {
            "body": "\t\t\t\t\t\t<p class=\"title\">Data contact information</p>\r\n\t\t\t\t\t\t<p><strong>Influenzanet Science Committee</strong><br />\r\n\t\t\t\t\t\tSecretary: Ronald Smallenburg<br />\r\n\t\t\t\t\t\tdirectie [at] grotegriepmeting.nl<br /><br />\r\n\t\t\t\t\t\t<strong>The Netherlands and Belgium</strong><br />\r\n\t\t\t\t\t\tProject leader: Carl Koppeschaar<br />\r\n\t\t\t\t\t\tOrganisers Grote Griepmeting<br />\r\n\t\t\t\t\t\tredactie [at] grotegriepmeting.nl<br /><br />\r\n\t\t\t\t\t\t<strong>Portugal</strong><br />\r\n\t\t\t\t\t\tProject leader: Vitor Faustino<br />\r\n\t\t\t\t\t\tOrganisers Gripenet<br />\r\n\t\t\t\t\t\tinfo [at] gripenet.pt<br /><br />\r\n\t\t\t\t\t\t<strong>Italy</strong><br />\r\n\t\t\t\t\t\tProject leaders: Vittoria Collizza and Daniela Paolotti<br />\r\n\t\t\t\t\t\tOrganisers InfluWeb<br />\r\n\t\t\t\t\t\tinfo [at] influweb.it<br /><br />\r\n\t\t\t\t\t\t<strong>United Kingdom</strong><br />\r\n\t\t\t\t\t\tProject leader: John Edmunds<br />\r\n\t\t\t\t\t\torganisers FluSurvey<br />\r\n\t\t\t\t\t\twebmaster [at] flusurvey.org.uk<br /><br />\r\n\t\t\t\t\t\t<strong>Sweden</strong><br />\r\n\t\t\t\t\t\tProject leader: Annasara Carnahan<br />\r\n\t\t\t\t\t\torganisers Influensakoll<br />\r\n\t\t\t\t\t\tinfluensakoll [at] smi.se<br /><br />\r\n\t\t\t\t\t\t<strong>Austria, Germany and Switzerland</strong><br />\r\n\t\t\t\t\t\tProject leader: Markus Schwehm<br />\r\n\t\t\t\t\t\torganisers Aktiv gegen Grippe<br />\r\n\t\t\t\t\t\tmarkus.schwehm [at] explosys.de</p>"
        }
    },
    {
        "pk": 136,
        "model": "text.text",
        "fields": {
            "body": "\t\t\t\t\t\t\t\t<h1>Incidence data</h1>\r\n\t\t\t\t\t\t\t\t<p>The incidence for Influenza-like Illness (ILI) can be downloaded as CSV files (importable into Excel). The number of active participants, the number of ILI onsets and the calculated incidence are listed for each week. When using these data please attribute it to Influenzanet as follows: <strong>\"Data Source: Influenzanet (http://www.influenzanet.org)\"</strong>.</p>\r\n\t\t\t\t\t\t\t\t<p><a href=\"http://beta.influenzanet.com/csv/nl.csv\">The Netherlands</a><br />\r\n\t\t\t\t\t\t\t\t<a href=\"http://beta.influenzanet.com/csv/be.csv\">Belgium</a><br />\r\n\t\t\t\t\t\t\t\t<a href=\"http://beta.influenzanet.com/csv/pt.csv\">Portugal</a><br />\r\n\t\t\t\t\t\t\t\t<a href=\"http://beta.influenzanet.com/csv/it.csv\">Italy</a><br />\r\n\t\t\t\t\t\t\t\t<a href=\"data/RCGP_NPFS_behaviour.XLSX\">UK</a></p>"
        }
    },
    {
        "pk": 137,
        "model": "text.text",
        "fields": {
            "body": "\t\t\t\t\t\t\t\t<h3>Other sources</h3>\r\n\t\t\t\t\t\t\t\t<p> \r\n\t\t\t\t\t\t\t    Influenzanet uses data from various other sources:<br /><br />\r\n\t\t\t\t\t\t\t    <a href=\"http://ecdc.europa.eu/en/Activities/Surveillance/EISN/Pages/home.aspx\">ECDC</a>: European Influenza Surveillance Network<br />\r\n\t\t\t\t\t\t\t    <a href=\"http://www.google.org/flutrends/\">Google Flu Trends</a><br />\r\n\t\t\t\t\t\t\t    <a href=\"http://www.cdc.gov/flu/news.htm\">CDC</a>: Centers for Disease Control and Prevention<br /> \r\n\t\t\t\t\t\t\t    <a href=\"http://www.geonames.org\">GeoNames</a>: Geographical coordinates of postal codes\r\n</p>"
        }
    },
    {
        "pk": 138,
        "model": "text.text",
        "fields": {
            "body": "\t\t\t\t\t\t\t    <h3>Restricted access</h3>\r\n\t\t\t\t\t\t\t\t<p>To obtain access to the more detailed Influenzanet data, please <strong>contact the national organisers</strong> of the Influenzanet systems. Any privacy sensitive information, such as email-addresses, will not be shared with third parties.</p>\r\n\t\t\t\t\t\t\t\t<p>Influenzanet welcomes collaboration with scientists and researchers outside our consortium. If you are interested, in particular in international Influenzanet data, please fill in the application form. Your application is subject to approval from the Influenzanet Scientific Committee, which aims to react within short notice to your request:</p>"
        }
    },
    {
        "pk": 143,
        "model": "text.text",
        "fields": {
            "body": "\t\t\t\t\t\t\t\t<h1>Scientific publications</h1>\r\n\t\t\t\t\t\t\t\t<p class=\"specialitem\"><a href=\"../media/docs/publications/BrooksPollockEamesBMCInfDis11.pdf\">Using an online survey of healthcare-seeking behaviour to estimate the magnitude and severity of the 2009 H1N1v influenza epidemic in England.</a><br /><em>E. Brooks-Pollock, N. Tilston, W.J. Edmunds, K.T. Eames</em><br /><strong>BMC Infectious Diseases, 16 March 2011.</strong></p>\r\n\t\t\t\t\t\t\t\t<p class=\"specialitem\"><a href=\"../media/docs/publications/influweb-ehealth2010_submitted.pdf\">Internet-based monitoring system for influenza-like illness: H1N1 surveillance in Italy.</a><br /><em>D. Paolotti, C. Gioannini, V. Colizza, A. Vespignani</em><br /><strong>Proceedings of the 3rd International ICST Conference on Electronic Healthcare for the 21st century, Casablanca 13-15 December 2010.</strong></p>\r\n\t\t\t\t\t\t\t\t<p class=\"specialitem\"><a href=\"../media/docs/publications/TilsonEamesetalBMCPubHealth10.pdf\">Internet-based surveillance of Influenza-like-illness in the UK during the 2009 H1N1 influenza pandemic.</a><br /><em>N.L. Tilston, K.T. Eames, D. Paolotti, T. Ealden, W.J. Edmunds</em><br /><strong>BMC Public Health, 27 October 2010.</strong></p>\r\n\t\t\t\t\t\t\t\t<p class=\"specialitem\"><a href=\"http://www.sciencedirect.com/science/article/pii/S0264410X10000320\">Vaccination against pandemic influenza A/H1N1v in England: a real-time economic evaluation.</a><br /><em>M. Baguelin, A.J. van Hoek, M. Jit, S. Flasche, P.J. White, W.J. Edmunds</em><br /><strong>Vaccine 2010, Volume 28, Pages 2370-2384.</strong></p>\t\r\n\t\t\t\t\t\t\t\t<p class=\"specialitem\"><a href=\"../media/docs/publications/friesema2009.pdf\">Internet-based monitoring of influenza-like illness in the general population: Experience of five influenza seasons in the Netherlands.</a><br /><em>I.H.M. Friesema, C.E. Koppeschaar, G.A. Donker, F. Dijkstra, S.P. van Noort, R. Smallenburg, W. van der Hoek, M.A.B. van der Sande</em><br /><strong>Vaccine 2009, Volume 27, Issue 45, 23 October 2009, Pages 6353-6357.</strong></p>\r\n\t\t\t\t\t\t\t\t<p class=\"specialitem\"><a href=\"../media/docs/publications/smolderen2007.pdf\">Personality, psychological stress, and self-reported influenza symptomatology.</a><br /><em>K.G. Smolderen, A.J. Vingerhoets, M.A. Croon, J. Denollet</em><br /><strong>BMC Public Health, 23 November 2007</strong></p>\r\n\t\t\t\t\t\t\t\t<p class=\"specialitem\"><a href=\"../media/docs/publications/vannoort2007.pdf\">Gripenet: an internet-based system to monitor influenza-like illness uniformly across Europe.</a><br /><em>S.P. van Noort, M. Muehlen, H. Rebelo de Andrade, C.E. Koppeschaar, J.M. Lima Lourenco, M.G. Gomes</em><br /><strong>Euro Surveillance, 1 Juli 2007.</strong></p>\r\n\t\t\t\t\t\t\t\t<p class=\"specialitem\"><a href=\"../media/docs/publications/marquet2006.pdf\">Internet-based monitoring of influenza-like illness (ILI) in the general population of the Netherlands during the 2003-2004 influenza season.</a><br /><em>R.L. Marquet, A.I. Bartelds, S.P. van Noort, C.E. Koppeschaar, J. Paget, F.G. Schellevis, J. van der Zee</em><br /><strong>BMC Public Health, 4 October 2006.</strong></p>\r\n"
        }
    },
    {
        "pk": 145,
        "model": "text.text",
        "fields": {
            "body": ""
        }
    },
    {
        "pk": 146,
        "model": "text.text",
        "fields": {
            "body": "<h1>Send us a comment</h1> "
        }
    },
    {
        "pk": 147,
        "model": "text.text",
        "fields": {
            "body": "<h1>Message sent</h1>\r\n<p>Thank you very much for your feedback.</p>"
        }
    },
    {
        "pk": 148,
        "model": "text.text",
        "fields": {
            "body": ""
        }
    },
    {
        "pk": 149,
        "model": "text.text",
        "fields": {
            "body": "\t\t\t\t\t\t<p class=\"title\">General contact information</p>\r\n\t\t\t\t\t\t<p><strong>Influenzanet coordination</strong><br />\r\n\t\t\t\t\t\tRonald Smallenburg<br />\r\n\t\t\t\t\t\tdirectie [at] grotegriepmeting.nl<br /><br />\r\n\t\t\t\t\t\t<strong>Influenzanet analysis</strong><br />\r\n\t\t\t\t\t\tSander van Noort<br />\r\n\t\t\t\t\t\tvnoort [at] igc.gulbenkian.pt<br /><br />\r\n\t\t\t\t\t\t<strong>Influenzanet webdevelopment</strong><br />\r\n\t\t\t\t\t\tAntwan Wiersma<br />\r\n\t\t\t\t\t\twebdev [at] grotegriepmeting.nl<br /><br />\r\n\t\t\t\t\t\t<strong>Influenzanet database management</strong><br />\r\n\t\t\t\t\t\tKlaas van Schelven<br />\r\n\t\t\t\t\t\tdbmgt [at] grotegriepmeting.nl<br />\r\n\t\t\t\t\t\t</p>\r\n"
        }
    },
    {
        "pk": 13,
        "model": "snippet.snippet",
        "fields": {
            "html": "<p><a href=\"{{ MEDIA_URL }}docs/110627-Data_Application.pdf\" title=\"Application form\" rel=\"external\"><img src=\"{{ MEDIA_URL }}base/img/main/pdf.png\" alt=\"PDF file\" class=\"dlicon\" />110627-Data_Application.pdf</a> (260 Kb.)</p>",
            "name": "Data application (Link)",
            "template": ""
        }
    },
    {
        "pk": 8,
        "model": "snippet.snippet",
        "fields": {
            "html": "<a href=\"http://www.epiwork.eu/\" rel=\"external\" title=\"Developing the framework for an epidemic forecast infrastructure\"><img src=\"{{ MEDIA_URL }}base/img/main/epibanner.jpg\" alt=\"Epiwork\" /></a>",
            "name": "Epiwork banner (Right bar)",
            "template": ""
        }
    },
    {
        "pk": 11,
        "model": "snippet.snippet",
        "fields": {
            "html": "<p><img src=\"{{ MEDIA_URL }}base/img/temp/right-petridishes.jpg\" alt=\"Virus cultivation\" /></p><p><strong>Influenzanet is part of the Epiwork WP5. This Work Package intends to overcome the limitation of the state of the art surveillance systems for Influenza by proposing an innovative ICT approach based on Web2.0 tools. (<a href=\"http://www.epiwork.eu/resources/wp5-ict-monitoring-and-reporting-systems/\" rel=\"external\">Epiwork WP5</a>)</strong></p>",
            "name": "Epiwork text (Right bar)",
            "template": ""
        }
    },
    {
        "pk": 9,
        "model": "snippet.snippet",
        "fields": {
            "html": "<iframe class=\"facebook\" src=\"http://www.facebook.com/plugins/likebox.php?href=http%3A%2F%2Fwww.facebook.com%2Fpages%2FInfluenzanet%2F158090077593369&amp;width=182&amp;colorscheme=light&amp;show_faces=true&amp;border_color=white&amp;stream=false&amp;header=false&amp;height=230\" scrolling=\"no\" frameborder=\"0\" style=\"border:none; overflow:hidden; width:182px; height:230px;\" allowTransparency=\"true\"></iframe>",
            "name": "Facebook \"Like\" box (Right bar)",
            "template": ""
        }
    },
    {
        "pk": 10,
        "model": "snippet.snippet",
        "fields": {
            "html": "<p class=\"title\">Latest news</p>\r\n\t\t\t\t\t\t<p><img src=\"{{ MEDIA_URL }}base/img/temp/left-cold.jpg\" alt=\"Cold\" class=\"imgleft\" /></p><h2>Zinc supplements lessen duration of common cold</h2>\r\n\t\t\t\t\t\t<p><strong>A new systematic review that pooled data from 15 trials concluded that taking zinc supplements in syrup, lozenge or tablet form within a day of symptoms starting can reduce their severity and shorten the length of illness.</strong></p><p>To be published on Wednesday in The Cochrane Library, the review updates an earlier Cochrane Systematic Review from 1999 that found there was no strong evidence that zinc lozenges reduced the duration of the common cold and highlighted numerous side effects, including mouth irritation, unpleasant taste, nausea and diarrhoea. <a href=\"newsitem-1\" title=\"Continue reading\">CONTINUE READING</a></p>\r\n\t\t\t\t\t\t<hr />\r\n\t\t\t\t\t\t<h2>Effectiveness of wastewater treatment may be undermined during a severe flu pandemic</h2>\r\n\t\t\t\t\t\t<p><strong>Current plans for antiviral and antibiotic use during a severe influenza pandemic could reduce wastewater treatment effectiveness prior to discharge into receiving rivers, resulting in water quality deterioration at drinking water abstraction points.</strong></p><p> These conclusions are published this week (2 March 2011) in a new paper in the journal Environmental Health Perspectives, which reports on a study designed to assess the ecotoxicologic risks of a pandemic influenza medical response. <img src=\"{{ MEDIA_URL }}base/img/temp/left-virus.jpg\" alt=\"Influenza close up\" class=\"imgright\" /> The research was carried out by a team from the Centre for Ecology &amp; Hydrology (UK), the Institute for Scientific Interchange (Italy), Utrecht University (Netherlands), the University of Sheffield (UK), and Indiana University (USA).</p><p>The global public health community closely monitored the unfolding of the 2009 H1N1 influenza pandemic to best mitigate its impact on society. However, little attention was given to the impact that the medical response might have on the environment. <a href=\"newsitem-2\" title=\"Continue reading\">CONTINUE READING</a></p>",
            "name": "News snippet (Left bar)",
            "template": ""
        }
    },
    {
        "pk": 12,
        "model": "snippet.snippet",
        "fields": {
            "html": "<p><a href=\"{{ MEDIA_URL }}docs/110609-Questionnaires_UK.pdf\" title=\"Influenzanet questionnaires UK\"><img src=\"{{ MEDIA_URL }}base/img/main/pdf.png\" alt=\"PDF file\" class=\"dlicon\" />110609-Questionnaires_UK.pdf</a> (452 Kb.) Note: this is the UK version of the questionnaire.</p>",
            "name": "Questionnaire (Link)",
            "template": ""
        }
    },
    {
        "pk": 114,
        "model": "snippet.snippetptr",
        "fields": {
            "snippet": 8
        }
    },
    {
        "pk": 115,
        "model": "snippet.snippetptr",
        "fields": {
            "snippet": 9
        }
    },
    {
        "pk": 117,
        "model": "snippet.snippetptr",
        "fields": {
            "snippet": 10
        }
    },
    {
        "pk": 118,
        "model": "snippet.snippetptr",
        "fields": {
            "snippet": 10
        }
    },
    {
        "pk": 120,
        "model": "snippet.snippetptr",
        "fields": {
            "snippet": 9
        }
    },
    {
        "pk": 121,
        "model": "snippet.snippetptr",
        "fields": {
            "snippet": 10
        }
    },
    {
        "pk": 123,
        "model": "snippet.snippetptr",
        "fields": {
            "snippet": 9
        }
    },
    {
        "pk": 124,
        "model": "snippet.snippetptr",
        "fields": {
            "snippet": 8
        }
    },
    {
        "pk": 125,
        "model": "snippet.snippetptr",
        "fields": {
            "snippet": 8
        }
    },
    {
        "pk": 127,
        "model": "snippet.snippetptr",
        "fields": {
            "snippet": 8
        }
    },
    {
        "pk": 128,
        "model": "snippet.snippetptr",
        "fields": {
            "snippet": 11
        }
    },
    {
        "pk": 130,
        "model": "snippet.snippetptr",
        "fields": {
            "snippet": 12
        }
    },
    {
        "pk": 139,
        "model": "snippet.snippetptr",
        "fields": {
            "snippet": 13
        }
    },
    {
        "pk": 140,
        "model": "snippet.snippetptr",
        "fields": {
            "snippet": 8
        }
    },
    {
        "pk": 141,
        "model": "snippet.snippetptr",
        "fields": {
            "snippet": 8
        }
    },
    {
        "pk": 142,
        "model": "snippet.snippetptr",
        "fields": {
            "snippet": 11
        }
    },
    {
        "pk": 144,
        "model": "snippet.snippetptr",
        "fields": {
            "snippet": 9
        }
    },
    {
        "pk": 1,
        "model": "menus.cachekey",
        "fields": {
            "key": "cms-menu_nodes_en_1",
            "site": 1,
            "language": "en"
        }
    },
    {
        "pk": 22,
        "model": "auth.permission",
        "fields": {
            "codename": "add_logentry",
            "name": "Can add log entry",
            "content_type": 8
        }
    },
    {
        "pk": 23,
        "model": "auth.permission",
        "fields": {
            "codename": "change_logentry",
            "name": "Can change log entry",
            "content_type": 8
        }
    },
    {
        "pk": 24,
        "model": "auth.permission",
        "fields": {
            "codename": "delete_logentry",
            "name": "Can delete log entry",
            "content_type": 8
        }
    },
    {
        "pk": 4,
        "model": "auth.permission",
        "fields": {
            "codename": "add_group",
            "name": "Can add group",
            "content_type": 2
        }
    },
    {
        "pk": 5,
        "model": "auth.permission",
        "fields": {
            "codename": "change_group",
            "name": "Can change group",
            "content_type": 2
        }
    },
    {
        "pk": 6,
        "model": "auth.permission",
        "fields": {
            "codename": "delete_group",
            "name": "Can delete group",
            "content_type": 2
        }
    },
    {
        "pk": 10,
        "model": "auth.permission",
        "fields": {
            "codename": "add_message",
            "name": "Can add message",
            "content_type": 4
        }
    },
    {
        "pk": 11,
        "model": "auth.permission",
        "fields": {
            "codename": "change_message",
            "name": "Can change message",
            "content_type": 4
        }
    },
    {
        "pk": 12,
        "model": "auth.permission",
        "fields": {
            "codename": "delete_message",
            "name": "Can delete message",
            "content_type": 4
        }
    },
    {
        "pk": 1,
        "model": "auth.permission",
        "fields": {
            "codename": "add_permission",
            "name": "Can add permission",
            "content_type": 1
        }
    },
    {
        "pk": 2,
        "model": "auth.permission",
        "fields": {
            "codename": "change_permission",
            "name": "Can change permission",
            "content_type": 1
        }
    },
    {
        "pk": 3,
        "model": "auth.permission",
        "fields": {
            "codename": "delete_permission",
            "name": "Can delete permission",
            "content_type": 1
        }
    },
    {
        "pk": 7,
        "model": "auth.permission",
        "fields": {
            "codename": "add_user",
            "name": "Can add user",
            "content_type": 3
        }
    },
    {
        "pk": 8,
        "model": "auth.permission",
        "fields": {
            "codename": "change_user",
            "name": "Can change user",
            "content_type": 3
        }
    },
    {
        "pk": 9,
        "model": "auth.permission",
        "fields": {
            "codename": "delete_user",
            "name": "Can delete user",
            "content_type": 3
        }
    },
    {
        "pk": 52,
        "model": "auth.permission",
        "fields": {
            "codename": "add_category",
            "name": "Can add category",
            "content_type": 18
        }
    },
    {
        "pk": 53,
        "model": "auth.permission",
        "fields": {
            "codename": "change_category",
            "name": "Can change category",
            "content_type": 18
        }
    },
    {
        "pk": 54,
        "model": "auth.permission",
        "fields": {
            "codename": "delete_category",
            "name": "Can delete category",
            "content_type": 18
        }
    },
    {
        "pk": 55,
        "model": "auth.permission",
        "fields": {
            "codename": "add_image",
            "name": "Can add image",
            "content_type": 19
        }
    },
    {
        "pk": 56,
        "model": "auth.permission",
        "fields": {
            "codename": "change_image",
            "name": "Can change image",
            "content_type": 19
        }
    },
    {
        "pk": 57,
        "model": "auth.permission",
        "fields": {
            "codename": "delete_image",
            "name": "Can delete image",
            "content_type": 19
        }
    },
    {
        "pk": 112,
        "model": "auth.permission",
        "fields": {
            "codename": "add_cmsplugin",
            "name": "Can add cms plugin",
            "content_type": 38
        }
    },
    {
        "pk": 113,
        "model": "auth.permission",
        "fields": {
            "codename": "change_cmsplugin",
            "name": "Can change cms plugin",
            "content_type": 38
        }
    },
    {
        "pk": 114,
        "model": "auth.permission",
        "fields": {
            "codename": "delete_cmsplugin",
            "name": "Can delete cms plugin",
            "content_type": 38
        }
    },
    {
        "pk": 100,
        "model": "auth.permission",
        "fields": {
            "codename": "add_globalpagepermission",
            "name": "Can add Page global permission",
            "content_type": 34
        }
    },
    {
        "pk": 101,
        "model": "auth.permission",
        "fields": {
            "codename": "change_globalpagepermission",
            "name": "Can change Page global permission",
            "content_type": 34
        }
    },
    {
        "pk": 102,
        "model": "auth.permission",
        "fields": {
            "codename": "delete_globalpagepermission",
            "name": "Can delete Page global permission",
            "content_type": 34
        }
    },
    {
        "pk": 91,
        "model": "auth.permission",
        "fields": {
            "codename": "add_page",
            "name": "Can add page",
            "content_type": 31
        }
    },
    {
        "pk": 92,
        "model": "auth.permission",
        "fields": {
            "codename": "change_page",
            "name": "Can change page",
            "content_type": 31
        }
    },
    {
        "pk": 93,
        "model": "auth.permission",
        "fields": {
            "codename": "delete_page",
            "name": "Can delete page",
            "content_type": 31
        }
    },
    {
        "pk": 94,
        "model": "auth.permission",
        "fields": {
            "codename": "add_pagemoderator",
            "name": "Can add PageModerator",
            "content_type": 32
        }
    },
    {
        "pk": 95,
        "model": "auth.permission",
        "fields": {
            "codename": "change_pagemoderator",
            "name": "Can change PageModerator",
            "content_type": 32
        }
    },
    {
        "pk": 96,
        "model": "auth.permission",
        "fields": {
            "codename": "delete_pagemoderator",
            "name": "Can delete PageModerator",
            "content_type": 32
        }
    },
    {
        "pk": 97,
        "model": "auth.permission",
        "fields": {
            "codename": "add_pagemoderatorstate",
            "name": "Can add Page moderator state",
            "content_type": 33
        }
    },
    {
        "pk": 98,
        "model": "auth.permission",
        "fields": {
            "codename": "change_pagemoderatorstate",
            "name": "Can change Page moderator state",
            "content_type": 33
        }
    },
    {
        "pk": 99,
        "model": "auth.permission",
        "fields": {
            "codename": "delete_pagemoderatorstate",
            "name": "Can delete Page moderator state",
            "content_type": 33
        }
    },
    {
        "pk": 103,
        "model": "auth.permission",
        "fields": {
            "codename": "add_pagepermission",
            "name": "Can add Page permission",
            "content_type": 35
        }
    },
    {
        "pk": 104,
        "model": "auth.permission",
        "fields": {
            "codename": "change_pagepermission",
            "name": "Can change Page permission",
            "content_type": 35
        }
    },
    {
        "pk": 105,
        "model": "auth.permission",
        "fields": {
            "codename": "delete_pagepermission",
            "name": "Can delete Page permission",
            "content_type": 35
        }
    },
    {
        "pk": 106,
        "model": "auth.permission",
        "fields": {
            "codename": "add_pageuser",
            "name": "Can add User (page)",
            "content_type": 36
        }
    },
    {
        "pk": 107,
        "model": "auth.permission",
        "fields": {
            "codename": "change_pageuser",
            "name": "Can change User (page)",
            "content_type": 36
        }
    },
    {
        "pk": 108,
        "model": "auth.permission",
        "fields": {
            "codename": "delete_pageuser",
            "name": "Can delete User (page)",
            "content_type": 36
        }
    },
    {
        "pk": 109,
        "model": "auth.permission",
        "fields": {
            "codename": "add_pageusergroup",
            "name": "Can add User group (page)",
            "content_type": 37
        }
    },
    {
        "pk": 110,
        "model": "auth.permission",
        "fields": {
            "codename": "change_pageusergroup",
            "name": "Can change User group (page)",
            "content_type": 37
        }
    },
    {
        "pk": 111,
        "model": "auth.permission",
        "fields": {
            "codename": "delete_pageusergroup",
            "name": "Can delete User group (page)",
            "content_type": 37
        }
    },
    {
        "pk": 136,
        "model": "auth.permission",
        "fields": {
            "codename": "add_placeholder",
            "name": "Can add placeholder",
            "content_type": 46
        }
    },
    {
        "pk": 137,
        "model": "auth.permission",
        "fields": {
            "codename": "change_placeholder",
            "name": "Can change placeholder",
            "content_type": 46
        }
    },
    {
        "pk": 138,
        "model": "auth.permission",
        "fields": {
            "codename": "delete_placeholder",
            "name": "Can delete placeholder",
            "content_type": 46
        }
    },
    {
        "pk": 115,
        "model": "auth.permission",
        "fields": {
            "codename": "add_title",
            "name": "Can add title",
            "content_type": 39
        }
    },
    {
        "pk": 116,
        "model": "auth.permission",
        "fields": {
            "codename": "change_title",
            "name": "Can change title",
            "content_type": 39
        }
    },
    {
        "pk": 117,
        "model": "auth.permission",
        "fields": {
            "codename": "delete_title",
            "name": "Can delete title",
            "content_type": 39
        }
    },
    {
        "pk": 118,
        "model": "auth.permission",
        "fields": {
            "codename": "add_includetemplateplugin",
            "name": "Can add include template plugin",
            "content_type": 40
        }
    },
    {
        "pk": 119,
        "model": "auth.permission",
        "fields": {
            "codename": "change_includetemplateplugin",
            "name": "Can change include template plugin",
            "content_type": 40
        }
    },
    {
        "pk": 120,
        "model": "auth.permission",
        "fields": {
            "codename": "delete_includetemplateplugin",
            "name": "Can delete include template plugin",
            "content_type": 40
        }
    },
    {
        "pk": 142,
        "model": "auth.permission",
        "fields": {
            "codename": "add_feedback",
            "name": "Can add feedback",
            "content_type": 49
        }
    },
    {
        "pk": 143,
        "model": "auth.permission",
        "fields": {
            "codename": "change_feedback",
            "name": "Can change feedback",
            "content_type": 49
        }
    },
    {
        "pk": 144,
        "model": "auth.permission",
        "fields": {
            "codename": "delete_feedback",
            "name": "Can delete feedback",
            "content_type": 49
        }
    },
    {
        "pk": 13,
        "model": "auth.permission",
        "fields": {
            "codename": "add_contenttype",
            "name": "Can add content type",
            "content_type": 5
        }
    },
    {
        "pk": 14,
        "model": "auth.permission",
        "fields": {
            "codename": "change_contenttype",
            "name": "Can change content type",
            "content_type": 5
        }
    },
    {
        "pk": 15,
        "model": "auth.permission",
        "fields": {
            "codename": "delete_contenttype",
            "name": "Can delete content type",
            "content_type": 5
        }
    },
    {
        "pk": 70,
        "model": "auth.permission",
        "fields": {
            "codename": "add_file",
            "name": "Can add file",
            "content_type": 24
        }
    },
    {
        "pk": 71,
        "model": "auth.permission",
        "fields": {
            "codename": "change_file",
            "name": "Can change file",
            "content_type": 24
        }
    },
    {
        "pk": 72,
        "model": "auth.permission",
        "fields": {
            "codename": "delete_file",
            "name": "Can delete file",
            "content_type": 24
        }
    },
    {
        "pk": 79,
        "model": "auth.permission",
        "fields": {
            "codename": "add_googlemap",
            "name": "Can add google map",
            "content_type": 27
        }
    },
    {
        "pk": 80,
        "model": "auth.permission",
        "fields": {
            "codename": "change_googlemap",
            "name": "Can change google map",
            "content_type": 27
        }
    },
    {
        "pk": 81,
        "model": "auth.permission",
        "fields": {
            "codename": "delete_googlemap",
            "name": "Can delete google map",
            "content_type": 27
        }
    },
    {
        "pk": 82,
        "model": "auth.permission",
        "fields": {
            "codename": "add_category",
            "name": "Can add Category",
            "content_type": 28
        }
    },
    {
        "pk": 83,
        "model": "auth.permission",
        "fields": {
            "codename": "change_category",
            "name": "Can change Category",
            "content_type": 28
        }
    },
    {
        "pk": 84,
        "model": "auth.permission",
        "fields": {
            "codename": "delete_category",
            "name": "Can delete Category",
            "content_type": 28
        }
    },
    {
        "pk": 85,
        "model": "auth.permission",
        "fields": {
            "codename": "add_entry",
            "name": "Can add Entry",
            "content_type": 29
        }
    },
    {
        "pk": 86,
        "model": "auth.permission",
        "fields": {
            "codename": "change_entry",
            "name": "Can change Entry",
            "content_type": 29
        }
    },
    {
        "pk": 87,
        "model": "auth.permission",
        "fields": {
            "codename": "delete_entry",
            "name": "Can delete Entry",
            "content_type": 29
        }
    },
    {
        "pk": 88,
        "model": "auth.permission",
        "fields": {
            "codename": "add_latestentryplugin",
            "name": "Can add latest entry plugin",
            "content_type": 30
        }
    },
    {
        "pk": 89,
        "model": "auth.permission",
        "fields": {
            "codename": "change_latestentryplugin",
            "name": "Can change latest entry plugin",
            "content_type": 30
        }
    },
    {
        "pk": 90,
        "model": "auth.permission",
        "fields": {
            "codename": "delete_latestentryplugin",
            "name": "Can delete latest entry plugin",
            "content_type": 30
        }
    },
    {
        "pk": 67,
        "model": "auth.permission",
        "fields": {
            "codename": "add_link",
            "name": "Can add link",
            "content_type": 23
        }
    },
    {
        "pk": 68,
        "model": "auth.permission",
        "fields": {
            "codename": "change_link",
            "name": "Can change link",
            "content_type": 23
        }
    },
    {
        "pk": 69,
        "model": "auth.permission",
        "fields": {
            "codename": "delete_link",
            "name": "Can delete link",
            "content_type": 23
        }
    },
    {
        "pk": 28,
        "model": "auth.permission",
        "fields": {
            "codename": "add_key",
            "name": "Can add key",
            "content_type": 10
        }
    },
    {
        "pk": 29,
        "model": "auth.permission",
        "fields": {
            "codename": "change_key",
            "name": "Can change key",
            "content_type": 10
        }
    },
    {
        "pk": 30,
        "model": "auth.permission",
        "fields": {
            "codename": "delete_key",
            "name": "Can delete key",
            "content_type": 10
        }
    },
    {
        "pk": 139,
        "model": "auth.permission",
        "fields": {
            "codename": "add_cachekey",
            "name": "Can add cache key",
            "content_type": 47
        }
    },
    {
        "pk": 140,
        "model": "auth.permission",
        "fields": {
            "codename": "change_cachekey",
            "name": "Can change cache key",
            "content_type": 47
        }
    },
    {
        "pk": 141,
        "model": "auth.permission",
        "fields": {
            "codename": "delete_cachekey",
            "name": "Can delete cache key",
            "content_type": 47
        }
    },
    {
        "pk": 64,
        "model": "auth.permission",
        "fields": {
            "codename": "add_picture",
            "name": "Can add picture",
            "content_type": 22
        }
    },
    {
        "pk": 65,
        "model": "auth.permission",
        "fields": {
            "codename": "change_picture",
            "name": "Can change picture",
            "content_type": 22
        }
    },
    {
        "pk": 66,
        "model": "auth.permission",
        "fields": {
            "codename": "delete_picture",
            "name": "Can delete picture",
            "content_type": 22
        }
    },
    {
        "pk": 25,
        "model": "auth.permission",
        "fields": {
            "codename": "add_registrationprofile",
            "name": "Can add registration profile",
            "content_type": 9
        }
    },
    {
        "pk": 26,
        "model": "auth.permission",
        "fields": {
            "codename": "change_registrationprofile",
            "name": "Can change registration profile",
            "content_type": 9
        }
    },
    {
        "pk": 27,
        "model": "auth.permission",
        "fields": {
            "codename": "delete_registrationprofile",
            "name": "Can delete registration profile",
            "content_type": 9
        }
    },
    {
        "pk": 49,
        "model": "auth.permission",
        "fields": {
            "codename": "add_reminder",
            "name": "Can add reminder",
            "content_type": 17
        }
    },
    {
        "pk": 50,
        "model": "auth.permission",
        "fields": {
            "codename": "change_reminder",
            "name": "Can change reminder",
            "content_type": 17
        }
    },
    {
        "pk": 51,
        "model": "auth.permission",
        "fields": {
            "codename": "delete_reminder",
            "name": "Can delete reminder",
            "content_type": 17
        }
    },
    {
        "pk": 16,
        "model": "auth.permission",
        "fields": {
            "codename": "add_session",
            "name": "Can add session",
            "content_type": 6
        }
    },
    {
        "pk": 17,
        "model": "auth.permission",
        "fields": {
            "codename": "change_session",
            "name": "Can change session",
            "content_type": 6
        }
    },
    {
        "pk": 18,
        "model": "auth.permission",
        "fields": {
            "codename": "delete_session",
            "name": "Can delete session",
            "content_type": 6
        }
    },
    {
        "pk": 19,
        "model": "auth.permission",
        "fields": {
            "codename": "add_site",
            "name": "Can add site",
            "content_type": 7
        }
    },
    {
        "pk": 20,
        "model": "auth.permission",
        "fields": {
            "codename": "change_site",
            "name": "Can change site",
            "content_type": 7
        }
    },
    {
        "pk": 21,
        "model": "auth.permission",
        "fields": {
            "codename": "delete_site",
            "name": "Can delete site",
            "content_type": 7
        }
    },
    {
        "pk": 73,
        "model": "auth.permission",
        "fields": {
            "codename": "add_snippet",
            "name": "Can add Snippet",
            "content_type": 25
        }
    },
    {
        "pk": 74,
        "model": "auth.permission",
        "fields": {
            "codename": "change_snippet",
            "name": "Can change Snippet",
            "content_type": 25
        }
    },
    {
        "pk": 75,
        "model": "auth.permission",
        "fields": {
            "codename": "delete_snippet",
            "name": "Can delete Snippet",
            "content_type": 25
        }
    },
    {
        "pk": 76,
        "model": "auth.permission",
        "fields": {
            "codename": "add_snippetptr",
            "name": "Can add Snippet",
            "content_type": 26
        }
    },
    {
        "pk": 77,
        "model": "auth.permission",
        "fields": {
            "codename": "change_snippetptr",
            "name": "Can change Snippet",
            "content_type": 26
        }
    },
    {
        "pk": 78,
        "model": "auth.permission",
        "fields": {
            "codename": "delete_snippetptr",
            "name": "Can delete Snippet",
            "content_type": 26
        }
    },
    {
        "pk": 133,
        "model": "auth.permission",
        "fields": {
            "codename": "add_migrationhistory",
            "name": "Can add migration history",
            "content_type": 45
        }
    },
    {
        "pk": 134,
        "model": "auth.permission",
        "fields": {
            "codename": "change_migrationhistory",
            "name": "Can change migration history",
            "content_type": 45
        }
    },
    {
        "pk": 135,
        "model": "auth.permission",
        "fields": {
            "codename": "delete_migrationhistory",
            "name": "Can delete migration history",
            "content_type": 45
        }
    },
    {
        "pk": 130,
        "model": "auth.permission",
        "fields": {
            "codename": "add_extraresponse",
            "name": "Can add extra response",
            "content_type": 44
        }
    },
    {
        "pk": 131,
        "model": "auth.permission",
        "fields": {
            "codename": "change_extraresponse",
            "name": "Can change extra response",
            "content_type": 44
        }
    },
    {
        "pk": 132,
        "model": "auth.permission",
        "fields": {
            "codename": "delete_extraresponse",
            "name": "Can delete extra response",
            "content_type": 44
        }
    },
    {
        "pk": 121,
        "model": "auth.permission",
        "fields": {
            "codename": "add_lastresponse",
            "name": "Can add last response",
            "content_type": 41
        }
    },
    {
        "pk": 122,
        "model": "auth.permission",
        "fields": {
            "codename": "change_lastresponse",
            "name": "Can change last response",
            "content_type": 41
        }
    },
    {
        "pk": 123,
        "model": "auth.permission",
        "fields": {
            "codename": "delete_lastresponse",
            "name": "Can delete last response",
            "content_type": 41
        }
    },
    {
        "pk": 124,
        "model": "auth.permission",
        "fields": {
            "codename": "add_localresponse",
            "name": "Can add local response",
            "content_type": 42
        }
    },
    {
        "pk": 125,
        "model": "auth.permission",
        "fields": {
            "codename": "change_localresponse",
            "name": "Can change local response",
            "content_type": 42
        }
    },
    {
        "pk": 126,
        "model": "auth.permission",
        "fields": {
            "codename": "delete_localresponse",
            "name": "Can delete local response",
            "content_type": 42
        }
    },
    {
        "pk": 34,
        "model": "auth.permission",
        "fields": {
            "codename": "add_participation",
            "name": "Can add participation",
            "content_type": 12
        }
    },
    {
        "pk": 35,
        "model": "auth.permission",
        "fields": {
            "codename": "change_participation",
            "name": "Can change participation",
            "content_type": 12
        }
    },
    {
        "pk": 36,
        "model": "auth.permission",
        "fields": {
            "codename": "delete_participation",
            "name": "Can delete participation",
            "content_type": 12
        }
    },
    {
        "pk": 46,
        "model": "auth.permission",
        "fields": {
            "codename": "add_profile",
            "name": "Can add profile",
            "content_type": 16
        }
    },
    {
        "pk": 47,
        "model": "auth.permission",
        "fields": {
            "codename": "change_profile",
            "name": "Can change profile",
            "content_type": 16
        }
    },
    {
        "pk": 48,
        "model": "auth.permission",
        "fields": {
            "codename": "delete_profile",
            "name": "Can delete profile",
            "content_type": 16
        }
    },
    {
        "pk": 40,
        "model": "auth.permission",
        "fields": {
            "codename": "add_profilesendqueue",
            "name": "Can add profile send queue",
            "content_type": 14
        }
    },
    {
        "pk": 41,
        "model": "auth.permission",
        "fields": {
            "codename": "change_profilesendqueue",
            "name": "Can change profile send queue",
            "content_type": 14
        }
    },
    {
        "pk": 42,
        "model": "auth.permission",
        "fields": {
            "codename": "delete_profilesendqueue",
            "name": "Can delete profile send queue",
            "content_type": 14
        }
    },
    {
        "pk": 37,
        "model": "auth.permission",
        "fields": {
            "codename": "add_responsesendqueue",
            "name": "Can add response send queue",
            "content_type": 13
        }
    },
    {
        "pk": 38,
        "model": "auth.permission",
        "fields": {
            "codename": "change_responsesendqueue",
            "name": "Can change response send queue",
            "content_type": 13
        }
    },
    {
        "pk": 39,
        "model": "auth.permission",
        "fields": {
            "codename": "delete_responsesendqueue",
            "name": "Can delete response send queue",
            "content_type": 13
        }
    },
    {
        "pk": 31,
        "model": "auth.permission",
        "fields": {
            "codename": "add_survey",
            "name": "Can add survey",
            "content_type": 11
        }
    },
    {
        "pk": 32,
        "model": "auth.permission",
        "fields": {
            "codename": "change_survey",
            "name": "Can change survey",
            "content_type": 11
        }
    },
    {
        "pk": 33,
        "model": "auth.permission",
        "fields": {
            "codename": "delete_survey",
            "name": "Can delete survey",
            "content_type": 11
        }
    },
    {
        "pk": 43,
        "model": "auth.permission",
        "fields": {
            "codename": "add_surveyuser",
            "name": "Can add survey user",
            "content_type": 15
        }
    },
    {
        "pk": 44,
        "model": "auth.permission",
        "fields": {
            "codename": "change_surveyuser",
            "name": "Can change survey user",
            "content_type": 15
        }
    },
    {
        "pk": 45,
        "model": "auth.permission",
        "fields": {
            "codename": "delete_surveyuser",
            "name": "Can delete survey user",
            "content_type": 15
        }
    },
    {
        "pk": 61,
        "model": "auth.permission",
        "fields": {
            "codename": "add_text",
            "name": "Can add text",
            "content_type": 21
        }
    },
    {
        "pk": 62,
        "model": "auth.permission",
        "fields": {
            "codename": "change_text",
            "name": "Can change text",
            "content_type": 21
        }
    },
    {
        "pk": 63,
        "model": "auth.permission",
        "fields": {
            "codename": "delete_text",
            "name": "Can delete text",
            "content_type": 21
        }
    },
    {
        "pk": 1,
        "model": "auth.group",
        "fields": {
            "name": "Administrator",
            "permissions": [
                22,
                23,
                24,
                4,
                5,
                6,
                10,
                11,
                12,
                1,
                2,
                3,
                7,
                8,
                9,
                52,
                53,
                54,
                55,
                56,
                57,
                112,
                113,
                114,
                100,
                101,
                102,
                91,
                92,
                93,
                94,
                95,
                96,
                97,
                98,
                99,
                103,
                104,
                105,
                106,
                107,
                108,
                109,
                110,
                111,
                136,
                137,
                138,
                115,
                116,
                117,
                118,
                119,
                120,
                13,
                14,
                15,
                70,
                71,
                72,
                79,
                80,
                81,
                82,
                83,
                84,
                85,
                86,
                87,
                88,
                89,
                90,
                67,
                68,
                69,
                28,
                29,
                30,
                139,
                140,
                141,
                64,
                65,
                66,
                25,
                26,
                27,
                49,
                50,
                51,
                16,
                17,
                18,
                19,
                20,
                21,
                73,
                74,
                75,
                76,
                77,
                78,
                133,
                134,
                135,
                130,
                131,
                132,
                121,
                122,
                123,
                124,
                125,
                126,
                34,
                35,
                36,
                46,
                47,
                48,
                40,
                41,
                42,
                37,
                38,
                39,
                31,
                32,
                33,
                43,
                44,
                45,
                61,
                62,
                63
            ]
        }
    },
    {
        "pk": 1,
        "model": "auth.user",
        "fields": {
            "username": "admin",
            "first_name": "Antwan",
            "last_name": "Wiersma",
            "is_active": true,
            "is_superuser": true,
            "is_staff": true,
            "last_login": "2011-07-12 13:02:07",
            "groups": [
                1
            ],
            "user_permissions": [],
            "password": "sha1$9a794$7d458663b94c49ccbf34c56023e0078a7d80d8fd",
            "email": "antwan@prime-creation.com",
            "date_joined": "2010-03-15 15:45:01"
        }
    }
]
