[{
"pk": 1, "model": "banner.category", "fields": {"name": "rectangle", "description": ""}}, {
"pk": 2, "model": "banner.category", "fields": {"name": "fullbanner", "description": ""}}, {
"pk": 1, "model": "banner.image", "fields": {"category": [1], "updated": "2010-01-18 10:37:40", "created": "2010-01-18 10:36:50", "url": "doc/terms/", "image": "banner/banner_01_180x150.png", "title": "Rectangle 01"}}, {
"pk": 2, "model": "banner.image", "fields": {"category": [1], "updated": "2010-01-18 10:38:20", "created": "2010-01-18 10:38:20", "url": "http://www.epiwork.eu", "image": "banner/banner_02_180x150.png", "title": "Rectangle 02"}}, {
"pk": 3, "model": "banner.image", "fields": {"category": [1], "updated": "2010-01-18 10:38:47", "created": "2010-01-18 10:38:47", "url": "/doc/privacy/", "image": "banner/banner_03_180x150.png", "title": "Rectangle 03"}}, {
"pk": 4, "model": "banner.image", "fields": {"category": [2], "updated": "2010-01-18 10:39:36", "created": "2010-01-18 10:39:36", "url": "http://www.uva.nl", "image": "banner/banner_04_468x60.png", "title": "Full Banner 04"}}, {
"pk": 5, "model": "banner.image", "fields": {"category": [2], "updated": "2010-01-18 10:39:56", "created": "2010-01-18 10:39:56", "url": "http://influenzanet.com/", "image": "banner/banner_05_468x60.png", "title": "Full Banner 05"}}, {
"pk": 6, "model": "banner.image", "fields": {"category": [2], "updated": "2010-01-18 10:43:31", "created": "2010-01-18 10:43:31", "url": "", "image": "banner/banner_06_468x60_.png", "title": "Full Banner 06"}}, {
"pk": 7, "model": "banner.bannercategory", "fields": {"category": [1]}}, {
"pk": 8, "model": "banner.bannercategory", "fields": {"category": [2]}}, {
"pk": 1, "model": "text.text", "fields": {"body": "<h1>Privacy Policy</h1><p>\r\nVestibulum suscipit tincidunt euismod. Donec non enim ac erat rhoncus\r\nsagittis eu vel neque. Maecenas convallis dignissim ligula at pretium.\r\nAenean mollis auctor lacus, nec scelerisque purus interdum nec.\r\nPhasellus venenatis, tortor ut iaculis euismod, purus lacus suscipit\r\narcu, quis congue urna justo nec est. Integer molestie pharetra sem,\r\nnon adipiscing lorem auctor ac. Ut lectus nibh, tempor ut aliquam non,\r\nlobortis quis urna. Suspendisse turpis augue, euismod ut fermentum\r\neget, eleifend nec dui. </p><p>Class aptent taciti sociosqu ad litora torquent\r\nper conubia nostra, per inceptos himenaeos. Sed euismod, lorem et\r\nvulputate mattis, sem ipsum vestibulum enim, vel convallis mi elit eu\r\nnisi.\r\n</p><p>Praesent dictum nulla sit amet tortor dapibus posuere. Pellentesque\r\nrisus enim, egestas at pharetra id, semper eu erat. Morbi eget mi eget\r\nvelit placerat laoreet. Nulla facilisi. Suspendisse lacinia lacus ac\r\nlibero vestibulum ultrices. Sed at tellus velit. Sed sit amet magna\r\ndolor. Nulla a enim ante. Vivamus varius ornare dapibus. </p><p>Nunc ac nulla\r\nmetus. In egestas, tellus sit amet pellentesque ornare, felis nibh\r\nsollicitudin velit, vitae placerat quam purus quis nulla. In at auctor\r\ntortor. Nam congue hendrerit commodo. Fusce suscipit pharetra erat quis\r\ninterdum.\r\n</p><p>Sed dui libero, laoreet a pulvinar sit amet, varius in orci.\r\nCurabitur sodales, odio ut consequat viverra, elit felis hendrerit\r\nvelit, et feugiat enim elit id nisi. Donec sed mauris massa. Curabitur\r\nsem diam, dictum in sagittis ac, pellentesque ac urna. Nunc tortor\r\nrisus, bibendum ut consectetur ut, rutrum a diam. Integer lobortis\r\nfaucibus nisi vel gravida. Phasellus orci velit, tincidunt sed\r\nvulputate vitae, volutpat at neque. </p><p>Integer est turpis, faucibus vel\r\niaculis quis, elementum vel arcu. In est sapien, hendrerit eu eleifend\r\nvitae, gravida vehicula nibh. In hac habitasse platea dictumst.\r\nPraesent eleifend malesuada eros sit amet consequat. Duis pretium\r\niaculis venenatis. Cras blandit sagittis lobortis. Phasellus imperdiet\r\nvolutpat neque adipiscing sollicitudin. Quisque sollicitudin sapien\r\nquis ante iaculis nec hendrerit diam mattis. Vivamus est elit, laoreet\r\net cursus vitae, congue sit amet orci. Vestibulum molestie lacus quis\r\nest condimentum aliquet.\r\n</p><p>In hac habitasse platea dictumst. Aenean euismod ullamcorper\r\nsuscipit. In hac habitasse platea dictumst. Curabitur gravida laoreet\r\nnulla, at dapibus eros molestie ut. Maecenas a semper quam. Fusce justo\r\nnibh, semper quis placerat nec, elementum nec neque. Phasellus gravida\r\nlacinia dui id commodo. In lacinia, odio at lacinia scelerisque, nisl\r\nvelit fringilla turpis, ac pretium orci mauris eget justo. </p><p>Vivamus\r\neleifend aliquet tortor, vel pretium sapien fermentum sed. Maecenas a\r\nnunc sapien, ac consequat metus. In placerat eleifend ipsum, a\r\nultricies magna vehicula sed. Sed vel velit eget nibh consequat\r\nlacinia. In hac habitasse platea dictumst. Fusce eleifend odio eu dolor\r\nlaoreet imperdiet. Nam eget metus est. Etiam quam orci, dictum at\r\naliquet at, interdum eget est. Nunc ornare tortor quis tellus ornare\r\nvehicula. Phasellus eu elementum libero. Fusce non massa nunc.\r\n</p>"}}, {
"pk": 2, "model": "text.text", "fields": {"body": "<h1>Terms of Service</h1><p>Fusce dapibus vehicula interdum. Vivamus rhoncus porttitor dolor. Donec\r\ntincidunt quam at ligula fermentum ultrices. Nunc id est massa. Fusce\r\npellentesque magna et nulla iaculis et sollicitudin metus adipiscing. </p><p>Donec placerat pellentesque dictum. Aliquam id purus hendrerit odio\r\nfringilla dignissim eget at leo. Nunc urna purus, semper quis aliquet\r\nvitae, venenatis a erat. </p><p>Maecenas id laoreet arcu. Curabitur quis\r\nlectus ac quam consequat placerat et eu massa. Sed non orci in odio\r\nfeugiat mattis eget et purus. Aenean sed magna iaculis sapien porttitor\r\ndignissim. Curabitur nunc justo, semper sed venenatis sed, dapibus in\r\nsapien. Integer consequat ultrices imperdiet. Nam luctus ante a enim\r\nmalesuada auctor. </p><p>Vestibulum pulvinar blandit dignissim.\r\n</p>"}}, {
"pk": 3, "model": "text.text", "fields": {"body": "<h1>About EPIWork Survey</h1><p>Donec eu posuere mi. In ipsum ipsum, semper at adipiscing eget,\r\nmolestie ac turpis. Sed pretium leo non lorem consequat et volutpat\r\nmassa accumsan. Nunc sollicitudin egestas ligula, id adipiscing tortor\r\naliquet nec. </p><p>Quisque et lacus sed erat faucibus tristique. In hac\r\nhabitasse platea dictumst. Nunc sollicitudin dui laoreet mi rutrum eget\r\nscelerisque risus ullamcorper. Vestibulum scelerisque sagittis nisl\r\nvitae volutpat. Vivamus a ligula lacus, varius egestas justo.\r\nPellentesque nec quam convallis sapien viverra egestas in nec lectus.\r\nNam et dui id velit hendrerit hendrerit. Donec id sollicitudin turpis.\r\nPellentesque in erat id nisl faucibus ultrices. Donec consectetur\r\ntortor sit amet dui dignissim malesuada.\r\n</p>"}}, {
"pk": 4, "model": "text.text", "fields": {"body": "<h1>Contact</h1><p>Proin vulputate, nisl sit amet condimentum interdum, ligula metus\r\nscelerisque nulla, sed volutpat mauris dolor non sapien. Nunc non felis\r\nmetus. Curabitur porta rutrum massa eu vestibulum. Aenean non erat id\r\npurus hendrerit pretium. Aenean nec mi at turpis vehicula hendrerit.\r\nNulla in libero ac nulla egestas hendrerit sed fermentum turpis. Nunc\r\nvarius bibendum neque, a sodales leo rhoncus eu.</p>"}}, {
"pk": 5, "model": "text.text", "fields": {"body": "<h1>Welcome!</h1><p>Mauris eu justo eu elit vehicula condimentum imperdiet quis lectus.\r\nInteger leo enim, faucibus lobortis egestas in, aliquam a quam. Fusce\r\npulvinar arcu ut diam hendrerit ut congue eros iaculis. In blandit,\r\nnulla id faucibus condimentum, nunc velit malesuada velit, quis\r\nfacilisis nunc nulla eu purus. Sed vitae eros eu nisl tincidunt viverra\r\nat sit amet massa. Integer sodales rutrum tincidunt. </p><p>Cum sociis natoque\r\npenatibus et magnis dis parturient montes, nascetur ridiculus mus. Sed\r\net enim sit amet nulla convallis posuere eu et libero. Sed eu odio\r\narcu, a malesuada tellus. Quisque sed metus quam. Cras placerat congue\r\ndui sit amet eleifend. Ut varius felis vel urna feugiat quis sodales\r\nnisl tincidunt. </p><p>Quisque ut magna in risus hendrerit tempor sit amet sit\r\namet orci. Mauris a leo vel metus gravida auctor. Donec ut nibh quam,\r\nblandit eleifend elit. Quisque elementum neque vel libero sollicitudin\r\na fermentum sem vehicula. Donec varius pretium quam, ac rhoncus augue\r\ncongue ut.\r\n</p>"}}, {
"pk": 2, "model": "cmsplugin_news.news", "fields": {"updated": "2010-01-18 08:35:25", "title": "Flu Survey", "created": "2010-01-18 08:35:25", "excerpt": "Cras eu magna tortor. Morbi diam mauris, sollicitudin nec vulputate dictum, commodo in nulla. Aliquam lobortis lectus condimentum nunc gravida in vulputate turpis hendrerit. Sed iaculis lectus ut diam lobortis dapibus.", "content": "<p>Etiam nec mi ut neque posuere aliquet et quis augue.\r\nVestibulum ultricies vehicula laoreet. Nullam nec arcu mi, vitae\r\nposuere justo. Vestibulum turpis nisl, eleifend vitae rhoncus vitae,\r\nconsequat a tortor. Aenean molestie sollicitudin sem eget eleifend.\r\nNulla vitae dolor eu nisl pretium semper ut eu justo. Aliquam tempor\r\neuismod pulvinar. </p><p>Nunc a dui nulla, vitae malesuada felis. Phasellus\r\nvestibulum ultrices fermentum. Morbi eget eros purus, nec vestibulum\r\nturpis.\r\n</p><p>Suspendisse non mattis turpis. Nullam tincidunt ante sed elit\r\ntristique cursus. Nullam vestibulum felis eu nunc dapibus non luctus\r\nvelit porttitor. Sed rhoncus, eros sed dignissim vehicula, sapien augue\r\ntempor erat, vitae rutrum augue arcu ac massa. Aenean non diam elit.\r\nAliquam egestas nisi vitae sem consectetur mattis. Nullam libero magna,\r\nimperdiet id elementum vitae, blandit eu sapien. </p><p>Proin dictum, est nec\r\nmattis vestibulum, neque tellus interdum magna, eu vestibulum lectus\r\nneque ac enim. Quisque nec sem enim, eleifend vulputate velit. Fusce\r\nurna diam, luctus ut lobortis sed, pulvinar quis nisl. </p><p>Aenean rhoncus\r\ncommodo dolor vitae tempor. In purus magna, porta eget dignissim at,\r\nplacerat sit amet tortor. Sed imperdiet luctus hendrerit. Integer lacus\r\nnibh, dapibus quis aliquam ut, hendrerit sit amet nunc. Aliquam\r\nullamcorper, lectus cursus tincidunt consequat, elit justo euismod\r\nturpis, a euismod leo ligula ac ante. </p><p>Donec vitae ornare odio. Vivamus\r\neuismod pellentesque sapien quis dignissim.\r\n</p>", "pub_date": "2010-01-18 08:43:04", "slug": "flu-survey", "is_published": true}}, {
"pk": 1, "model": "cmsplugin_news.news", "fields": {"updated": "2010-01-18 08:34:12", "title": "New Website", "created": "2010-01-18 08:34:12", "excerpt": "", "content": "<p>Lorem ipsum dolor sit amet, consectetur adipiscing elit. Cras at sapien\r\nsed massa pulvinar congue sit amet nec nisl. Mauris consectetur\r\nfaucibus arcu, in semper sapien pretium viverra. Nullam risus leo,\r\nvestibulum eget fringilla eget, congue ac augue. </p><p>Nullam nec est\r\ndignissim nibh accumsan suscipit. Phasellus lobortis commodo diam sit\r\namet imperdiet. Praesent sit amet odio elit, ac suscipit nulla. Sed\r\naliquam venenatis purus sed tincidunt. Proin sit amet mauris erat, eget\r\ntincidunt lorem. </p><p>In egestas vehicula massa, eu iaculis urna\r\npellentesque a. Integer sed rutrum leo. Morbi aliquam orci quis sapien\r\nultricies dignissim.\r\n</p>", "pub_date": "2010-01-18 08:33:04", "slug": "new-website", "is_published": true}}, {
"pk": 6, "model": "cmsplugin_news.latestnewsplugin", "fields": {"limit": 5}}, {
"pk": 7, "model": "cms.page", "fields": {"rght": 2, "navigation_extenders": null, "site": 1, "creation_date": "2010-01-17 11:38:37", "lft": 1, "in_navigation": true, "reverse_id": null, "login_required": false, "created_by": "admin", "publication_end_date": null, "moderator_state": 0, "template": "cms/base_2col.html", "tree_id": 1, "parent": null, "publisher_state": 1, "soft_root": false, "menu_login_required": false, "publication_date": null, "publisher_public": null, "level": 0, "changed_by": "admin", "publisher_is_draft": true, "published": true}}, {
"pk": 2, "model": "cms.page", "fields": {"rght": 2, "navigation_extenders": null, "site": 1, "creation_date": "2010-01-17 10:45:22", "lft": 1, "in_navigation": true, "reverse_id": null, "login_required": false, "created_by": "admin", "publication_end_date": null, "moderator_state": 0, "template": "cms/base_1col.html", "tree_id": 2, "parent": null, "publisher_state": 1, "soft_root": false, "menu_login_required": false, "publication_date": null, "publisher_public": null, "level": 0, "changed_by": "admin", "publisher_is_draft": true, "published": true}}, {
"pk": 1, "model": "cms.page", "fields": {"rght": 2, "navigation_extenders": "cmsplugin_news.navigation.get_nodes", "site": 1, "creation_date": "2010-01-17 10:44:45", "lft": 1, "in_navigation": true, "reverse_id": null, "login_required": false, "created_by": "admin", "publication_end_date": null, "moderator_state": 1, "template": "cms/base_1col.html", "tree_id": 3, "parent": null, "publisher_state": 1, "soft_root": false, "menu_login_required": false, "publication_date": null, "publisher_public": null, "level": 0, "changed_by": "admin", "publisher_is_draft": true, "published": true}}, {
"pk": 8, "model": "cms.page", "fields": {"rght": 2, "navigation_extenders": null, "site": 1, "creation_date": "2010-01-17 15:22:39", "lft": 1, "in_navigation": true, "reverse_id": null, "login_required": false, "created_by": "admin", "publication_end_date": null, "moderator_state": 0, "template": "cms/base_1col.html", "tree_id": 4, "parent": null, "publisher_state": 1, "soft_root": false, "menu_login_required": false, "publication_date": null, "publisher_public": null, "level": 0, "changed_by": "admin", "publisher_is_draft": true, "published": true}}, {
"pk": 3, "model": "cms.page", "fields": {"rght": 2, "navigation_extenders": null, "site": 1, "creation_date": "2010-01-17 10:45:58", "lft": 1, "in_navigation": true, "reverse_id": null, "login_required": false, "created_by": "admin", "publication_end_date": null, "moderator_state": 1, "template": "cms/base_1col.html", "tree_id": 5, "parent": null, "publisher_state": 1, "soft_root": false, "menu_login_required": false, "publication_date": null, "publisher_public": null, "level": 0, "changed_by": "admin", "publisher_is_draft": true, "published": true}}, {
"pk": 4, "model": "cms.page", "fields": {"rght": 6, "navigation_extenders": null, "site": 1, "creation_date": "2010-01-17 11:35:36", "lft": 1, "in_navigation": false, "reverse_id": null, "login_required": false, "created_by": "admin", "publication_end_date": null, "moderator_state": 0, "template": "cms/base_1col.html", "tree_id": 6, "parent": null, "publisher_state": 1, "soft_root": false, "menu_login_required": false, "publication_date": null, "publisher_public": null, "level": 0, "changed_by": "admin", "publisher_is_draft": true, "published": false}}, {
"pk": 6, "model": "cms.page", "fields": {"rght": 3, "navigation_extenders": null, "site": 1, "creation_date": "2010-01-17 11:36:01", "lft": 2, "in_navigation": false, "reverse_id": null, "login_required": false, "created_by": "admin", "publication_end_date": null, "moderator_state": 0, "template": "cms/base_1col.html", "tree_id": 6, "parent": 4, "publisher_state": 1, "soft_root": false, "menu_login_required": false, "publication_date": null, "publisher_public": null, "level": 1, "changed_by": "admin", "publisher_is_draft": true, "published": true}}, {
"pk": 5, "model": "cms.page", "fields": {"rght": 5, "navigation_extenders": null, "site": 1, "creation_date": "2010-01-17 11:35:50", "lft": 4, "in_navigation": false, "reverse_id": null, "login_required": false, "created_by": "admin", "publication_end_date": null, "moderator_state": 0, "template": "cms/base_1col.html", "tree_id": 6, "parent": 4, "publisher_state": 1, "soft_root": false, "menu_login_required": false, "publication_date": null, "publisher_public": null, "level": 1, "changed_by": "admin", "publisher_is_draft": true, "published": true}}, {
"pk": 1, "model": "cms.cmsplugin", "fields": {"publisher_public": null, "rght": 2, "language": "en", "parent": null, "level": 0, "publisher_is_draft": true, "publisher_state": 1, "lft": 1, "tree_id": 1, "position": 0, "creation_date": "2010-01-17 11:36:15", "placeholder": "content", "page": 6, "plugin_type": "TextPlugin"}}, {
"pk": 2, "model": "cms.cmsplugin", "fields": {"publisher_public": null, "rght": 2, "language": "en", "parent": null, "level": 0, "publisher_is_draft": true, "publisher_state": 1, "lft": 1, "tree_id": 2, "position": 0, "creation_date": "2010-01-17 11:36:36", "placeholder": "content", "page": 5, "plugin_type": "TextPlugin"}}, {
"pk": 3, "model": "cms.cmsplugin", "fields": {"publisher_public": null, "rght": 2, "language": "en", "parent": null, "level": 0, "publisher_is_draft": true, "publisher_state": 1, "lft": 1, "tree_id": 3, "position": 0, "creation_date": "2010-01-17 11:39:12", "placeholder": "content", "page": 2, "plugin_type": "TextPlugin"}}, {
"pk": 4, "model": "cms.cmsplugin", "fields": {"publisher_public": null, "rght": 2, "language": "en", "parent": null, "level": 0, "publisher_is_draft": true, "publisher_state": 1, "lft": 1, "tree_id": 4, "position": 0, "creation_date": "2010-01-17 15:22:54", "placeholder": "content", "page": 8, "plugin_type": "TextPlugin"}}, {
"pk": 5, "model": "cms.cmsplugin", "fields": {"publisher_public": null, "rght": 2, "language": "en", "parent": null, "level": 0, "publisher_is_draft": true, "publisher_state": 1, "lft": 1, "tree_id": 5, "position": 0, "creation_date": "2010-01-18 08:36:08", "placeholder": "content", "page": 7, "plugin_type": "TextPlugin"}}, {
"pk": 6, "model": "cms.cmsplugin", "fields": {"publisher_public": null, "rght": 2, "language": "en", "parent": null, "level": 0, "publisher_is_draft": true, "publisher_state": 1, "lft": 1, "tree_id": 6, "position": 0, "creation_date": "2010-01-18 08:36:39", "placeholder": "sidebar", "page": 7, "plugin_type": "CMSLatestNewsPlugin"}}, {
"pk": 7, "model": "cms.cmsplugin", "fields": {"publisher_public": null, "rght": 2, "language": "en", "parent": null, "level": 0, "publisher_is_draft": true, "publisher_state": 1, "lft": 1, "tree_id": 7, "position": 1, "creation_date": "2010-01-18 10:32:47", "placeholder": "sidebar", "page": 7, "plugin_type": "BannerPlugin"}}, {
"pk": 8, "model": "cms.cmsplugin", "fields": {"publisher_public": null, "rght": 2, "language": "en", "parent": null, "level": 0, "publisher_is_draft": true, "publisher_state": 1, "lft": 1, "tree_id": 8, "position": 1, "creation_date": "2010-01-18 10:35:47", "placeholder": "content", "page": 7, "plugin_type": "BannerPlugin"}}, {
"pk": 1, "model": "cms.title", "fields": {"publisher_public": null, "menu_title": "", "meta_keywords": "", "page_title": "", "language": "en", "title": "News", "has_url_overwrite": false, "application_urls": "cmsplugin_news.urls", "creation_date": "2010-01-17 10:44:45", "publisher_is_draft": true, "publisher_state": 1, "path": "news", "meta_description": "", "slug": "news", "redirect": "", "page": 1}}, {
"pk": 2, "model": "cms.title", "fields": {"publisher_public": null, "menu_title": "", "meta_keywords": "", "page_title": "", "language": "en", "title": "About", "has_url_overwrite": false, "application_urls": "", "creation_date": "2010-01-17 10:45:22", "publisher_is_draft": true, "publisher_state": 1, "path": "about", "meta_description": "", "slug": "about", "redirect": "", "page": 2}}, {
"pk": 3, "model": "cms.title", "fields": {"publisher_public": null, "menu_title": null, "meta_keywords": null, "page_title": null, "language": "en", "title": "Survey", "has_url_overwrite": false, "application_urls": null, "creation_date": "2010-01-17 10:45:58", "publisher_is_draft": true, "publisher_state": 1, "path": "survey", "meta_description": null, "slug": "survey", "redirect": null, "page": 3}}, {
"pk": 4, "model": "cms.title", "fields": {"publisher_public": null, "menu_title": null, "meta_keywords": null, "page_title": null, "language": "en", "title": "Documentation", "has_url_overwrite": false, "application_urls": null, "creation_date": "2010-01-17 11:35:36", "publisher_is_draft": true, "publisher_state": 1, "path": "doc", "meta_description": null, "slug": "doc", "redirect": null, "page": 4}}, {
"pk": 5, "model": "cms.title", "fields": {"publisher_public": null, "menu_title": "", "meta_keywords": "", "page_title": "", "language": "en", "title": "Terms of Service", "has_url_overwrite": false, "application_urls": "", "creation_date": "2010-01-17 11:35:50", "publisher_is_draft": true, "publisher_state": 1, "path": "doc/terms", "meta_description": "", "slug": "terms", "redirect": "", "page": 5}}, {
"pk": 6, "model": "cms.title", "fields": {"publisher_public": null, "menu_title": "", "meta_keywords": "", "page_title": "", "language": "en", "title": "Privacy Policy", "has_url_overwrite": false, "application_urls": "", "creation_date": "2010-01-17 11:36:01", "publisher_is_draft": true, "publisher_state": 1, "path": "doc/privacy", "meta_description": "", "slug": "privacy", "redirect": "", "page": 6}}, {
"pk": 7, "model": "cms.title", "fields": {"publisher_public": null, "menu_title": "", "meta_keywords": "", "page_title": "", "language": "en", "title": "Home", "has_url_overwrite": false, "application_urls": "", "creation_date": "2010-01-17 11:38:37", "publisher_is_draft": true, "publisher_state": 1, "path": "home", "meta_description": "", "slug": "home", "redirect": "", "page": 7}}, {
"pk": 8, "model": "cms.title", "fields": {"publisher_public": null, "menu_title": "", "meta_keywords": "", "page_title": "", "language": "en", "title": "Contact", "has_url_overwrite": false, "application_urls": "", "creation_date": "2010-01-17 15:22:39", "publisher_is_draft": true, "publisher_state": 1, "path": "contact", "meta_description": "", "slug": "contact", "redirect": "", "page": 8}}]
